profile,authority,authority_vocab,used_in_profile,controlled_field_ct,controlled_fields
core_10-2-0,chronology,chronology/era,y,9,"Chronology: Associated event/era
NAGPRA Inventory: Time period era
Object: Associated controlled event or period/era (#<CspaceConfigUntangler::Message:0x000000014d6ddde8>)
Object: Content controlled event or period/era (#<CspaceConfigUntangler::Message:0x000000014d6de608>)
Object: Production era
Person: Associated event/era
Place: Associated event/era
Repatriation Request: Time period era
Summary Documentation: Time period era"
core_10-2-0,chronology,chronology/event,y,5,"Chronology: Associated event/era
Object: Associated controlled event or period/era (#<CspaceConfigUntangler::Message:0x000000014d6ddde8>)
Object: Content controlled event or period/era (#<CspaceConfigUntangler::Message:0x000000014d6de608>)
Person: Associated event/era
Place: Associated event/era"
core_10-2-0,citation,citation/local,y,30,"Chronology: Alternative date citation
Chronology: Associated concept citation
Chronology: Associated event/era citation
Chronology: Associated organization citation
Chronology: Associated people citation
Chronology: Associated person citation
Chronology: Associated place citation
Chronology: Resource identifier citation
Chronology: Term source name (#<CspaceConfigUntangler::Message:0x00000001223517e0>)
Citation: Term source name (#<CspaceConfigUntangler::Message:0x00000001228f2f50>)
Concept: Term source name (#<CspaceConfigUntangler::Message:0x000000012c9d1318>)
Exhibition: Bibliographic reference
Object: Reference
Organization: Term source name (#<CspaceConfigUntangler::Message:0x0000000142fb09d0>)
Person: Associated concept citation
Person: Associated event/era citation
Person: Associated organization citation
Person: Associated people citation
Person: Associated person citation
Person: Associated place citation
Person: Term source name (#<CspaceConfigUntangler::Message:0x00000001436f5740>)
Place: Associated concept citation
Place: Associated event/era citation
Place: Associated organization citation
Place: Associated people citation
Place: Associated person citation
Place: Associated place citation
Place: Term source name (#<CspaceConfigUntangler::Message:0x000000014ae1bb30>)
Storage Location: Term source name (#<CspaceConfigUntangler::Message:0x000000013d197998>)
Work: Term source name (#<CspaceConfigUntangler::Message:0x000000014cd17598>)"
core_10-2-0,citation,citation/worldcat,y,30,"Chronology: Alternative date citation
Chronology: Associated concept citation
Chronology: Associated event/era citation
Chronology: Associated organization citation
Chronology: Associated people citation
Chronology: Associated person citation
Chronology: Associated place citation
Chronology: Resource identifier citation
Chronology: Term source name (#<CspaceConfigUntangler::Message:0x00000001223517e0>)
Citation: Term source name (#<CspaceConfigUntangler::Message:0x00000001228f2f50>)
Concept: Term source name (#<CspaceConfigUntangler::Message:0x000000012c9d1318>)
Exhibition: Bibliographic reference
Object: Reference
Organization: Term source name (#<CspaceConfigUntangler::Message:0x0000000142fb09d0>)
Person: Associated concept citation
Person: Associated event/era citation
Person: Associated organization citation
Person: Associated people citation
Person: Associated person citation
Person: Associated place citation
Person: Term source name (#<CspaceConfigUntangler::Message:0x00000001436f5740>)
Place: Associated concept citation
Place: Associated event/era citation
Place: Associated organization citation
Place: Associated people citation
Place: Associated person citation
Place: Associated place citation
Place: Term source name (#<CspaceConfigUntangler::Message:0x000000014ae1bb30>)
Storage Location: Term source name (#<CspaceConfigUntangler::Message:0x000000013d197998>)
Work: Term source name (#<CspaceConfigUntangler::Message:0x000000014cd17598>)"
core_10-2-0,concept,concept/activity,y,4,"Chronology: Associated concept
Citation: Related term
Person: Associated concept
Place: Associated concept"
core_10-2-0,concept,concept/archculture,y,3,"NAGPRA Inventory: Cultural group name
Repatriation Request: Cultural group name
Summary Documentation: Cultural group name"
core_10-2-0,concept,concept/associated,y,9,"Chronology: Associated concept
Chronology: Associated people
Citation: Related term
Object: Associated concept (#<CspaceConfigUntangler::Message:0x000000014d6ddde8>)
Object: Content concept (#<CspaceConfigUntangler::Message:0x000000014d6de608>)
Person: Associated concept
Person: Associated people
Place: Associated concept
Place: Associated people"
core_10-2-0,concept,concept/ethculture,y,4,"Intake: Field collection source
NAGPRA Inventory: Cultural group name
Repatriation Request: Cultural group name
Summary Documentation: Cultural group name"
core_10-2-0,concept,concept/material,y,6,"Chronology: Associated concept
Citation: Related term
Object: Content concept (#<CspaceConfigUntangler::Message:0x000000014d6de608>)
Object: Material controlled
Person: Associated concept
Place: Associated concept"
core_10-2-0,concept,concept/nomenclature,y,4,"Chronology: Associated concept
Object: Object name controlled
Person: Associated concept
Place: Associated concept"
core_10-2-0,concept,concept/occasion,y,4,"Chronology: Associated concept
Person: Associated concept
Place: Associated concept
Use of Collections: Occasion"
core_10-2-0,location,location/local,y,7,"Exhibition: Venue name
Intake: Current location
Intake: Normal location
Location/Movement/Inventory: Current location (#<CspaceConfigUntangler::Message:0x0000000141315dc0>)
Location/Movement/Inventory: Normal location
Object: Computed current location
Use of Collections: Location"
core_10-2-0,location,location/offsite,y,6,"Exhibition: Venue name
Intake: Current location
Intake: Normal location
Location/Movement/Inventory: Current location (#<CspaceConfigUntangler::Message:0x0000000141315dc0>)
Location/Movement/Inventory: Normal location
Object: Computed current location"
core_10-2-0,organization,organization/local,y,101,"Acquisitions: Acquisition source
Acquisitions: Funding source
Acquisitions: Owner
Acquisitions: Parties involved on behalf of
Chronology: Associated organization
Citation: Agent name
Citation: Publisher
Condition Check: Checker/assessor
Conservation: Conservator
Conservation: Other treatment party name
Consultation: Parties involved on behalf of
Deaccession: Exit recipient
Deaccession: Parties involved on behalf of
Duty of Care: Duty of care detail determined by
Duty of Care: Parties involved on behalf of
Exhibition: Organizer
Exhibition: Sponsor
Exhibition: Venue name
Exhibition: Working group member name
Held-in-Trust: Access limitation requested on behalf of
Held-in-Trust: Correspondence recipient
Held-in-Trust: Correspondence sender
Held-in-Trust: Owner
Insurance/Indemnity: Insurer/indemnifier
Insurance/Indemnity: Quote provider
Intake: Condition check assessor
Intake: Current location
Intake: Current owner
Intake: Depositor name
Intake: Field collector
Intake: Insurer
Intake: Normal location
Intake: Valuer
Iteration Report: Exhibition approval entity
Iteration Report: Further installation detail approval entity
Iteration Report: Installed equipment approval entity
Iteration Report: Iteration creator/supervisor name
Iteration Report: Iteration-specific modification approval entity
Iteration Report: Security approval entity
Iteration Report: Space, as installed approval entity
Iteration Report: Technical setup approval entity
Loan In: Lender name
Loan Out: Borrower name (#<CspaceConfigUntangler::Message:0x000000013cef4e70>)
Location/Movement/Inventory: Current location (#<CspaceConfigUntangler::Message:0x0000000141315dc0>)
Location/Movement/Inventory: Normal location
Media Handling: Contributor
Media Handling: Creator
Media Handling: Measured by
Media Handling: Publisher
Media Handling: Rights holder
NAGPRA Inventory: Inventory cultural affiliation determined by
NAGPRA Inventory: Inventory cultural affiliation tribe/nation
NAGPRA Inventory: Parties involved on behalf of
Object Exit (Legacy): Current owner
Object Exit (Legacy): Depositor
Object Exit (Legacy): Disposal proposed recipient
Object Exit (Legacy): Disposal recipient
Object Exit: Exit agent name
Object Exit: Owner after exit
Object: Associated event organization (#<CspaceConfigUntangler::Message:0x000000014d6ddde8>)
Object: Associated organization (#<CspaceConfigUntangler::Message:0x000000014d6ddde8>)
Object: Computed current location
Object: Content organization (#<CspaceConfigUntangler::Message:0x000000014d6de608>)
Object: Domain host
Object: Domain owner
Object: Field collection source
Object: Field collector
Object: Measured by
Object: Non-textual inscription inscriber (#<CspaceConfigUntangler::Message:0x000000014d6de2e8>)
Object: Owner
Object: Production organization
Object: Right holder contact
Object: Right holder name
Object: Textual inscription inscriber (#<CspaceConfigUntangler::Message:0x000000014d6de478>)
Person: Associated organization
Place: Associated organization
Place: Georeferenced by
Place: Owner
Repatriation Request: Parties involved on behalf of
Restricted Media Handling: Contributor
Restricted Media Handling: Creator
Restricted Media Handling: Measured by
Restricted Media Handling: Publisher
Restricted Media Handling: Rights holder
Summary Documentation: Parties involved on behalf of
Summary Documentation: Summary affiliation determined by
Summary Documentation: Summary affiliation tribe/nation
Transport: Arrival point (#<CspaceConfigUntangler::Message:0x000000014bcfc050>)
Transport: Courier name
Transport: Customs broker name (#<CspaceConfigUntangler::Message:0x000000014bcfbdd0>)
Transport: Departure point (#<CspaceConfigUntangler::Message:0x000000014bcfc140>)
Transport: Shipping quote provider
Transport: Transporter name (#<CspaceConfigUntangler::Message:0x000000014bcfc320>)
Use of Collections: Authorized by
Use of Collections: Location
Use of Collections: Staff name
Use of Collections: User institution
Use of Collections: User name
Valuation Control: Source
Work: Creator name
Work: Publisher name"
core_10-2-0,organization,organization/ulan,y,10,"Chronology: Associated organization
Exhibition: Organizer
Exhibition: Sponsor
Exhibition: Venue name
Exhibition: Working group member name
Insurance/Indemnity: Insurer/indemnifier
Insurance/Indemnity: Quote provider
Object: Content organization (#<CspaceConfigUntangler::Message:0x000000014d6de608>)
Person: Associated organization
Place: Associated organization"
core_10-2-0,person,person/local,y,131,"Acquisitions: Acquisition source
Acquisitions: Approval individual (#<CspaceConfigUntangler::Message:0x0000000130c7e940>)
Acquisitions: Authorizer (#<CspaceConfigUntangler::Message:0x0000000130c128a8>)
Acquisitions: Funding source
Acquisitions: Owner
Acquisitions: Parties involved person
Chronology: Associated person
Citation: Agent name
Condition Check: Checker/assessor
Conservation: Analysis researcher
Conservation: Approved by
Conservation: Conservator
Conservation: Destructive analysis sample taken by
Conservation: Examination staff
Conservation: Other treatment party name
Consultation: Consultation log recipient
Consultation: Parties involved person
Deaccession: Deaccession approval individual (#<CspaceConfigUntangler::Message:0x000000012e35b040>)
Deaccession: Exit recipient
Deaccession: Parties involved person
Duty of Care: Duty of care detail determined by
Duty of Care: Parties involved person
Exhibition: Organizer
Exhibition: Sponsor
Exhibition: Working group member name
Group: Group owner
Held-in-Trust: Access limitation requester
Held-in-Trust: Correspondence recipient
Held-in-Trust: Correspondence sender
Held-in-Trust: Held-in-Trust status individual
Held-in-Trust: Owner
Insurance/Indemnity: Authorizer (#<CspaceConfigUntangler::Message:0x000000013ae3c138>)
Insurance/Indemnity: Insurer/indemnifier
Insurance/Indemnity: Quote provider
Intake: Approval individual (#<CspaceConfigUntangler::Message:0x000000012dc108d0>)
Intake: Condition check assessor
Intake: Current owner
Intake: Depositor name
Intake: Field collection source
Intake: Field collector
Intake: Insurer
Intake: Valuer
Iteration Report: Artist or representative
Iteration Report: Exhibition approval entity
Iteration Report: Further installation detail approval entity
Iteration Report: Installed equipment approval entity
Iteration Report: Installer name
Iteration Report: Iteration creator/supervisor name
Iteration Report: Iteration evaluation evaluator (#<CspaceConfigUntangler::Message:0x000000013bfd93f0>)
Iteration Report: Iteration-specific modification approval entity
Iteration Report: Maintenance contact
Iteration Report: Security approval entity
Iteration Report: Space, as installed approval entity
Iteration Report: Technical setup approval entity
Loan In: Borrower authorizer (#<CspaceConfigUntangler::Message:0x000000013ccfd3b0>)
Loan In: Borrower contact (#<CspaceConfigUntangler::Message:0x000000013ccfd3b0>)
Loan In: Lender authorizer
Loan In: Lender contact
Loan In: Lender name
Loan In: Loan status individual
Loan Out: Borrower authorizer (#<CspaceConfigUntangler::Message:0x000000013cef4e70>)
Loan Out: Borrower contact (#<CspaceConfigUntangler::Message:0x000000013cef4e70>)
Loan Out: Borrower name (#<CspaceConfigUntangler::Message:0x000000013cef4e70>)
Loan Out: Lender authorizer (#<CspaceConfigUntangler::Message:0x000000013cef4d80>)
Loan Out: Lender contact (#<CspaceConfigUntangler::Message:0x000000013cef4d80>)
Loan Out: Loan status individual
Location/Movement/Inventory: Inventory contact
Location/Movement/Inventory: Movement contact
Media Handling: Contributor
Media Handling: Creator
Media Handling: Measured by
Media Handling: Publisher
Media Handling: Rights holder
NAGPRA Inventory: Inventory cultural affiliation determined by
NAGPRA Inventory: Inventory documentation status individual
NAGPRA Inventory: Parties involved person
Object Exit (Legacy): Current owner
Object Exit (Legacy): Deaccession approval individual
Object Exit (Legacy): Deaccession authorizer
Object Exit (Legacy): Depositor
Object Exit (Legacy): Disposal proposed recipient
Object Exit (Legacy): Disposal recipient
Object Exit: Approval status individual
Object Exit: Exit agent name
Object Exit: Owner after exit
Object: Annotation author
Object: Associated event person (#<CspaceConfigUntangler::Message:0x000000014d6ddde8>)
Object: Associated person (#<CspaceConfigUntangler::Message:0x000000014d6ddde8>)
Object: Content person (#<CspaceConfigUntangler::Message:0x000000014d6de608>)
Object: Field collection source
Object: Field collector
Object: Measured by
Object: Non-textual inscription inscriber (#<CspaceConfigUntangler::Message:0x000000014d6de2e8>)
Object: Object count counted by
Object: Object significance assigned contact
Object: Owner
Object: Production person
Object: Right holder contact
Object: Right holder name
Object: Supplied by
Object: Textual inscription inscriber (#<CspaceConfigUntangler::Message:0x000000014d6de478>)
Organization: Contact name
Person: Associated person
Person: Other information author
Place: Associated person
Place: Georeferenced by
Place: Owner
Repatriation Request: Parties involved person
Repatriation Request: Repatriation request documentation status individual
Repatriation Request: Repatriation request status individual
Restricted Media Handling: Contributor
Restricted Media Handling: Creator
Restricted Media Handling: Measured by
Restricted Media Handling: Publisher
Restricted Media Handling: Rights holder
Summary Documentation: Parties involved person
Summary Documentation: Summary affiliation determined by
Summary Documentation: Summary documentation status individual
Transport: Courier name
Transport: Customs broker contact (#<CspaceConfigUntangler::Message:0x000000014bcfbdd0>)
Transport: Customs broker name (#<CspaceConfigUntangler::Message:0x000000014bcfbdd0>)
Transport: Shipping quote provider
Transport: Transport authorizer (#<CspaceConfigUntangler::Message:0x000000014bcfc230>)
Transport: Transporter contact (#<CspaceConfigUntangler::Message:0x000000014bcfc320>)
Transport: Transporter name (#<CspaceConfigUntangler::Message:0x000000014bcfc320>)
Use of Collections: Authorized by
Use of Collections: Staff name
Use of Collections: User name
Valuation Control: Source
Work: Creator name
Work: Publisher name"
core_10-2-0,person,person/ulan,y,14,"Chronology: Associated person
Citation: Agent name
Exhibition: Organizer
Exhibition: Sponsor
Exhibition: Working group member name
Insurance/Indemnity: Authorizer (#<CspaceConfigUntangler::Message:0x000000013ae3c138>)
Insurance/Indemnity: Insurer/indemnifier
Insurance/Indemnity: Quote provider
Object: Content person (#<CspaceConfigUntangler::Message:0x000000014d6de608>)
Object: Object count counted by
Object: Object significance assigned contact
Object: Supplied by
Person: Associated person
Place: Associated person"
core_10-2-0,place,place/archaeological,y,4,"NAGPRA Inventory: Archaeological site name
Object: Field collection site
Repatriation Request: Archaeological site name
Summary Documentation: Archaeological site name"
core_10-2-0,place,place/local,y,24,"Chronology: Alternative date spatial coverage
Chronology: Associated place
Chronology: Spatial coverage
Citation: Publication place
Exhibition: Venue name
Intake: Current location
Intake: Normal location
NAGPRA Inventory: Place represented name
Object: Content place (controlled) (#<CspaceConfigUntangler::Message:0x000000014d6de608>)
Object: Field collection place
Person: Associated place
Person: Birth place supplied
Place: Address country
Place: Address municipality
Place: Address state/province
Place: Associated place
Repatriation Request: Place represented name
Summary Documentation: Place represented name
Transport: Arrival point (#<CspaceConfigUntangler::Message:0x000000014bcfc050>)
Transport: Departure point (#<CspaceConfigUntangler::Message:0x000000014bcfc140>)
Use of Collections: Location
Work: Address country
Work: Address municipality
Work: Address state/province"
core_10-2-0,place,place/tgn,y,14,"Chronology: Alternative date spatial coverage
Chronology: Associated place
Chronology: Spatial coverage
Citation: Publication place
Exhibition: Venue name
Object: Field collection place
Person: Associated place
Place: Address country
Place: Address municipality
Place: Address state/province
Place: Associated place
Work: Address country
Work: Address municipality
Work: Address state/province"
core_10-2-0,work,work/cona,n,0,""
core_10-2-0,work,work/local,y,1,Object: Named collection
materials_4-1-1,citation,citation/local,y,9,"Citation: Term source name (#<CspaceConfigUntangler::Message:0x000000014ebf4c40>)
Concept: Term source name (#<CspaceConfigUntangler::Message:0x00000001251140b0>)
Material: Citation source
Material: Term source name (#<CspaceConfigUntangler::Message:0x000000014bab1c78>)
Organization: Term source name (#<CspaceConfigUntangler::Message:0x000000014e63fde0>)
Person: Term source name (#<CspaceConfigUntangler::Message:0x000000014d9fe2e8>)
Place: Term source name (#<CspaceConfigUntangler::Message:0x000000014cef6cd8>)
Storage Location: Term source name (#<CspaceConfigUntangler::Message:0x00000001223d2188>)
Work: Term source name (#<CspaceConfigUntangler::Message:0x000000014bebcd68>)"
materials_4-1-1,citation,citation/shared,y,8,"Citation: Term source name (#<CspaceConfigUntangler::Message:0x000000014ebf4c40>)
Concept: Term source name (#<CspaceConfigUntangler::Message:0x00000001251140b0>)
Material: Citation source
Material: Term source name (#<CspaceConfigUntangler::Message:0x000000014bab1c78>)
Person: Term source name (#<CspaceConfigUntangler::Message:0x000000014d9fe2e8>)
Place: Term source name (#<CspaceConfigUntangler::Message:0x000000014cef6cd8>)
Storage Location: Term source name (#<CspaceConfigUntangler::Message:0x00000001223d2188>)
Work: Term source name (#<CspaceConfigUntangler::Message:0x000000014bebcd68>)"
materials_4-1-1,concept,concept/archculture,n,0,""
materials_4-1-1,concept,concept/materialclassification,y,3,"Material: Composition class name
Material: Composition family name
Material: Composition generic name"
materials_4-1-1,concept,concept/nomenclature,n,0,""
materials_4-1-1,concept,concept/occasion,y,1,Use of Collections: Occasion
materials_4-1-1,concept,concept/sharedmaterialclassification,y,3,"Material: Composition class name
Material: Composition family name
Material: Composition generic name"
materials_4-1-1,location,location/local,y,4,"Location/Movement/Inventory: Current location
Location/Movement/Inventory: Normal location
Object: Computed current location
Use of Collections: Location"
materials_4-1-1,location,location/offsite,y,3,"Location/Movement/Inventory: Current location
Location/Movement/Inventory: Normal location
Object: Computed current location"
materials_4-1-1,material,material/local,y,2,"Media Handling: Coverage
Object: Material"
materials_4-1-1,material,material/shared,y,2,"Media Handling: Coverage
Object: Material"
materials_4-1-1,organization,organization/local,y,33,"Acquisitions: Acquisition source
Citation: Agent name
Citation: Publisher
Deaccession: Exit recipient
Deaccession: Parties involved on behalf of
Loan Out: Borrower
Location/Movement/Inventory: Current location
Location/Movement/Inventory: Normal location
Material: Discontinued by (#<CspaceConfigUntangler::Message:0x000000014bab1b88>)
Material: Production organization name
Material: Term creator organization
Material: Term editor organization
Media Handling: Contributor
Media Handling: Creator
Media Handling: Rights holder
Object Exit (Legacy): Current owner
Object Exit (Legacy): Depositor
Object Exit (Legacy): Disposal proposed recipient
Object Exit (Legacy): Disposal recipient
Object Exit: Exit agent name
Object Exit: Owner after exit
Object: Computed current location
Object: Production organization
Place: Georeferenced by
Place: Owner
Use of Collections: Authorized by
Use of Collections: Location
Use of Collections: Staff name
Use of Collections: User institution
Use of Collections: User name
Valuation Control: Source
Work: Creator name
Work: Publisher name"
materials_4-1-1,organization,organization/shared,y,27,"Acquisitions: Acquisition source
Loan Out: Borrower
Location/Movement/Inventory: Current location
Location/Movement/Inventory: Normal location
Material: Discontinued by (#<CspaceConfigUntangler::Message:0x000000014bab1b88>)
Material: Production organization name
Material: Term creator organization
Material: Term editor organization
Media Handling: Contributor
Media Handling: Creator
Media Handling: Rights holder
Object Exit (Legacy): Current owner
Object Exit (Legacy): Depositor
Object Exit (Legacy): Disposal proposed recipient
Object Exit (Legacy): Disposal recipient
Object: Computed current location
Object: Production organization
Place: Georeferenced by
Place: Owner
Use of Collections: Authorized by
Use of Collections: Location
Use of Collections: Staff name
Use of Collections: User institution
Use of Collections: User name
Valuation Control: Source
Work: Creator name
Work: Publisher name"
materials_4-1-1,person,person/local,y,38,"Acquisitions: Acquisition source
Acquisitions: Authorizer (#<CspaceConfigUntangler::Message:0x000000014d35d5d8>)
Citation: Agent name
Deaccession: Deaccession approval individual (#<CspaceConfigUntangler::Message:0x000000014dc7d7a8>)
Deaccession: Exit recipient
Deaccession: Parties involved person
Group: Group owner
Loan Out: Borrower
Loan Out: Lender authorizer
Loan Out: Loan status individual
Location/Movement/Inventory: Inventory contact
Location/Movement/Inventory: Movement contact
Material: Production person name
Material: Term creator contributor
Material: Term editor
Media Handling: Contributor
Media Handling: Creator
Media Handling: Rights holder
Object Exit (Legacy): Current owner
Object Exit (Legacy): Deaccession approval individual
Object Exit (Legacy): Deaccession authorizer
Object Exit (Legacy): Depositor
Object Exit (Legacy): Disposal proposed recipient
Object Exit (Legacy): Disposal recipient
Object Exit: Approval status individual
Object Exit: Exit agent name
Object Exit: Owner after exit
Object: Annotation author
Object: Production person
Organization: Contact name
Place: Georeferenced by
Place: Owner
Use of Collections: Authorized by
Use of Collections: Staff name
Use of Collections: User name
Valuation Control: Source
Work: Creator name
Work: Publisher name"
materials_4-1-1,person,person/shared,y,26,"Acquisitions: Acquisition source
Loan Out: Borrower
Loan Out: Lender authorizer
Loan Out: Loan status individual
Location/Movement/Inventory: Inventory contact
Location/Movement/Inventory: Movement contact
Material: Production person name
Material: Term creator contributor
Material: Term editor
Media Handling: Contributor
Media Handling: Creator
Media Handling: Rights holder
Object Exit (Legacy): Current owner
Object Exit (Legacy): Depositor
Object Exit (Legacy): Disposal proposed recipient
Object Exit (Legacy): Disposal recipient
Object: Annotation author
Object: Production person
Place: Georeferenced by
Place: Owner
Use of Collections: Authorized by
Use of Collections: Staff name
Use of Collections: User name
Valuation Control: Source
Work: Creator name
Work: Publisher name"
materials_4-1-1,place,place/local,y,7,"Citation: Publication place
Material: Production place name
Media Handling: Coverage
Use of Collections: Location
Work: Address country
Work: Address municipality
Work: Address state/province"
materials_4-1-1,place,place/shared,y,2,"Material: Production place name
Use of Collections: Location"
materials_4-1-1,work,work/local,y,3,"Material: Featured application name
Material: Featured collection name
Object: Named collection"
materials_4-1-1,work,work/shared,y,2,"Material: Featured application name
Material: Featured collection name"
publicart_7-1-0,citation,citation/local,y,7,"Citation: Term source name (#<CspaceConfigUntangler::Message:0x00000001338d2550>)
Concept: Term source name (#<CspaceConfigUntangler::Message:0x000000013a5f3f30>)
Organization: Term source name (#<CspaceConfigUntangler::Message:0x0000000142bb6320>)
Person: Term source name (#<CspaceConfigUntangler::Message:0x000000014321d7b8>)
Place: Term source name (#<CspaceConfigUntangler::Message:0x0000000144a172b0>)
Storage Location: Term source name (#<CspaceConfigUntangler::Message:0x000000013d376f98>)
Work: Term source name (#<CspaceConfigUntangler::Message:0x0000000145affb90>)"
publicart_7-1-0,citation,citation/worldcat,y,7,"Citation: Term source name (#<CspaceConfigUntangler::Message:0x00000001338d2550>)
Concept: Term source name (#<CspaceConfigUntangler::Message:0x000000013a5f3f30>)
Organization: Term source name (#<CspaceConfigUntangler::Message:0x0000000142bb6320>)
Person: Term source name (#<CspaceConfigUntangler::Message:0x000000014321d7b8>)
Place: Term source name (#<CspaceConfigUntangler::Message:0x0000000144a172b0>)
Storage Location: Term source name (#<CspaceConfigUntangler::Message:0x000000013d376f98>)
Work: Term source name (#<CspaceConfigUntangler::Message:0x0000000145affb90>)"
publicart_7-1-0,concept,concept/archculture,n,0,""
publicart_7-1-0,concept,concept/associated,y,2,"Citation: Related term
Object: Artwork tag"
publicart_7-1-0,concept,concept/ethculture,n,0,""
publicart_7-1-0,concept,concept/material,y,2,"Citation: Related term
Object: Material"
publicart_7-1-0,concept,concept/nomenclature,n,0,""
publicart_7-1-0,concept,concept/occasion,n,0,""
publicart_7-1-0,concept,concept/worktype,y,1,Object: Work type
publicart_7-1-0,location,location/local,y,5,"Exhibition: Venue name
Intake: Current location
Intake: Normal location
Location/Movement/Inventory: Current location (#<CspaceConfigUntangler::Message:0x00000001415fe4d8>)
Object: Computed current location"
publicart_7-1-0,location,location/offsite,y,5,"Exhibition: Venue name
Intake: Current location
Intake: Normal location
Location/Movement/Inventory: Current location (#<CspaceConfigUntangler::Message:0x00000001415fe4d8>)
Object: Computed current location"
publicart_7-1-0,organization,organization/local,y,43,"Acquisitions: Acquisition source
Acquisitions: Commissioning body
Acquisitions: Funding source
Acquisitions: Owner
Citation: Agent name
Citation: Publisher
Condition Check: Checker/assessor
Conservation: Conservator
Conservation: Other treatment party name
Deaccession: Exit recipient
Deaccession: Parties involved on behalf of
Exhibition: Organizer
Exhibition: Support name
Exhibition: Venue name
Group: Group owner
Intake: Condition check assessor
Intake: Current location
Intake: Current owner
Intake: Depositor name
Intake: Normal location
Loan In: Lender name
Loan Out: Borrower name (#<CspaceConfigUntangler::Message:0x000000013d0b66f0>)
Location/Movement/Inventory: Current location (#<CspaceConfigUntangler::Message:0x00000001415fe4d8>)
Media Handling: Contributor
Media Handling: Creator
Media Handling: Rights holder
Object Exit (Legacy): Current owner
Object Exit (Legacy): Depositor
Object Exit (Legacy): Disposal proposed recipient
Object Exit (Legacy): Disposal recipient
Object Exit: Exit agent name
Object Exit: Owner after exit
Object: Artwork creator name
Object: Collection
Object: Computed current location
Object: Owner
Object: Textual inscription inscriber (#<CspaceConfigUntangler::Message:0x00000001301dfe80>)
Person: Person's organization
Place: Georeferenced by
Place: Owner
Valuation Control: Insurer
Valuation Control: Source
Work: Creator name"
publicart_7-1-0,organization,organization/shared,y,40,"Acquisitions: Acquisition source
Acquisitions: Commissioning body
Acquisitions: Funding source
Acquisitions: Owner
Condition Check: Checker/assessor
Conservation: Conservator
Conservation: Other treatment party name
Deaccession: Exit recipient
Exhibition: Organizer
Exhibition: Support name
Exhibition: Venue name
Group: Group owner
Intake: Condition check assessor
Intake: Current location
Intake: Current owner
Intake: Depositor name
Intake: Normal location
Loan In: Lender name
Loan Out: Borrower name (#<CspaceConfigUntangler::Message:0x000000013d0b66f0>)
Location/Movement/Inventory: Current location (#<CspaceConfigUntangler::Message:0x00000001415fe4d8>)
Media Handling: Contributor
Media Handling: Creator
Media Handling: Rights holder
Object Exit (Legacy): Current owner
Object Exit (Legacy): Depositor
Object Exit (Legacy): Disposal proposed recipient
Object Exit (Legacy): Disposal recipient
Object Exit: Exit agent name
Object Exit: Owner after exit
Object: Artwork creator name
Object: Collection
Object: Computed current location
Object: Owner
Object: Textual inscription inscriber (#<CspaceConfigUntangler::Message:0x00000001301dfe80>)
Person: Person's organization
Place: Georeferenced by
Place: Owner
Valuation Control: Insurer
Valuation Control: Source
Work: Creator name"
publicart_7-1-0,person,person/local,y,57,"Acquisitions: Acquisition source
Acquisitions: Approval individual (#<CspaceConfigUntangler::Message:0x000000013ce32fa0>)
Acquisitions: Authorizer (#<CspaceConfigUntangler::Message:0x000000013cd3fb48>)
Acquisitions: Commissioning body
Acquisitions: Funding source
Acquisitions: Owner
Citation: Agent name
Condition Check: Checker/assessor
Conservation: Analysis researcher
Conservation: Approved by
Conservation: Conservator
Conservation: Examination staff
Conservation: Other treatment party name
Deaccession: Deaccession approval individual (#<CspaceConfigUntangler::Message:0x000000013b715110>)
Deaccession: Exit recipient
Deaccession: Parties involved person
Exhibition: Organizer
Exhibition: Support name
Group: Checklist item assigned to
Group: Group owner
Intake: Approval individual (#<CspaceConfigUntangler::Message:0x000000013ab983a0>)
Intake: Condition check assessor
Intake: Current owner
Intake: Depositor name
Loan In: Lender contact
Loan In: Lender name
Loan In: Loan status individual
Loan Out: Borrower authorizer (#<CspaceConfigUntangler::Message:0x000000013d0b66f0>)
Loan Out: Borrower contact (#<CspaceConfigUntangler::Message:0x000000013d0b66f0>)
Loan Out: Borrower name (#<CspaceConfigUntangler::Message:0x000000013d0b66f0>)
Loan Out: Lender authorizer (#<CspaceConfigUntangler::Message:0x000000013d0b65b0>)
Loan Out: Lender contact (#<CspaceConfigUntangler::Message:0x000000013d0b65b0>)
Loan Out: Loan status individual
Location/Movement/Inventory: Movement contact
Media Handling: Contributor
Media Handling: Creator
Media Handling: Rights holder
Object Exit (Legacy): Current owner
Object Exit (Legacy): Deaccession approval individual
Object Exit (Legacy): Deaccession authorizer
Object Exit (Legacy): Depositor
Object Exit (Legacy): Disposal proposed recipient
Object Exit (Legacy): Disposal recipient
Object Exit: Approval status individual
Object Exit: Exit agent name
Object Exit: Owner after exit
Object: Annotation author
Object: Artwork creator name
Object: Object count counted by
Object: Owner
Object: Textual inscription inscriber (#<CspaceConfigUntangler::Message:0x00000001301dfe80>)
Person: Other information author
Place: Georeferenced by
Place: Owner
Valuation Control: Insurer
Valuation Control: Source
Work: Creator name"
publicart_7-1-0,person,person/shared,y,50,"Acquisitions: Acquisition source
Acquisitions: Commissioning body
Acquisitions: Funding source
Acquisitions: Owner
Condition Check: Checker/assessor
Conservation: Analysis researcher
Conservation: Approved by
Conservation: Conservator
Conservation: Examination staff
Conservation: Other treatment party name
Deaccession: Deaccession approval individual (#<CspaceConfigUntangler::Message:0x000000013b715110>)
Deaccession: Exit recipient
Exhibition: Organizer
Exhibition: Support name
Group: Checklist item assigned to
Group: Group owner
Intake: Approval individual (#<CspaceConfigUntangler::Message:0x000000013ab983a0>)
Intake: Condition check assessor
Intake: Current owner
Intake: Depositor name
Loan In: Lender contact
Loan In: Lender name
Loan In: Loan status individual
Loan Out: Borrower authorizer (#<CspaceConfigUntangler::Message:0x000000013d0b66f0>)
Loan Out: Borrower contact (#<CspaceConfigUntangler::Message:0x000000013d0b66f0>)
Loan Out: Borrower name (#<CspaceConfigUntangler::Message:0x000000013d0b66f0>)
Loan Out: Lender authorizer (#<CspaceConfigUntangler::Message:0x000000013d0b65b0>)
Loan Out: Lender contact (#<CspaceConfigUntangler::Message:0x000000013d0b65b0>)
Loan Out: Loan status individual
Location/Movement/Inventory: Movement contact
Media Handling: Contributor
Media Handling: Creator
Media Handling: Rights holder
Object Exit (Legacy): Current owner
Object Exit (Legacy): Depositor
Object Exit (Legacy): Disposal proposed recipient
Object Exit (Legacy): Disposal recipient
Object Exit: Approval status individual
Object Exit: Exit agent name
Object Exit: Owner after exit
Object: Annotation author
Object: Artwork creator name
Object: Object count counted by
Object: Owner
Person: Other information author
Place: Georeferenced by
Place: Owner
Valuation Control: Insurer
Valuation Control: Source
Work: Creator name"
publicart_7-1-0,place,place/local,y,21,"Citation: Publication place
Exhibition: Venue name
Intake: Current location
Intake: Normal location
Location/Movement/Inventory: Current location (#<CspaceConfigUntangler::Message:0x00000001415fe4d8>)
Object: Computed current location
Organization: Current place
Organization: Foundation place
Person: Birth place supplied
Place: Address country
Place: Address county
Place: Address municipality
Place: Address state/province
Storage Location: Address country
Storage Location: Address county
Storage Location: Address municipality
Storage Location: Address state/province
Work: Address country
Work: Address county
Work: Address municipality
Work: Address state/province"
publicart_7-1-0,place,place/shared,y,20,"Exhibition: Venue name
Intake: Current location
Intake: Normal location
Location/Movement/Inventory: Current location (#<CspaceConfigUntangler::Message:0x00000001415fe4d8>)
Object: Computed current location
Organization: Current place
Organization: Foundation place
Person: Birth place supplied
Place: Address country
Place: Address county
Place: Address municipality
Place: Address state/province
Storage Location: Address country
Storage Location: Address county
Storage Location: Address municipality
Storage Location: Address state/province
Work: Address country
Work: Address county
Work: Address municipality
Work: Address state/province"
publicart_7-1-0,work,work/local,n,0,""
lhmc_8-2-0,chronology,chronology/era,y,6,"Chronology: Associated event/era
Object: Associated controlled event or period/era (#<CspaceConfigUntangler::Message:0x000000014d75f9b0>)
Object: Content controlled event or period/era (#<CspaceConfigUntangler::Message:0x000000014d790560>)
Object: Production era
Person: Associated event/era
Place: Associated event/era"
lhmc_8-2-0,chronology,chronology/event,y,5,"Chronology: Associated event/era
Object: Associated controlled event or period/era (#<CspaceConfigUntangler::Message:0x000000014d75f9b0>)
Object: Content controlled event or period/era (#<CspaceConfigUntangler::Message:0x000000014d790560>)
Person: Associated event/era
Place: Associated event/era"
lhmc_8-2-0,citation,citation/local,y,31,"Chronology: Alternative date citation
Chronology: Associated concept citation
Chronology: Associated event/era citation
Chronology: Associated organization citation
Chronology: Associated people citation
Chronology: Associated person citation
Chronology: Associated place citation
Chronology: Resource identifier citation
Chronology: Term source name (#<CspaceConfigUntangler::Message:0x000000014cab8e00>)
Citation: Term source name (#<CspaceConfigUntangler::Message:0x000000014c7987c0>)
Concept: Term source name (#<CspaceConfigUntangler::Message:0x0000000142df3c50>)
Exhibition: Bibliographic reference
Object: Reference
Organization: Term source name (#<CspaceConfigUntangler::Message:0x000000014ba943d0>)
Person: Associated concept citation
Person: Associated event/era citation
Person: Associated organization citation
Person: Associated people citation
Person: Associated person citation
Person: Associated place citation
Person: Publication name
Person: Term source name (#<CspaceConfigUntangler::Message:0x000000014c13ea28>)
Place: Associated concept citation
Place: Associated event/era citation
Place: Associated organization citation
Place: Associated people citation
Place: Associated person citation
Place: Associated place citation
Place: Term source name (#<CspaceConfigUntangler::Message:0x000000014e0b6360>)
Storage Location: Term source name (#<CspaceConfigUntangler::Message:0x000000014b0547a8>)
Work: Term source name (#<CspaceConfigUntangler::Message:0x0000000124cb8ed0>)"
lhmc_8-2-0,citation,citation/worldcat,y,31,"Chronology: Alternative date citation
Chronology: Associated concept citation
Chronology: Associated event/era citation
Chronology: Associated organization citation
Chronology: Associated people citation
Chronology: Associated person citation
Chronology: Associated place citation
Chronology: Resource identifier citation
Chronology: Term source name (#<CspaceConfigUntangler::Message:0x000000014cab8e00>)
Citation: Term source name (#<CspaceConfigUntangler::Message:0x000000014c7987c0>)
Concept: Term source name (#<CspaceConfigUntangler::Message:0x0000000142df3c50>)
Exhibition: Bibliographic reference
Object: Reference
Organization: Term source name (#<CspaceConfigUntangler::Message:0x000000014ba943d0>)
Person: Associated concept citation
Person: Associated event/era citation
Person: Associated organization citation
Person: Associated people citation
Person: Associated person citation
Person: Associated place citation
Person: Publication name
Person: Term source name (#<CspaceConfigUntangler::Message:0x000000014c13ea28>)
Place: Associated concept citation
Place: Associated event/era citation
Place: Associated organization citation
Place: Associated people citation
Place: Associated person citation
Place: Associated place citation
Place: Term source name (#<CspaceConfigUntangler::Message:0x000000014e0b6360>)
Storage Location: Term source name (#<CspaceConfigUntangler::Message:0x000000014b0547a8>)
Work: Term source name (#<CspaceConfigUntangler::Message:0x0000000124cb8ed0>)"
lhmc_8-2-0,concept,concept/activity,y,4,"Chronology: Associated concept
Citation: Related term
Person: Associated concept
Place: Associated concept"
lhmc_8-2-0,concept,concept/archculture,n,0,""
lhmc_8-2-0,concept,concept/associated,y,9,"Chronology: Associated concept
Chronology: Associated people
Citation: Related term
Object: Associated concept (#<CspaceConfigUntangler::Message:0x000000014d75f9b0>)
Object: Content concept (#<CspaceConfigUntangler::Message:0x000000014d790560>)
Person: Associated concept
Person: Associated people
Place: Associated concept
Place: Associated people"
lhmc_8-2-0,concept,concept/ethculture,n,0,""
lhmc_8-2-0,concept,concept/material,y,6,"Chronology: Associated concept
Citation: Related term
Object: Content concept (#<CspaceConfigUntangler::Message:0x000000014d790560>)
Object: Material controlled
Person: Associated concept
Place: Associated concept"
lhmc_8-2-0,concept,concept/nomenclature,y,4,"Chronology: Associated concept
Object: Object name controlled
Person: Associated concept
Place: Associated concept"
lhmc_8-2-0,concept,concept/occasion,y,4,"Chronology: Associated concept
Person: Associated concept
Place: Associated concept
Use of Collections: Occasion"
lhmc_8-2-0,location,location/local,y,6,"Exhibition: Venue name
Intake: Interim location
Location/Movement/Inventory: Current location (#<CspaceConfigUntangler::Message:0x000000014b6591f8>)
Location/Movement/Inventory: Normal location
Object: Computed current location
Use of Collections: Location"
lhmc_8-2-0,location,location/offsite,y,5,"Exhibition: Venue name
Intake: Interim location
Location/Movement/Inventory: Current location (#<CspaceConfigUntangler::Message:0x000000014b6591f8>)
Location/Movement/Inventory: Normal location
Object: Computed current location"
lhmc_8-2-0,organization,organization/local,y,73,"Acquisitions: Acquisition source
Acquisitions: Funding source
Acquisitions: Owner
Acquisitions: Parties involved on behalf of
Chronology: Associated organization
Citation: Agent name
Citation: Publisher
Condition Check: Checker/assessor
Conservation: Conservator
Conservation: Other treatment party name
Deaccession: Exit recipient
Deaccession: Parties involved on behalf of
Exhibition: Organizer
Exhibition: Sponsor
Exhibition: Venue name
Exhibition: Working group member name
Insurance/Indemnity: Insurer/indemnifier
Insurance/Indemnity: Quote provider
Intake: Condition check by
Intake: Depositor name
Intake: Insurance company
Intake: Interim location
Intake: Received by
Intake: Source
Intake: Valuer
Loan In: Lender name
Loan Out: Borrower name (#<CspaceConfigUntangler::Message:0x000000014aed8898>)
Loan Out: Loan status authorizer
Location/Movement/Inventory: Current location (#<CspaceConfigUntangler::Message:0x000000014b6591f8>)
Location/Movement/Inventory: Normal location
Media Handling: Contributor
Media Handling: Creator
Media Handling: Measured by
Media Handling: Publisher
Media Handling: Rights holder
Object Exit (Legacy): Current owner
Object Exit (Legacy): Depositor
Object Exit (Legacy): Disposal proposed recipient
Object Exit (Legacy): Disposal recipient
Object Exit: Exit agent name
Object Exit: Owner after exit
Object: Access limitation requested on behalf of
Object: Associated event organization (#<CspaceConfigUntangler::Message:0x000000014d75f9b0>)
Object: Associated organization (#<CspaceConfigUntangler::Message:0x000000014d75f9b0>)
Object: Computed current location
Object: Content organization (#<CspaceConfigUntangler::Message:0x000000014d790560>)
Object: Field collection source
Object: Field collector
Object: Measured by
Object: Non-textual inscription inscriber (#<CspaceConfigUntangler::Message:0x000000014d75fe60>)
Object: Owner
Object: Production organization
Object: Right holder contact
Object: Right holder name
Object: Textual inscription inscriber (#<CspaceConfigUntangler::Message:0x000000014d790010>)
Person: Associated organization
Place: Associated organization
Place: Georeferenced by
Place: Owner
Transport: Arrival point (#<CspaceConfigUntangler::Message:0x00000001225983f0>)
Transport: Courier name
Transport: Customs broker name (#<CspaceConfigUntangler::Message:0x0000000122598170>)
Transport: Departure point (#<CspaceConfigUntangler::Message:0x00000001225984e0>)
Transport: Shipping quote provider
Transport: Transporter name (#<CspaceConfigUntangler::Message:0x00000001225986c0>)
Use of Collections: Authorized by
Use of Collections: Location
Use of Collections: Staff name
Use of Collections: User institution
Use of Collections: User name
Valuation Control: Source
Work: Creator name
Work: Publisher name"
lhmc_8-2-0,organization,organization/ulan,y,10,"Chronology: Associated organization
Exhibition: Organizer
Exhibition: Sponsor
Exhibition: Venue name
Exhibition: Working group member name
Insurance/Indemnity: Insurer/indemnifier
Insurance/Indemnity: Quote provider
Object: Content organization (#<CspaceConfigUntangler::Message:0x000000014d790560>)
Person: Associated organization
Place: Associated organization"
lhmc_8-2-0,person,person/local,y,98,"Acquisitions: Acquisition source
Acquisitions: Approval individual (#<CspaceConfigUntangler::Message:0x000000014adf8ea0>)
Acquisitions: Authorizer (#<CspaceConfigUntangler::Message:0x000000014aef0f10>)
Acquisitions: Funding source
Acquisitions: Owner
Acquisitions: Parties involved person
Acquisitions: Received by
Chronology: Associated person
Citation: Agent name
Condition Check: Checker/assessor
Conservation: Analysis researcher
Conservation: Approved by
Conservation: Conservator
Conservation: Destructive analysis sample taken by
Conservation: Examination staff
Conservation: Other treatment party name
Deaccession: Deaccession approval individual (#<CspaceConfigUntangler::Message:0x000000014bc7fdc0>)
Deaccession: Exit recipient
Deaccession: Parties involved person
Exhibition: Organizer
Exhibition: Sponsor
Exhibition: Working group member name
Group: Group owner
Insurance/Indemnity: Authorizer (#<CspaceConfigUntangler::Message:0x0000000144dd13b0>)
Insurance/Indemnity: Insurer/indemnifier
Insurance/Indemnity: Quote provider
Intake: Approval individual (#<CspaceConfigUntangler::Message:0x000000014bd9d450>)
Intake: Condition check by
Intake: Depositor name
Intake: Insurance company
Intake: Inventoried by
Intake: Received by
Intake: Source
Intake: Valuer
Loan In: Borrower authorizer (#<CspaceConfigUntangler::Message:0x000000014ad94798>)
Loan In: Borrower contact (#<CspaceConfigUntangler::Message:0x000000014ad94798>)
Loan In: Lender authorizer
Loan In: Lender contact
Loan In: Lender name
Loan In: Loan status authorizer
Loan Out: Borrower authorizer (#<CspaceConfigUntangler::Message:0x000000014aed8898>)
Loan Out: Borrower contact (#<CspaceConfigUntangler::Message:0x000000014aed8898>)
Loan Out: Borrower name (#<CspaceConfigUntangler::Message:0x000000014aed8898>)
Loan Out: Lender authorizer (#<CspaceConfigUntangler::Message:0x000000014aed87a8>)
Loan Out: Lender contact (#<CspaceConfigUntangler::Message:0x000000014aed87a8>)
Loan Out: Loan status authorizer
Location/Movement/Inventory: Inventory contact
Location/Movement/Inventory: Location authorized by
Location/Movement/Inventory: Movement contact
Media Handling: Contributor
Media Handling: Creator
Media Handling: Measured by
Media Handling: Publisher
Media Handling: Rights holder
Object Exit (Legacy): Current owner
Object Exit (Legacy): Deaccession approval individual
Object Exit (Legacy): Deaccession authorizer
Object Exit (Legacy): Depositor
Object Exit (Legacy): Disposal proposed recipient
Object Exit (Legacy): Disposal recipient
Object Exit: Approval status individual
Object Exit: Exit agent name
Object Exit: Owner after exit
Object: Access limitation requestor
Object: Annotation author
Object: Associated event person (#<CspaceConfigUntangler::Message:0x000000014d75f9b0>)
Object: Associated person (#<CspaceConfigUntangler::Message:0x000000014d75f9b0>)
Object: Content person (#<CspaceConfigUntangler::Message:0x000000014d790560>)
Object: Field collection source
Object: Field collector
Object: Measured by
Object: Non-textual inscription inscriber (#<CspaceConfigUntangler::Message:0x000000014d75fe60>)
Object: Object count counted by
Object: Owner
Object: Production person
Object: Right holder contact
Object: Right holder name
Object: Textual inscription inscriber (#<CspaceConfigUntangler::Message:0x000000014d790010>)
Organization: Contact name
Person: Associated person
Person: Other information author
Person: Related person name (#<CspaceConfigUntangler::Message:0x000000014c13e848>)
Place: Associated person
Place: Georeferenced by
Place: Owner
Transport: Courier name
Transport: Customs broker contact (#<CspaceConfigUntangler::Message:0x0000000122598170>)
Transport: Customs broker name (#<CspaceConfigUntangler::Message:0x0000000122598170>)
Transport: Shipping quote provider
Transport: Transport authorizer (#<CspaceConfigUntangler::Message:0x00000001225985d0>)
Transport: Transporter contact (#<CspaceConfigUntangler::Message:0x00000001225986c0>)
Transport: Transporter name (#<CspaceConfigUntangler::Message:0x00000001225986c0>)
Use of Collections: Authorized by
Use of Collections: Staff name
Use of Collections: User name
Valuation Control: Source
Work: Creator name
Work: Publisher name"
lhmc_8-2-0,person,person/ulan,y,19,"Acquisitions: Received by
Chronology: Associated person
Citation: Agent name
Exhibition: Organizer
Exhibition: Sponsor
Exhibition: Working group member name
Insurance/Indemnity: Authorizer (#<CspaceConfigUntangler::Message:0x0000000144dd13b0>)
Insurance/Indemnity: Insurer/indemnifier
Insurance/Indemnity: Quote provider
Intake: Inventoried by
Intake: Received by
Loan In: Loan status authorizer
Loan Out: Loan status authorizer
Location/Movement/Inventory: Location authorized by
Object: Content person (#<CspaceConfigUntangler::Message:0x000000014d790560>)
Object: Object count counted by
Person: Associated person
Person: Related person name (#<CspaceConfigUntangler::Message:0x000000014c13e848>)
Place: Associated person"
lhmc_8-2-0,place,place/local,y,26,"Chronology: Alternative date spatial coverage
Chronology: Associated place
Chronology: Spatial coverage
Citation: Publication place
Exhibition: Venue name
Intake: Interim location
Object: Associated place (#<CspaceConfigUntangler::Message:0x000000014d75f9b0>)
Object: Content place (#<CspaceConfigUntangler::Message:0x000000014d790560>)
Object: Field collection place
Object: Ownership place
Object: Production place
Person: Associated place
Person: Birth place supplied
Person: Place/geographical area of residence name (#<CspaceConfigUntangler::Message:0x000000014c13e938>)
Person: Where born
Person: Where died
Place: Address country
Place: Address municipality
Place: Address state/province
Place: Associated place
Transport: Arrival point (#<CspaceConfigUntangler::Message:0x00000001225983f0>)
Transport: Departure point (#<CspaceConfigUntangler::Message:0x00000001225984e0>)
Use of Collections: Location
Work: Address country
Work: Address municipality
Work: Address state/province"
lhmc_8-2-0,place,place/tgn,y,21,"Chronology: Alternative date spatial coverage
Chronology: Associated place
Chronology: Spatial coverage
Citation: Publication place
Exhibition: Venue name
Object: Associated place (#<CspaceConfigUntangler::Message:0x000000014d75f9b0>)
Object: Content place (#<CspaceConfigUntangler::Message:0x000000014d790560>)
Object: Field collection place
Object: Ownership place
Object: Production place
Person: Associated place
Person: Place/geographical area of residence name (#<CspaceConfigUntangler::Message:0x000000014c13e938>)
Person: Where born
Person: Where died
Place: Address country
Place: Address municipality
Place: Address state/province
Place: Associated place
Work: Address country
Work: Address municipality
Work: Address state/province"
lhmc_8-2-0,work,work/cona,n,0,""
lhmc_8-2-0,work,work/local,y,1,Object: Named collection
herbarium_3-0-0,citation,citation/local,y,12,"Citation: Term source name (#<CspaceConfigUntangler::Message:0x000000012ca3b100>)
Concept: Term source name (#<CspaceConfigUntangler::Message:0x0000000137bd6180>)
Exhibition: Bibliographic reference
Object: Reference
Organization: Term source name (#<CspaceConfigUntangler::Message:0x000000014375da20>)
Person: Term source name (#<CspaceConfigUntangler::Message:0x0000000143f737f0>)
Place: Term source name (#<CspaceConfigUntangler::Message:0x0000000145c91418>)
Storage Location: Term source name (#<CspaceConfigUntangler::Message:0x0000000142e5d768>)
Taxon: Citation
Taxon: Common name source
Taxon: Term source name (#<CspaceConfigUntangler::Message:0x000000014bfbd988>)
Work: Term source name (#<CspaceConfigUntangler::Message:0x000000014bc76040>)"
herbarium_3-0-0,citation,citation/worldcat,y,11,"Citation: Term source name (#<CspaceConfigUntangler::Message:0x000000012ca3b100>)
Concept: Term source name (#<CspaceConfigUntangler::Message:0x0000000137bd6180>)
Exhibition: Bibliographic reference
Object: Reference
Organization: Term source name (#<CspaceConfigUntangler::Message:0x000000014375da20>)
Person: Term source name (#<CspaceConfigUntangler::Message:0x0000000143f737f0>)
Place: Term source name (#<CspaceConfigUntangler::Message:0x0000000145c91418>)
Storage Location: Term source name (#<CspaceConfigUntangler::Message:0x0000000142e5d768>)
Taxon: Citation
Taxon: Term source name (#<CspaceConfigUntangler::Message:0x000000014bfbd988>)
Work: Term source name (#<CspaceConfigUntangler::Message:0x000000014bc76040>)"
herbarium_3-0-0,concept,concept/activity,y,1,Citation: Related term
herbarium_3-0-0,concept,concept/archculture,n,0,""
herbarium_3-0-0,concept,concept/associated,y,3,"Citation: Related term
Object: Associated concept (#<CspaceConfigUntangler::Message:0x0000000131576ae8>)
Object: Content concept (#<CspaceConfigUntangler::Message:0x00000001315772b8>)"
herbarium_3-0-0,concept,concept/ethculture,y,1,Intake: Field collection source
herbarium_3-0-0,concept,concept/labeltext,y,2,"Object: Label footer
Object: Label header"
herbarium_3-0-0,concept,concept/material,y,2,"Citation: Related term
Object: Content concept (#<CspaceConfigUntangler::Message:0x00000001315772b8>)"
herbarium_3-0-0,concept,concept/nomenclature,n,0,""
herbarium_3-0-0,concept,concept/occasion,y,1,Use of Collections: Occasion
herbarium_3-0-0,location,location/local,y,6,"Exhibition: Venue name
Intake: Current location
Intake: Normal location
Location/Movement/Inventory: Current location (#<CspaceConfigUntangler::Message:0x00000001433fcbd8>)
Location/Movement/Inventory: Normal location
Use of Collections: Location"
herbarium_3-0-0,location,location/offsite,y,5,"Exhibition: Venue name
Intake: Current location
Intake: Normal location
Location/Movement/Inventory: Current location (#<CspaceConfigUntangler::Message:0x00000001433fcbd8>)
Location/Movement/Inventory: Normal location"
herbarium_3-0-0,organization,organization/local,y,55,"Citation: Agent name
Citation: Publisher
Condition Check: Checker/assessor
Exhibition: Organizer
Exhibition: Sponsor
Exhibition: Venue name
Exhibition: Working group member name
Insurance/Indemnity: Insurer/indemnifier
Insurance/Indemnity: Quote provider
Intake: Condition check assessor
Intake: Current location
Intake: Current owner
Intake: Depositor name
Intake: Field collector
Intake: Insurer
Intake: Normal location
Intake: Valuer
Loan In: Item transferred out institution
Loan In: Lender name
Loan In: Transfer in from (#<CspaceConfigUntangler::Message:0x000000013d37b228>)
Loan Out: Borrower name (#<CspaceConfigUntangler::Message:0x0000000141655558>)
Loan Out: Transfer to institution
Location/Movement/Inventory: Current location (#<CspaceConfigUntangler::Message:0x00000001433fcbd8>)
Location/Movement/Inventory: Normal location
Media Handling: Contributor
Media Handling: Creator
Media Handling: Measured by
Media Handling: Publisher
Media Handling: Rights holder
Object: Associated event organization (#<CspaceConfigUntangler::Message:0x0000000131576ae8>)
Object: Associated organization (#<CspaceConfigUntangler::Message:0x0000000131576ae8>)
Object: Content organization (#<CspaceConfigUntangler::Message:0x00000001315772b8>)
Object: Field collector
Object: Measured by
Object: Owner
Object: Production organization
Object: Taxonomic identification institution (#<CspaceConfigUntangler::Message:0x0000000131577998>)
Object: Type specimen asserted by
Place: Georeferenced by
Place: Owner
Taxon: Author name
Transport: Arrival point (#<CspaceConfigUntangler::Message:0x000000014b213350>)
Transport: Courier name
Transport: Customs broker name (#<CspaceConfigUntangler::Message:0x000000014b2130d0>)
Transport: Departure point (#<CspaceConfigUntangler::Message:0x000000014b213440>)
Transport: Shipping quote provider
Transport: Transporter name (#<CspaceConfigUntangler::Message:0x000000014b213620>)
Use of Collections: Authorized by
Use of Collections: Location
Use of Collections: Staff name
Use of Collections: User institution
Use of Collections: User name
Valuation Control: Source
Work: Creator name
Work: Publisher name"
herbarium_3-0-0,organization,organization/ulan,y,7,"Exhibition: Organizer
Exhibition: Sponsor
Exhibition: Venue name
Exhibition: Working group member name
Insurance/Indemnity: Insurer/indemnifier
Insurance/Indemnity: Quote provider
Object: Content organization (#<CspaceConfigUntangler::Message:0x00000001315772b8>)"
herbarium_3-0-0,person,person/local,y,68,"Citation: Agent name
Condition Check: Checker/assessor
Exhibition: Organizer
Exhibition: Sponsor
Exhibition: Working group member name
Group: Group owner
Insurance/Indemnity: Authorizer (#<CspaceConfigUntangler::Message:0x000000013c5939d0>)
Insurance/Indemnity: Insurer/indemnifier
Insurance/Indemnity: Quote provider
Intake: Approval individual (#<CspaceConfigUntangler::Message:0x000000012f3387b0>)
Intake: Condition check assessor
Intake: Current owner
Intake: Depositor name
Intake: Field collection source
Intake: Field collector
Intake: Insurer
Intake: Valuer
Loan In: Borrower authorizer (#<CspaceConfigUntangler::Message:0x000000013d37b4a8>)
Loan In: Borrower contact (#<CspaceConfigUntangler::Message:0x000000013d37b4a8>)
Loan In: Item transferred out for study by
Loan In: Item transferred out under direction of
Loan In: Lender authorizer
Loan In: Lender contact
Loan In: Lender name
Loan In: Loan status individual
Loan In: Transfer in previous borrower (#<CspaceConfigUntangler::Message:0x000000013d37b228>)
Loan Out: Borrower authorizer (#<CspaceConfigUntangler::Message:0x0000000141655558>)
Loan Out: Borrower contact (#<CspaceConfigUntangler::Message:0x0000000141655558>)
Loan Out: Borrower name (#<CspaceConfigUntangler::Message:0x0000000141655558>)
Loan Out: Lender authorizer (#<CspaceConfigUntangler::Message:0x0000000141655468>)
Loan Out: Lender contact (#<CspaceConfigUntangler::Message:0x0000000141655468>)
Loan Out: Loan status individual
Loan Out: Transfer to person
Loan Out: Transfer under direction of
Location/Movement/Inventory: Inventory contact
Location/Movement/Inventory: Movement contact
Media Handling: Contributor
Media Handling: Creator
Media Handling: Measured by
Media Handling: Publisher
Media Handling: Rights holder
Object: Annotation author
Object: Associated event person (#<CspaceConfigUntangler::Message:0x0000000131576ae8>)
Object: Associated person (#<CspaceConfigUntangler::Message:0x0000000131576ae8>)
Object: Content person (#<CspaceConfigUntangler::Message:0x00000001315772b8>)
Object: Field collector
Object: Measured by
Object: Owner
Object: Production person
Object: Taxonomic identification by (#<CspaceConfigUntangler::Message:0x0000000131577998>)
Organization: Contact name
Person: Other information author
Place: Georeferenced by
Place: Owner
Taxon: Author name
Transport: Courier name
Transport: Customs broker contact (#<CspaceConfigUntangler::Message:0x000000014b2130d0>)
Transport: Customs broker name (#<CspaceConfigUntangler::Message:0x000000014b2130d0>)
Transport: Shipping quote provider
Transport: Transport authorizer (#<CspaceConfigUntangler::Message:0x000000014b213530>)
Transport: Transporter contact (#<CspaceConfigUntangler::Message:0x000000014b213620>)
Transport: Transporter name (#<CspaceConfigUntangler::Message:0x000000014b213620>)
Use of Collections: Authorized by
Use of Collections: Staff name
Use of Collections: User name
Valuation Control: Source
Work: Creator name
Work: Publisher name"
herbarium_3-0-0,person,person/ulan,y,8,"Citation: Agent name
Exhibition: Organizer
Exhibition: Sponsor
Exhibition: Working group member name
Insurance/Indemnity: Authorizer (#<CspaceConfigUntangler::Message:0x000000013c5939d0>)
Insurance/Indemnity: Insurer/indemnifier
Insurance/Indemnity: Quote provider
Object: Content person (#<CspaceConfigUntangler::Message:0x00000001315772b8>)"
herbarium_3-0-0,place,place/local,y,15,"Citation: Publication place
Exhibition: Venue name
Intake: Current location
Intake: Normal location
Object: Field collection place
Person: Birth place supplied
Place: Address country
Place: Address municipality
Place: Address state/province
Transport: Arrival point (#<CspaceConfigUntangler::Message:0x000000014b213350>)
Transport: Departure point (#<CspaceConfigUntangler::Message:0x000000014b213440>)
Use of Collections: Location
Work: Address country
Work: Address municipality
Work: Address state/province"
herbarium_3-0-0,place,place/tgn,y,8,"Citation: Publication place
Exhibition: Venue name
Place: Address country
Place: Address municipality
Place: Address state/province
Work: Address country
Work: Address municipality
Work: Address state/province"
herbarium_3-0-0,taxon,taxon/common,y,8,"Loan In: Taxonomy
Loan Out: Taxonomy
Object: Associated taxon name
Object: Hybrid parent name
Object: Type specimen verified basionym
Taxon: Basionym
Taxon: Family
Taxon: Related term name"
herbarium_3-0-0,taxon,taxon/local,y,10,"Loan In: Taxonomy
Loan Out: Item returned new determination
Loan Out: Taxonomy
Object: Associated taxon name
Object: Hybrid parent name
Object: Taxonomic identification scientific name (#<CspaceConfigUntangler::Message:0x0000000131577b28>)
Object: Type specimen verified basionym
Taxon: Basionym
Taxon: Family
Taxon: Related term name"
herbarium_3-0-0,work,work/cona,n,0,""
herbarium_3-0-0,work,work/local,y,1,Object: Named collection
bonsai_7-1-0,citation,citation/local,y,12,"Citation: Term source name (#<CspaceConfigUntangler::Message:0x000000014dfb00b0>)
Concept: Term source name (#<CspaceConfigUntangler::Message:0x000000014433bc70>)
Exhibition: Bibliographic reference
Object: Reference
Organization: Term source name (#<CspaceConfigUntangler::Message:0x0000000130090b10>)
Person: Term source name (#<CspaceConfigUntangler::Message:0x0000000126374610>)
Place: Term source name (#<CspaceConfigUntangler::Message:0x0000000130410a60>)
Storage Location: Term source name (#<CspaceConfigUntangler::Message:0x00000001371b8f90>)
Taxon: Citation
Taxon: Common name source
Taxon: Term source name (#<CspaceConfigUntangler::Message:0x00000001377d4848>)
Work: Term source name (#<CspaceConfigUntangler::Message:0x0000000136cb2000>)"
bonsai_7-1-0,citation,citation/worldcat,y,11,"Citation: Term source name (#<CspaceConfigUntangler::Message:0x000000014dfb00b0>)
Concept: Term source name (#<CspaceConfigUntangler::Message:0x000000014433bc70>)
Exhibition: Bibliographic reference
Object: Reference
Organization: Term source name (#<CspaceConfigUntangler::Message:0x0000000130090b10>)
Person: Term source name (#<CspaceConfigUntangler::Message:0x0000000126374610>)
Place: Term source name (#<CspaceConfigUntangler::Message:0x0000000130410a60>)
Storage Location: Term source name (#<CspaceConfigUntangler::Message:0x00000001371b8f90>)
Taxon: Citation
Taxon: Term source name (#<CspaceConfigUntangler::Message:0x00000001377d4848>)
Work: Term source name (#<CspaceConfigUntangler::Message:0x0000000136cb2000>)"
bonsai_7-1-0,concept,concept/activity,y,1,Citation: Related term
bonsai_7-1-0,concept,concept/archculture,n,0,""
bonsai_7-1-0,concept,concept/associated,y,3,"Citation: Related term
Object: Associated concept (#<CspaceConfigUntangler::Message:0x000000014e7551a8>)
Object: Content concept (#<CspaceConfigUntangler::Message:0x000000014e755e28>)"
bonsai_7-1-0,concept,concept/ethculture,y,1,Intake: Field collection source
bonsai_7-1-0,concept,concept/material,y,2,"Citation: Related term
Object: Content concept (#<CspaceConfigUntangler::Message:0x000000014e755e28>)"
bonsai_7-1-0,concept,concept/nomenclature,n,0,""
bonsai_7-1-0,concept,concept/occasion,y,1,Use of Collections: Occasion
bonsai_7-1-0,location,location/local,y,7,"Exhibition: Venue name
Intake: Current location
Intake: Normal location
Location/Movement/Inventory: Current location (#<CspaceConfigUntangler::Message:0x00000001338f2b20>)
Location/Movement/Inventory: Normal location
Object: Computed current location
Use of Collections: Location"
bonsai_7-1-0,location,location/offsite,y,6,"Exhibition: Venue name
Intake: Current location
Intake: Normal location
Location/Movement/Inventory: Current location (#<CspaceConfigUntangler::Message:0x00000001338f2b20>)
Location/Movement/Inventory: Normal location
Object: Computed current location"
bonsai_7-1-0,organization,organization/local,y,64,"Acquisitions: Acquisition source
Acquisitions: Funding source
Acquisitions: Owner
Acquisitions: Parties involved on behalf of
Citation: Agent name
Citation: Publisher
Condition Check: Checker/assessor
Conservation: Other treatment party name
Conservation: Treatment performed by
Exhibition: Organizer
Exhibition: Sponsor
Exhibition: Venue name
Exhibition: Working group member name
Insurance/Indemnity: Insurer/indemnifier
Insurance/Indemnity: Quote provider
Intake: Condition check assessor
Intake: Current location
Intake: Current owner
Intake: Depositor name
Intake: Field collector
Intake: Insurer
Intake: Normal location
Intake: Valuer
Loan In: Lender name
Loan Out: Borrower name (#<CspaceConfigUntangler::Message:0x0000000137b54a18>)
Location/Movement/Inventory: Current location (#<CspaceConfigUntangler::Message:0x00000001338f2b20>)
Location/Movement/Inventory: Normal location
Media Handling: Contributor
Media Handling: Creator
Media Handling: Measured by
Media Handling: Publisher
Media Handling: Rights holder
Object Exit (Legacy): Current owner
Object Exit (Legacy): Depositor
Object Exit (Legacy): Disposal proposed recipient
Object Exit (Legacy): Disposal recipient
Object: Associated event organization (#<CspaceConfigUntangler::Message:0x000000014e7551a8>)
Object: Associated organization (#<CspaceConfigUntangler::Message:0x000000014e7551a8>)
Object: Computed current location
Object: Content organization (#<CspaceConfigUntangler::Message:0x000000014e755e28>)
Object: Field collection source
Object: Field collector
Object: Measured by
Object: Non-textual inscription inscriber (#<CspaceConfigUntangler::Message:0x000000014e755928>)
Object: Owner
Object: Production organization
Object: Textual inscription inscriber (#<CspaceConfigUntangler::Message:0x000000014e755c98>)
Place: Georeferenced by
Place: Owner
Taxon: Author name
Transport: Arrival point (#<CspaceConfigUntangler::Message:0x0000000133c7cea8>)
Transport: Courier name
Transport: Customs broker name (#<CspaceConfigUntangler::Message:0x0000000133c7cc28>)
Transport: Departure point (#<CspaceConfigUntangler::Message:0x0000000133c7cf98>)
Transport: Shipping quote provider
Transport: Transporter name (#<CspaceConfigUntangler::Message:0x0000000133c7d178>)
Use of Collections: Authorized by
Use of Collections: Location
Use of Collections: Staff name
Use of Collections: User institution
Use of Collections: User name
Valuation Control: Source
Work: Creator name
Work: Publisher name"
bonsai_7-1-0,organization,organization/ulan,y,7,"Exhibition: Organizer
Exhibition: Sponsor
Exhibition: Venue name
Exhibition: Working group member name
Insurance/Indemnity: Insurer/indemnifier
Insurance/Indemnity: Quote provider
Object: Content organization (#<CspaceConfigUntangler::Message:0x000000014e755e28>)"
bonsai_7-1-0,person,person/local,y,86,"Acquisitions: Acquisition source
Acquisitions: Approval individual (#<CspaceConfigUntangler::Message:0x000000014c51a0c0>)
Acquisitions: Authorizer (#<CspaceConfigUntangler::Message:0x000000014c5dfaf0>)
Acquisitions: Funding source
Acquisitions: Owner
Acquisitions: Parties involved person
Citation: Agent name
Condition Check: Checker/assessor
Conservation: Approved by
Conservation: Destructive analysis sample taken by
Conservation: Fertilizer applied by (#<CspaceConfigUntangler::Message:0x0000000143671878>)
Conservation: Other treatment party name
Conservation: Pest/disease identified by (#<CspaceConfigUntangler::Message:0x0000000143671788>)
Conservation: Pest/disease treated by (#<CspaceConfigUntangler::Message:0x0000000143671788>)
Conservation: Repotting performed by (#<CspaceConfigUntangler::Message:0x0000000143671698>)
Conservation: Treatment performed by
Exhibition: Organizer
Exhibition: Sponsor
Exhibition: Working group member name
Group: Group owner
Insurance/Indemnity: Authorizer (#<CspaceConfigUntangler::Message:0x000000013c832bc8>)
Insurance/Indemnity: Insurer/indemnifier
Insurance/Indemnity: Quote provider
Intake: Approval individual (#<CspaceConfigUntangler::Message:0x000000014d2b7318>)
Intake: Condition check assessor
Intake: Current owner
Intake: Depositor name
Intake: Field collection source
Intake: Field collector
Intake: Insurer
Intake: Valuer
Loan In: Borrower authorizer (#<CspaceConfigUntangler::Message:0x000000013ae31288>)
Loan In: Borrower contact (#<CspaceConfigUntangler::Message:0x000000013ae31288>)
Loan In: Lender authorizer
Loan In: Lender contact
Loan In: Lender name
Loan In: Loan status individual
Loan Out: Borrower authorizer (#<CspaceConfigUntangler::Message:0x0000000137b54a18>)
Loan Out: Borrower contact (#<CspaceConfigUntangler::Message:0x0000000137b54a18>)
Loan Out: Borrower name (#<CspaceConfigUntangler::Message:0x0000000137b54a18>)
Loan Out: Lender authorizer (#<CspaceConfigUntangler::Message:0x0000000137b54928>)
Loan Out: Lender contact (#<CspaceConfigUntangler::Message:0x0000000137b54928>)
Loan Out: Loan status individual
Location/Movement/Inventory: Inventory contact
Location/Movement/Inventory: Movement contact
Media Handling: Contributor
Media Handling: Creator
Media Handling: Measured by
Media Handling: Publisher
Media Handling: Rights holder
Object Exit (Legacy): Current owner
Object Exit (Legacy): Deaccession approval individual
Object Exit (Legacy): Deaccession authorizer
Object Exit (Legacy): Depositor
Object Exit (Legacy): Disposal proposed recipient
Object Exit (Legacy): Disposal recipient
Object: Annotation author
Object: Assigned volunteer
Object: Associated event person (#<CspaceConfigUntangler::Message:0x000000014e7551a8>)
Object: Associated person (#<CspaceConfigUntangler::Message:0x000000014e7551a8>)
Object: Content person (#<CspaceConfigUntangler::Message:0x000000014e755e28>)
Object: Field collection source
Object: Field collector
Object: Measured by
Object: Non-textual inscription inscriber (#<CspaceConfigUntangler::Message:0x000000014e755928>)
Object: Owner
Object: Production person
Object: Textual inscription inscriber (#<CspaceConfigUntangler::Message:0x000000014e755c98>)
Organization: Contact name
Person: Other information author
Place: Georeferenced by
Place: Owner
Taxon: Author name
Transport: Courier name
Transport: Customs broker contact (#<CspaceConfigUntangler::Message:0x0000000133c7cc28>)
Transport: Customs broker name (#<CspaceConfigUntangler::Message:0x0000000133c7cc28>)
Transport: Shipping quote provider
Transport: Transport authorizer (#<CspaceConfigUntangler::Message:0x0000000133c7d088>)
Transport: Transporter contact (#<CspaceConfigUntangler::Message:0x0000000133c7d178>)
Transport: Transporter name (#<CspaceConfigUntangler::Message:0x0000000133c7d178>)
Use of Collections: Authorized by
Use of Collections: Staff name
Use of Collections: User name
Valuation Control: Source
Work: Creator name
Work: Publisher name"
bonsai_7-1-0,person,person/ulan,y,9,"Citation: Agent name
Exhibition: Organizer
Exhibition: Sponsor
Exhibition: Working group member name
Insurance/Indemnity: Authorizer (#<CspaceConfigUntangler::Message:0x000000013c832bc8>)
Insurance/Indemnity: Insurer/indemnifier
Insurance/Indemnity: Quote provider
Object: Assigned volunteer
Object: Content person (#<CspaceConfigUntangler::Message:0x000000014e755e28>)"
bonsai_7-1-0,place,place/local,y,17,"Citation: Publication place
Exhibition: Venue name
Intake: Current location
Intake: Normal location
Object: Content place (#<CspaceConfigUntangler::Message:0x000000014e755e28>)
Object: Field collection place
Object: Production place
Person: Birth place supplied
Place: Address country
Place: Address municipality
Place: Address state/province
Transport: Arrival point (#<CspaceConfigUntangler::Message:0x0000000133c7cea8>)
Transport: Departure point (#<CspaceConfigUntangler::Message:0x0000000133c7cf98>)
Use of Collections: Location
Work: Address country
Work: Address municipality
Work: Address state/province"
bonsai_7-1-0,place,place/tgn,y,11,"Citation: Publication place
Exhibition: Venue name
Object: Content place (#<CspaceConfigUntangler::Message:0x000000014e755e28>)
Object: Field collection place
Object: Production place
Place: Address country
Place: Address municipality
Place: Address state/province
Work: Address country
Work: Address municipality
Work: Address state/province"
bonsai_7-1-0,taxon,taxon/common,y,1,Object: Scientific name
bonsai_7-1-0,taxon,taxon/local,y,1,Object: Scientific name
bonsai_7-1-0,work,work/cona,n,0,""
bonsai_7-1-0,work,work/local,y,1,Object: Named collection
fcart_8-2-0,chronology,chronology/era,y,6,"Chronology: Associated event/era
Object: Associated controlled event or period/era (#<CspaceConfigUntangler::Message:0x00000001445f9de0>)
Object: Content controlled event or period/era (#<CspaceConfigUntangler::Message:0x00000001445fa5b0>)
Object: Production era
Person: Associated event/era
Place: Associated event/era"
fcart_8-2-0,chronology,chronology/event,y,5,"Chronology: Associated event/era
Object: Associated controlled event or period/era (#<CspaceConfigUntangler::Message:0x00000001445f9de0>)
Object: Content controlled event or period/era (#<CspaceConfigUntangler::Message:0x00000001445fa5b0>)
Person: Associated event/era
Place: Associated event/era"
fcart_8-2-0,citation,citation/local,y,30,"Chronology: Alternative date citation
Chronology: Associated concept citation
Chronology: Associated event/era citation
Chronology: Associated organization citation
Chronology: Associated people citation
Chronology: Associated person citation
Chronology: Associated place citation
Chronology: Resource identifier citation
Chronology: Term source name (#<CspaceConfigUntangler::Message:0x00000001438db280>)
Citation: Term source name (#<CspaceConfigUntangler::Message:0x0000000143551ce0>)
Concept: Term source name (#<CspaceConfigUntangler::Message:0x000000014d71c4f8>)
Exhibition: Bibliographic reference
Object: Reference
Organization: Term source name (#<CspaceConfigUntangler::Message:0x000000012267c0f0>)
Person: Associated concept citation
Person: Associated event/era citation
Person: Associated organization citation
Person: Associated people citation
Person: Associated person citation
Person: Associated place citation
Person: Term source name (#<CspaceConfigUntangler::Message:0x0000000124df1630>)
Place: Associated concept citation
Place: Associated event/era citation
Place: Associated organization citation
Place: Associated people citation
Place: Associated person citation
Place: Associated place citation
Place: Term source name (#<CspaceConfigUntangler::Message:0x0000000137cbfbf0>)
Storage Location: Term source name (#<CspaceConfigUntangler::Message:0x0000000141a74670>)
Work: Term source name (#<CspaceConfigUntangler::Message:0x000000013d77b418>)"
fcart_8-2-0,citation,citation/worldcat,y,30,"Chronology: Alternative date citation
Chronology: Associated concept citation
Chronology: Associated event/era citation
Chronology: Associated organization citation
Chronology: Associated people citation
Chronology: Associated person citation
Chronology: Associated place citation
Chronology: Resource identifier citation
Chronology: Term source name (#<CspaceConfigUntangler::Message:0x00000001438db280>)
Citation: Term source name (#<CspaceConfigUntangler::Message:0x0000000143551ce0>)
Concept: Term source name (#<CspaceConfigUntangler::Message:0x000000014d71c4f8>)
Exhibition: Bibliographic reference
Object: Reference
Organization: Term source name (#<CspaceConfigUntangler::Message:0x000000012267c0f0>)
Person: Associated concept citation
Person: Associated event/era citation
Person: Associated organization citation
Person: Associated people citation
Person: Associated person citation
Person: Associated place citation
Person: Term source name (#<CspaceConfigUntangler::Message:0x0000000124df1630>)
Place: Associated concept citation
Place: Associated event/era citation
Place: Associated organization citation
Place: Associated people citation
Place: Associated person citation
Place: Associated place citation
Place: Term source name (#<CspaceConfigUntangler::Message:0x0000000137cbfbf0>)
Storage Location: Term source name (#<CspaceConfigUntangler::Message:0x0000000141a74670>)
Work: Term source name (#<CspaceConfigUntangler::Message:0x000000013d77b418>)"
fcart_8-2-0,concept,concept/activity,y,6,"Chronology: Associated concept
Citation: Related term
Object: Associated activity (#<CspaceConfigUntangler::Message:0x00000001445f9de0>)
Object: Content activity (#<CspaceConfigUntangler::Message:0x00000001445fa5b0>)
Person: Associated concept
Place: Associated concept"
fcart_8-2-0,concept,concept/archculture,n,0,""
fcart_8-2-0,concept,concept/associated,y,10,"Chronology: Associated concept
Chronology: Associated people
Citation: Related term
Concept: Related concept
Object: Associated concept (#<CspaceConfigUntangler::Message:0x00000001445f9de0>)
Object: Content concept (#<CspaceConfigUntangler::Message:0x00000001445fa5b0>)
Person: Associated concept
Person: Associated people
Place: Associated concept
Place: Associated people"
fcart_8-2-0,concept,concept/ethculture,y,3,"Object: Associated event people (#<CspaceConfigUntangler::Message:0x00000001445f9de0>)
Object: Associated people (#<CspaceConfigUntangler::Message:0x00000001445f9de0>)
Object: Content people (#<CspaceConfigUntangler::Message:0x00000001445fa5b0>)"
fcart_8-2-0,concept,concept/material,y,6,"Chronology: Associated concept
Citation: Related term
Object: Content concept (#<CspaceConfigUntangler::Message:0x00000001445fa5b0>)
Object: Material controlled
Person: Associated concept
Place: Associated concept"
fcart_8-2-0,concept,concept/nomenclature,y,4,"Chronology: Associated concept
Object: Object name controlled
Person: Associated concept
Place: Associated concept"
fcart_8-2-0,concept,concept/occasion,y,4,"Chronology: Associated concept
Person: Associated concept
Place: Associated concept
Use of Collections: Occasion"
fcart_8-2-0,location,location/local,y,7,"Exhibition: Venue name
Intake: Current location
Intake: Normal location
Location/Movement/Inventory: Current location (#<CspaceConfigUntangler::Message:0x000000013cb3f000>)
Location/Movement/Inventory: Normal location
Object: Computed current location
Use of Collections: Location"
fcart_8-2-0,location,location/offsite,y,6,"Exhibition: Venue name
Intake: Current location
Intake: Normal location
Location/Movement/Inventory: Current location (#<CspaceConfigUntangler::Message:0x000000013cb3f000>)
Location/Movement/Inventory: Normal location
Object: Computed current location"
fcart_8-2-0,organization,organization/local,y,79,"Acquisitions: Acquisition source
Acquisitions: Funding source
Acquisitions: Owner
Acquisitions: Parties involved on behalf of
Chronology: Associated organization
Citation: Agent name
Citation: Publisher
Condition Check: Checker/assessor
Conservation: Conservator
Conservation: Other treatment party name
Deaccession: Exit recipient
Deaccession: Parties involved on behalf of
Exhibition: Organizer
Exhibition: Sponsor
Exhibition: Venue name
Exhibition: Working group member name
Insurance/Indemnity: Insurer/indemnifier
Insurance/Indemnity: Quote provider
Intake: Condition check assessor
Intake: Current location
Intake: Current owner
Intake: Depositor name
Intake: Insurer
Intake: Normal location
Intake: Valuer
Iteration Report: Exhibition approval entity
Iteration Report: Further installation detail approval entity
Iteration Report: Installed equipment approval entity
Iteration Report: Iteration creator/supervisor name
Iteration Report: Iteration-specific modification approval entity
Iteration Report: Security approval entity
Iteration Report: Space, as installed approval entity
Iteration Report: Technical setup approval entity
Loan In: Lender name
Loan Out: Borrower name (#<CspaceConfigUntangler::Message:0x0000000142c314f8>)
Location/Movement/Inventory: Current location (#<CspaceConfigUntangler::Message:0x000000013cb3f000>)
Location/Movement/Inventory: Normal location
Media Handling: Contributor
Media Handling: Creator
Media Handling: Measured by
Media Handling: Publisher
Media Handling: Rights holder
Object Exit (Legacy): Current owner
Object Exit (Legacy): Depositor
Object Exit (Legacy): Disposal proposed recipient
Object Exit (Legacy): Disposal recipient
Object Exit: Exit agent name
Object Exit: Owner after exit
Object: Associated event organization (#<CspaceConfigUntangler::Message:0x00000001445f9de0>)
Object: Associated organization (#<CspaceConfigUntangler::Message:0x00000001445f9de0>)
Object: Computed current location
Object: Content organization (#<CspaceConfigUntangler::Message:0x00000001445fa5b0>)
Object: Domain host
Object: Domain owner
Object: Measured by
Object: Non-textual inscription inscriber (#<CspaceConfigUntangler::Message:0x00000001445fa290>)
Object: Owner
Object: Production organization
Object: Right holder contact
Object: Right holder name
Object: Textual inscription inscriber (#<CspaceConfigUntangler::Message:0x00000001445fa420>)
Person: Associated organization
Place: Associated organization
Place: Georeferenced by
Place: Owner
Transport: Arrival point (#<CspaceConfigUntangler::Message:0x000000013c7b1410>)
Transport: Courier name
Transport: Customs broker name (#<CspaceConfigUntangler::Message:0x000000013c7b1190>)
Transport: Departure point (#<CspaceConfigUntangler::Message:0x000000013c7b1550>)
Transport: Shipping quote provider
Transport: Transporter name (#<CspaceConfigUntangler::Message:0x000000013c7b17d0>)
Use of Collections: Authorized by
Use of Collections: Location
Use of Collections: Staff name
Use of Collections: User institution
Use of Collections: User name
Valuation Control: Source
Work: Creator name
Work: Publisher name"
fcart_8-2-0,organization,organization/ulan,y,10,"Chronology: Associated organization
Exhibition: Organizer
Exhibition: Sponsor
Exhibition: Venue name
Exhibition: Working group member name
Insurance/Indemnity: Insurer/indemnifier
Insurance/Indemnity: Quote provider
Object: Content organization (#<CspaceConfigUntangler::Message:0x00000001445fa5b0>)
Person: Associated organization
Place: Associated organization"
fcart_8-2-0,person,person/local,y,104,"Acquisitions: Acquisition source
Acquisitions: Approval individual (#<CspaceConfigUntangler::Message:0x000000013bbf4618>)
Acquisitions: Authorizer (#<CspaceConfigUntangler::Message:0x000000013bcbe170>)
Acquisitions: Funding source
Acquisitions: Owner
Acquisitions: Parties involved person
Chronology: Associated person
Citation: Agent name
Condition Check: Checker/assessor
Conservation: Analysis researcher
Conservation: Approved by
Conservation: Conservator
Conservation: Destructive analysis sample taken by
Conservation: Examination staff
Conservation: Other treatment party name
Deaccession: Deaccession approval individual (#<CspaceConfigUntangler::Message:0x000000013d3bd2b8>)
Deaccession: Exit recipient
Deaccession: Parties involved person
Exhibition: Organizer
Exhibition: Sponsor
Exhibition: Working group member name
Group: Group owner
Insurance/Indemnity: Authorizer (#<CspaceConfigUntangler::Message:0x0000000145ada5c0>)
Insurance/Indemnity: Insurer/indemnifier
Insurance/Indemnity: Quote provider
Intake: Approval individual (#<CspaceConfigUntangler::Message:0x000000013d6d9c58>)
Intake: Condition check assessor
Intake: Current owner
Intake: Depositor name
Intake: Insurer
Intake: Valuer
Iteration Report: Artist or representative
Iteration Report: Exhibition approval entity
Iteration Report: Further installation detail approval entity
Iteration Report: Installed equipment approval entity
Iteration Report: Installer name
Iteration Report: Iteration creator/supervisor name
Iteration Report: Iteration evaluation evaluator (#<CspaceConfigUntangler::Message:0x00000001444b5b50>)
Iteration Report: Iteration-specific modification approval entity
Iteration Report: Maintenance contact
Iteration Report: Security approval entity
Iteration Report: Space, as installed approval entity
Iteration Report: Technical setup approval entity
Loan In: Borrower authorizer (#<CspaceConfigUntangler::Message:0x0000000142fd2850>)
Loan In: Borrower contact (#<CspaceConfigUntangler::Message:0x0000000142fd2850>)
Loan In: Lender authorizer
Loan In: Lender contact
Loan In: Lender name
Loan In: Loan status individual
Loan Out: Borrower authorizer (#<CspaceConfigUntangler::Message:0x0000000142c314f8>)
Loan Out: Borrower contact (#<CspaceConfigUntangler::Message:0x0000000142c314f8>)
Loan Out: Borrower name (#<CspaceConfigUntangler::Message:0x0000000142c314f8>)
Loan Out: Lender authorizer (#<CspaceConfigUntangler::Message:0x0000000142c31408>)
Loan Out: Lender contact (#<CspaceConfigUntangler::Message:0x0000000142c31408>)
Loan Out: Loan status individual
Location/Movement/Inventory: Inventory contact
Location/Movement/Inventory: Movement contact
Media Handling: Contributor
Media Handling: Creator
Media Handling: Measured by
Media Handling: Publisher
Media Handling: Rights holder
Object Exit (Legacy): Current owner
Object Exit (Legacy): Deaccession approval individual
Object Exit (Legacy): Deaccession authorizer
Object Exit (Legacy): Depositor
Object Exit (Legacy): Disposal proposed recipient
Object Exit (Legacy): Disposal recipient
Object Exit: Approval status individual
Object Exit: Exit agent name
Object Exit: Owner after exit
Object: Annotation author
Object: Associated event person (#<CspaceConfigUntangler::Message:0x00000001445f9de0>)
Object: Associated person (#<CspaceConfigUntangler::Message:0x00000001445f9de0>)
Object: Content person (#<CspaceConfigUntangler::Message:0x00000001445fa5b0>)
Object: Measured by
Object: Non-textual inscription inscriber (#<CspaceConfigUntangler::Message:0x00000001445fa290>)
Object: Object count counted by
Object: Object significance assigned contact
Object: Owner
Object: Production person
Object: Right holder contact
Object: Right holder name
Object: Supplied by
Object: Textual inscription inscriber (#<CspaceConfigUntangler::Message:0x00000001445fa420>)
Organization: Contact name
Person: Associated person
Person: Other information author
Place: Associated person
Place: Georeferenced by
Place: Owner
Transport: Courier name
Transport: Customs broker contact (#<CspaceConfigUntangler::Message:0x000000013c7b1190>)
Transport: Customs broker name (#<CspaceConfigUntangler::Message:0x000000013c7b1190>)
Transport: Shipping quote provider
Transport: Transport authorizer (#<CspaceConfigUntangler::Message:0x000000013c7b16e0>)
Transport: Transporter contact (#<CspaceConfigUntangler::Message:0x000000013c7b17d0>)
Transport: Transporter name (#<CspaceConfigUntangler::Message:0x000000013c7b17d0>)
Use of Collections: Authorized by
Use of Collections: Staff name
Use of Collections: User name
Valuation Control: Source
Work: Creator name
Work: Publisher name"
fcart_8-2-0,person,person/ulan,y,14,"Chronology: Associated person
Citation: Agent name
Exhibition: Organizer
Exhibition: Sponsor
Exhibition: Working group member name
Insurance/Indemnity: Authorizer (#<CspaceConfigUntangler::Message:0x0000000145ada5c0>)
Insurance/Indemnity: Insurer/indemnifier
Insurance/Indemnity: Quote provider
Object: Content person (#<CspaceConfigUntangler::Message:0x00000001445fa5b0>)
Object: Object count counted by
Object: Object significance assigned contact
Object: Supplied by
Person: Associated person
Place: Associated person"
fcart_8-2-0,place,place/local,y,27,"Chronology: Alternative date spatial coverage
Chronology: Associated place
Chronology: Spatial coverage
Citation: Publication place
Exhibition: Venue name
Intake: Current location
Intake: Normal location
Location/Movement/Inventory: Current location (#<CspaceConfigUntangler::Message:0x000000013cb3f000>)
Location/Movement/Inventory: Normal location
Object: Associated event place (#<CspaceConfigUntangler::Message:0x00000001445f9de0>)
Object: Associated place (#<CspaceConfigUntangler::Message:0x00000001445f9de0>)
Object: Content place (#<CspaceConfigUntangler::Message:0x00000001445fa5b0>)
Object: Content place (controlled) (#<CspaceConfigUntangler::Message:0x00000001445fa5b0>)
Object: Ownership place
Object: Production place
Person: Associated place
Person: Birth place supplied
Place: Address country
Place: Address municipality
Place: Address state/province
Place: Associated place
Transport: Arrival point (#<CspaceConfigUntangler::Message:0x000000013c7b1410>)
Transport: Departure point (#<CspaceConfigUntangler::Message:0x000000013c7b1550>)
Use of Collections: Location
Work: Address country
Work: Address municipality
Work: Address state/province"
fcart_8-2-0,place,place/tgn,y,13,"Chronology: Alternative date spatial coverage
Chronology: Associated place
Chronology: Spatial coverage
Citation: Publication place
Exhibition: Venue name
Person: Associated place
Place: Address country
Place: Address municipality
Place: Address state/province
Place: Associated place
Work: Address country
Work: Address municipality
Work: Address state/province"
fcart_8-2-0,work,work/cona,y,1,Object: Content work name (#<CspaceConfigUntangler::Message:0x00000001445fa5b0>)
fcart_8-2-0,work,work/local,y,2,"Object: Content work name (#<CspaceConfigUntangler::Message:0x00000001445fa5b0>)
Object: Named collection"
botgarden_4-0-0,citation,citation/local,y,9,"Citation: Term source name (#<CspaceConfigUntangler::Message:0x0000000143691bf0>)
Concept: Term source name (#<CspaceConfigUntangler::Message:0x000000012fa368c8>)
Organization: Term source name (#<CspaceConfigUntangler::Message:0x00000001249da7e0>)
Person: Term source name (#<CspaceConfigUntangler::Message:0x000000012173d990>)
Place: Term source name (#<CspaceConfigUntangler::Message:0x0000000133e7f390>)
Taxon: Citation
Taxon: Common name source
Taxon: Term source name (#<CspaceConfigUntangler::Message:0x00000001374d4a80>)
Work: Term source name (#<CspaceConfigUntangler::Message:0x00000001330b0930>)"
botgarden_4-0-0,citation,citation/worldcat,y,8,"Citation: Term source name (#<CspaceConfigUntangler::Message:0x0000000143691bf0>)
Concept: Term source name (#<CspaceConfigUntangler::Message:0x000000012fa368c8>)
Organization: Term source name (#<CspaceConfigUntangler::Message:0x00000001249da7e0>)
Person: Term source name (#<CspaceConfigUntangler::Message:0x000000012173d990>)
Place: Term source name (#<CspaceConfigUntangler::Message:0x0000000133e7f390>)
Taxon: Citation
Taxon: Term source name (#<CspaceConfigUntangler::Message:0x00000001374d4a80>)
Work: Term source name (#<CspaceConfigUntangler::Message:0x00000001330b0930>)"
botgarden_4-0-0,concept,concept/activity,y,1,Citation: Related term
botgarden_4-0-0,concept,concept/archculture,n,0,""
botgarden_4-0-0,concept,concept/associated,y,2,"Citation: Related term
Propagation: Medium (#<CspaceConfigUntangler::Message:0x000000013a79a500>)"
botgarden_4-0-0,concept,concept/class,y,1,Object: Accession used in
botgarden_4-0-0,concept,concept/conservation,n,0,""
botgarden_4-0-0,concept,concept/ethculture,n,0,""
botgarden_4-0-0,concept,concept/material,y,1,Citation: Related term
botgarden_4-0-0,concept,concept/nomenclature,n,0,""
botgarden_4-0-0,concept,concept/occasion,n,0,""
botgarden_4-0-0,concept,concept/research,y,1,Object: Accession used in
botgarden_4-0-0,location,location/local,y,5,"Current Location: Garden location
Intake: Current location
Intake: Normal location
Propagation: Location in nursery (#<CspaceConfigUntangler::Message:0x000000013a79a500>)
Voucher: Garden location"
botgarden_4-0-0,location,location/offsite,n,0,""
botgarden_4-0-0,organization,organization/local,y,29,"Citation: Agent name
Citation: Publisher
Condition Check: Checker/assessor
Current Location: Garden location
Distribution: Authorized by
Distribution: Organization
Intake: Condition check assessor
Intake: Current owner
Intake: Depositor name
Intake: Insurer
Intake: Valuer
Media Handling: Contributor
Media Handling: Creator
Media Handling: Measured by
Media Handling: Publisher
Media Handling: Rights holder
Object: Associated event organization (#<CspaceConfigUntangler::Message:0x000000014af96410>)
Object: Associated organization (#<CspaceConfigUntangler::Message:0x000000014af96410>)
Object: Field collector
Object: Owner
Object: Taxonomic identification by (#<CspaceConfigUntangler::Message:0x000000014af972c0>)
Object: Taxonomic identification institution (#<CspaceConfigUntangler::Message:0x000000014af972c0>)
Place: Georeferenced by
Place: Owner
Taxon: Author name
Valuation Control: Source
Voucher: Voucher institution
Work: Creator name
Work: Publisher name"
botgarden_4-0-0,organization,organization/ulan,n,0,""
botgarden_4-0-0,person,person/local,y,35,"Citation: Agent name
Condition Check: Checker/assessor
Current Location: Contact
Distribution: Authorized by
Group: Group owner
Intake: Approval individual (#<CspaceConfigUntangler::Message:0x00000001449fc550>)
Intake: Condition check assessor
Intake: Current owner
Intake: Depositor name
Intake: Insurer
Intake: Valuer
Media Handling: Contributor
Media Handling: Creator
Media Handling: Measured by
Media Handling: Publisher
Media Handling: Rights holder
Object: Annotation author
Object: Associated event person (#<CspaceConfigUntangler::Message:0x000000014af96410>)
Object: Associated person (#<CspaceConfigUntangler::Message:0x000000014af96410>)
Object: Field collection number assignor
Object: Field collector
Object: Owner
Object: Requested by
Object: Taxonomic identification by (#<CspaceConfigUntangler::Message:0x000000014af972c0>)
Object: Type specimen asserted by
Organization: Contact name
Person: Other information author
Place: Georeferenced by
Place: Owner
Taxon: Author name
Valuation Control: Source
Voucher: Collector
Voucher: Reviewed by
Work: Creator name
Work: Publisher name"
botgarden_4-0-0,person,person/ulan,y,1,Citation: Agent name
botgarden_4-0-0,place,place/local,y,9,"Citation: Publication place
Object: Field collection place
Person: Birth place supplied
Place: Address country
Place: Address municipality
Place: Address state/province
Work: Address country
Work: Address municipality
Work: Address state/province"
botgarden_4-0-0,place,place/tgn,y,7,"Citation: Publication place
Place: Address country
Place: Address municipality
Place: Address state/province
Work: Address country
Work: Address municipality
Work: Address state/province"
botgarden_4-0-0,taxon,taxon/common,n,0,""
botgarden_4-0-0,taxon,taxon/local,y,7,"Object: Affinity taxon
Object: Associated taxon name
Object: Hybrid parent name
Object: Taxonomic identification scientific name (#<CspaceConfigUntangler::Message:0x000000014af97450>)
Object: Type specimen verified basionym
Pot Tag: Family
Pot Tag: Taxon name"
botgarden_4-0-0,work,work/cona,n,0,""
botgarden_4-0-0,work,work/local,y,1,Object: Named collection
anthro_9-2-0,chronology,chronology/era,y,9,"Chronology: Associated event/era
NAGPRA Inventory: Time period era
Object: Associated controlled event or period/era (#<CspaceConfigUntangler::Message:0x000000014c35aa50>)
Object: Content controlled event or period/era (#<CspaceConfigUntangler::Message:0x000000014c35b220>)
Object: Production era
Person: Associated event/era
Place: Associated event/era
Repatriation Request: Time period era
Summary Documentation: Time period era"
anthro_9-2-0,chronology,chronology/event,y,6,"Chronology: Associated event/era
Object: Associated controlled event or period/era (#<CspaceConfigUntangler::Message:0x000000014c35aa50>)
Object: Content controlled event or period/era (#<CspaceConfigUntangler::Message:0x000000014c35b220>)
Object: Field collection event
Person: Associated event/era
Place: Associated event/era"
anthro_9-2-0,chronology,chronology/fieldcollection,y,4,"Chronology: Associated event/era
Object: Field collection event
Person: Associated event/era
Place: Associated event/era"
anthro_9-2-0,citation,citation/local,y,36,"Chronology: Alternative date citation
Chronology: Associated concept citation
Chronology: Associated event/era citation
Chronology: Associated organization citation
Chronology: Associated people citation
Chronology: Associated person citation
Chronology: Associated place citation
Chronology: Resource identifier citation
Chronology: Term source name (#<CspaceConfigUntangler::Message:0x000000014acd9880>)
Citation: Term source name (#<CspaceConfigUntangler::Message:0x000000014b014f68>)
Concept: Term source name (#<CspaceConfigUntangler::Message:0x0000000122674990>)
Exhibition: Bibliographic reference
Object: Reference
Organization: Term source name (#<CspaceConfigUntangler::Message:0x000000013d198b68>)
Person: Associated concept citation
Person: Associated event/era citation
Person: Associated organization citation
Person: Associated people citation
Person: Associated person citation
Person: Associated place citation
Person: Term source name (#<CspaceConfigUntangler::Message:0x0000000141878df8>)
Place: Assertion reference name (#<CspaceConfigUntangler::Message:0x0000000145c99398>)
Place: Associated concept citation
Place: Associated event/era citation
Place: Associated organization citation
Place: Associated people citation
Place: Associated person citation
Place: Associated place citation
Place: Published report reference
Place: Term source name (#<CspaceConfigUntangler::Message:0x0000000145c99bb8>)
Place: Unpublished manuscript reference
Storage Location: Term source name (#<CspaceConfigUntangler::Message:0x000000013b971dc8>)
Taxon: Citation
Taxon: Common name source
Taxon: Term source name (#<CspaceConfigUntangler::Message:0x00000001223d8ee8>)
Work: Term source name (#<CspaceConfigUntangler::Message:0x000000014ddf0568>)"
anthro_9-2-0,citation,citation/worldcat,y,33,"Chronology: Alternative date citation
Chronology: Associated concept citation
Chronology: Associated event/era citation
Chronology: Associated organization citation
Chronology: Associated people citation
Chronology: Associated person citation
Chronology: Associated place citation
Chronology: Resource identifier citation
Chronology: Term source name (#<CspaceConfigUntangler::Message:0x000000014acd9880>)
Citation: Term source name (#<CspaceConfigUntangler::Message:0x000000014b014f68>)
Concept: Term source name (#<CspaceConfigUntangler::Message:0x0000000122674990>)
Exhibition: Bibliographic reference
Object: Reference
Organization: Term source name (#<CspaceConfigUntangler::Message:0x000000013d198b68>)
Person: Associated concept citation
Person: Associated event/era citation
Person: Associated organization citation
Person: Associated people citation
Person: Associated person citation
Person: Associated place citation
Person: Term source name (#<CspaceConfigUntangler::Message:0x0000000141878df8>)
Place: Assertion reference name (#<CspaceConfigUntangler::Message:0x0000000145c99398>)
Place: Associated concept citation
Place: Associated event/era citation
Place: Associated organization citation
Place: Associated people citation
Place: Associated person citation
Place: Associated place citation
Place: Term source name (#<CspaceConfigUntangler::Message:0x0000000145c99bb8>)
Storage Location: Term source name (#<CspaceConfigUntangler::Message:0x000000013b971dc8>)
Taxon: Citation
Taxon: Term source name (#<CspaceConfigUntangler::Message:0x00000001223d8ee8>)
Work: Term source name (#<CspaceConfigUntangler::Message:0x000000014ddf0568>)"
anthro_9-2-0,concept,concept/activity,y,4,"Chronology: Associated concept
Citation: Related term
Person: Associated concept
Place: Associated concept"
anthro_9-2-0,concept,concept/archculture,y,9,"Chronology: Associated concept
NAGPRA Claim: Cultural group involved name
NAGPRA Inventory: Cultural group name
Object: Cultural determination culture
Object: Production cultural group
Person: Associated concept
Place: Associated concept
Repatriation Request: Cultural group name
Summary Documentation: Cultural group name"
anthro_9-2-0,concept,concept/associated,y,9,"Chronology: Associated concept
Chronology: Associated people
Citation: Related term
Object: Associated concept (#<CspaceConfigUntangler::Message:0x000000014c35aa50>)
Object: Content concept (#<CspaceConfigUntangler::Message:0x000000014c35b220>)
Person: Associated concept
Person: Associated people
Place: Associated concept
Place: Associated people"
anthro_9-2-0,concept,concept/ethculture,y,7,"Intake: Field collection source
NAGPRA Claim: Cultural group involved name
NAGPRA Inventory: Cultural group name
Object: Cultural determination culture
Object: Production cultural group
Repatriation Request: Cultural group name
Summary Documentation: Cultural group name"
anthro_9-2-0,concept,concept/ethfilecode,y,1,Object: Function
anthro_9-2-0,concept,concept/material,y,6,"Chronology: Associated concept
Citation: Related term
Object: Content concept (#<CspaceConfigUntangler::Message:0x000000014c35b220>)
Object: Material controlled
Person: Associated concept
Place: Associated concept"
anthro_9-2-0,concept,concept/nomenclature,y,4,"Chronology: Associated concept
Object: Object name controlled
Person: Associated concept
Place: Associated concept"
anthro_9-2-0,concept,concept/occasion,y,4,"Chronology: Associated concept
Person: Associated concept
Place: Associated concept
Use of Collections: Occasion"
anthro_9-2-0,location,location/local,y,7,"Exhibition: Venue name
Intake: Current location
Intake: Normal location
Location/Movement/Inventory: Current location (#<CspaceConfigUntangler::Message:0x000000013c159ec8>)
Location/Movement/Inventory: Normal location
Object: Computed current location
Use of Collections: Location"
anthro_9-2-0,location,location/offsite,y,6,"Exhibition: Venue name
Intake: Current location
Intake: Normal location
Location/Movement/Inventory: Current location (#<CspaceConfigUntangler::Message:0x000000013c159ec8>)
Location/Movement/Inventory: Normal location
Object: Computed current location"
anthro_9-2-0,organization,organization/local,y,101,"Acquisitions: Acquisition source
Acquisitions: Funding source
Acquisitions: Owner
Acquisitions: Parties involved on behalf of
Chronology: Associated organization
Citation: Agent name
Citation: Publisher
Condition Check: Checker/assessor
Conservation: Conservator
Conservation: Other treatment party name
Consultation: Parties involved on behalf of
Deaccession: Exit recipient
Deaccession: Parties involved on behalf of
Duty of Care: Duty of care detail determined by
Duty of Care: Parties involved on behalf of
Exhibition: Organizer
Exhibition: Sponsor
Exhibition: Venue name
Exhibition: Working group member name
Held-in-Trust: Access limitation requested on behalf of
Held-in-Trust: Correspondence recipient
Held-in-Trust: Correspondence sender
Held-in-Trust: Owner
Insurance/Indemnity: Insurer/indemnifier
Insurance/Indemnity: Quote provider
Intake: Condition check assessor
Intake: Current location
Intake: Current owner
Intake: Depositor name
Intake: Field collector
Intake: Insurer
Intake: Normal location
Intake: Valuer
Loan In: Lender name
Loan Out: Borrower name (#<CspaceConfigUntangler::Message:0x000000013b7765f0>)
Location/Movement/Inventory: Current location (#<CspaceConfigUntangler::Message:0x000000013c159ec8>)
Location/Movement/Inventory: Normal location
Media Handling: Contributor
Media Handling: Creator
Media Handling: Measured by
Media Handling: Publisher
Media Handling: Rights holder
NAGPRA Claim: Claim filed by
NAGPRA Claim: Claim filed on behalf of
NAGPRA Inventory: Inventory cultural affiliation determined by
NAGPRA Inventory: Inventory cultural affiliation tribe/nation
NAGPRA Inventory: Parties involved on behalf of
Object Exit (Legacy): Current owner
Object Exit (Legacy): Depositor
Object Exit (Legacy): Disposal proposed recipient
Object Exit (Legacy): Disposal recipient
Object Exit: Exit agent name
Object Exit: Owner after exit
Object: Access limitation requested on behalf of
Object: Associated event organization (#<CspaceConfigUntangler::Message:0x000000014c35aa50>)
Object: Associated organization (#<CspaceConfigUntangler::Message:0x000000014c35aa50>)
Object: Computed current location
Object: Content organization (#<CspaceConfigUntangler::Message:0x000000014c35b220>)
Object: Cultural determination by
Object: Field collection source
Object: Field collector
Object: Measured by
Object: NAGPRA report filed by
Object: NAGPRA report filed with
Object: Non-textual inscription inscriber (#<CspaceConfigUntangler::Message:0x000000014c35af00>)
Object: Previous owner name
Object: Production organization
Object: Right holder contact
Object: Right holder name
Object: Taxonomic identification by (#<CspaceConfigUntangler::Message:0x000000014c3599c0>>#<CspaceConfigUntangler::Message:0x000000014c35b9f0>)
Object: Taxonomic identification institution (#<CspaceConfigUntangler::Message:0x000000014c3599c0>>#<CspaceConfigUntangler::Message:0x000000014c35b9f0>)
Object: Textual inscription inscriber (#<CspaceConfigUntangler::Message:0x000000014c35b090>)
Person: Associated organization
Place: Assertion by (#<CspaceConfigUntangler::Message:0x0000000145c99398>)
Place: Associated organization
Place: Georeferenced by
Place: Owner
Repatriation Request: Parties involved on behalf of
Restricted Media Handling: Contributor
Restricted Media Handling: Creator
Restricted Media Handling: Measured by
Restricted Media Handling: Publisher
Restricted Media Handling: Rights holder
Summary Documentation: Parties involved on behalf of
Summary Documentation: Summary affiliation determined by
Summary Documentation: Summary affiliation tribe/nation
Taxon: Author name
Transport: Arrival point (#<CspaceConfigUntangler::Message:0x000000014c75d990>)
Transport: Courier name
Transport: Customs broker name (#<CspaceConfigUntangler::Message:0x000000014c75d6c0>)
Transport: Departure point (#<CspaceConfigUntangler::Message:0x000000014c75da80>)
Transport: Shipping quote provider
Transport: Transporter name (#<CspaceConfigUntangler::Message:0x000000014c75dc60>)
Use of Collections: Authorized by
Use of Collections: Location
Use of Collections: Staff name
Use of Collections: User institution
Use of Collections: User name
Valuation Control: Source
Work: Creator name
Work: Publisher name"
anthro_9-2-0,organization,organization/ulan,y,11,"Chronology: Associated organization
Exhibition: Organizer
Exhibition: Sponsor
Exhibition: Venue name
Exhibition: Working group member name
Insurance/Indemnity: Insurer/indemnifier
Insurance/Indemnity: Quote provider
Object: Content organization (#<CspaceConfigUntangler::Message:0x000000014c35b220>)
Person: Associated organization
Place: Assertion by (#<CspaceConfigUntangler::Message:0x0000000145c99398>)
Place: Associated organization"
anthro_9-2-0,person,person/local,y,129,"Acquisitions: Acquisition source
Acquisitions: Approval individual (#<CspaceConfigUntangler::Message:0x000000013c61fac0>)
Acquisitions: Authorizer (#<CspaceConfigUntangler::Message:0x000000013c5d49d0>)
Acquisitions: Funding source
Acquisitions: Owner
Acquisitions: Parties involved person
Chronology: Associated person
Citation: Agent name
Condition Check: Checker/assessor
Conservation: Analysis researcher
Conservation: Approved by
Conservation: Conservator
Conservation: Destructive analysis sample taken by
Conservation: Examination staff
Conservation: Other treatment party name
Consultation: Consultation log recipient
Consultation: Parties involved person
Deaccession: Deaccession approval individual (#<CspaceConfigUntangler::Message:0x00000001431962e0>)
Deaccession: Exit recipient
Deaccession: Parties involved person
Duty of Care: Duty of care detail determined by
Duty of Care: Parties involved person
Exhibition: Organizer
Exhibition: Sponsor
Exhibition: Working group member name
Group: Group owner
Held-in-Trust: Access limitation requester
Held-in-Trust: Correspondence recipient
Held-in-Trust: Correspondence sender
Held-in-Trust: Held-in-Trust status individual
Held-in-Trust: Owner
Insurance/Indemnity: Authorizer (#<CspaceConfigUntangler::Message:0x0000000134bfabf0>)
Insurance/Indemnity: Insurer/indemnifier
Insurance/Indemnity: Quote provider
Intake: Approval individual (#<CspaceConfigUntangler::Message:0x0000000143718da8>)
Intake: Condition check assessor
Intake: Current owner
Intake: Depositor name
Intake: Field collection source
Intake: Field collector
Intake: Insurer
Intake: Valuer
Loan In: Borrower authorizer (#<CspaceConfigUntangler::Message:0x000000013b4ff880>)
Loan In: Borrower contact (#<CspaceConfigUntangler::Message:0x000000013b4ff880>)
Loan In: Lender authorizer
Loan In: Lender contact
Loan In: Lender name
Loan In: Loan status individual
Loan Out: Borrower authorizer (#<CspaceConfigUntangler::Message:0x000000013b7765f0>)
Loan Out: Borrower contact (#<CspaceConfigUntangler::Message:0x000000013b7765f0>)
Loan Out: Borrower name (#<CspaceConfigUntangler::Message:0x000000013b7765f0>)
Loan Out: Lender authorizer (#<CspaceConfigUntangler::Message:0x000000013b776500>)
Loan Out: Lender contact (#<CspaceConfigUntangler::Message:0x000000013b776500>)
Loan Out: Loan status individual
Location/Movement/Inventory: Inventory contact
Location/Movement/Inventory: Movement contact
Media Handling: Contributor
Media Handling: Creator
Media Handling: Measured by
Media Handling: Publisher
Media Handling: Rights holder
NAGPRA Claim: Claim filed by
NAGPRA Claim: Claim filed on behalf of
NAGPRA Inventory: Inventory cultural affiliation determined by
NAGPRA Inventory: Inventory documentation status individual
NAGPRA Inventory: Parties involved person
Object Exit (Legacy): Current owner
Object Exit (Legacy): Deaccession approval individual
Object Exit (Legacy): Deaccession authorizer
Object Exit (Legacy): Depositor
Object Exit (Legacy): Disposal proposed recipient
Object Exit (Legacy): Disposal recipient
Object Exit: Approval status individual
Object Exit: Exit agent name
Object Exit: Owner after exit
Object: Access limitation requestor
Object: Annotation author
Object: Associated event person (#<CspaceConfigUntangler::Message:0x000000014c35aa50>)
Object: Associated person (#<CspaceConfigUntangler::Message:0x000000014c35aa50>)
Object: Content person (#<CspaceConfigUntangler::Message:0x000000014c35b220>)
Object: Cultural determination by
Object: Field collection source
Object: Field collector
Object: Measured by
Object: NAGPRA report filed by
Object: NAGPRA report filed with
Object: Non-textual inscription inscriber (#<CspaceConfigUntangler::Message:0x000000014c35af00>)
Object: Object count counted by
Object: Previous owner name
Object: Production person
Object: Right holder contact
Object: Right holder name
Object: Taxonomic identification by (#<CspaceConfigUntangler::Message:0x000000014c3599c0>>#<CspaceConfigUntangler::Message:0x000000014c35b9f0>)
Object: Textual inscription inscriber (#<CspaceConfigUntangler::Message:0x000000014c35b090>)
Organization: Contact name
Osteology: Age estimate analyst
Osteology: Inventory analyst
Osteology: Sex determination analyst
Person: Associated person
Person: Other information author
Place: Assertion by (#<CspaceConfigUntangler::Message:0x0000000145c99398>)
Place: Associated person
Place: Georeferenced by
Place: Owner
Repatriation Request: Parties involved person
Repatriation Request: Repatriation request documentation status individual
Repatriation Request: Repatriation request status individual
Restricted Media Handling: Contributor
Restricted Media Handling: Creator
Restricted Media Handling: Measured by
Restricted Media Handling: Publisher
Restricted Media Handling: Rights holder
Summary Documentation: Parties involved person
Summary Documentation: Summary affiliation determined by
Summary Documentation: Summary documentation status individual
Taxon: Author name
Transport: Courier name
Transport: Customs broker contact (#<CspaceConfigUntangler::Message:0x000000014c75d6c0>)
Transport: Customs broker name (#<CspaceConfigUntangler::Message:0x000000014c75d6c0>)
Transport: Shipping quote provider
Transport: Transport authorizer (#<CspaceConfigUntangler::Message:0x000000014c75db70>)
Transport: Transporter contact (#<CspaceConfigUntangler::Message:0x000000014c75dc60>)
Transport: Transporter name (#<CspaceConfigUntangler::Message:0x000000014c75dc60>)
Use of Collections: Authorized by
Use of Collections: Staff name
Use of Collections: User name
Valuation Control: Source
Work: Creator name
Work: Publisher name"
anthro_9-2-0,person,person/ulan,y,13,"Chronology: Associated person
Citation: Agent name
Exhibition: Organizer
Exhibition: Sponsor
Exhibition: Working group member name
Insurance/Indemnity: Authorizer (#<CspaceConfigUntangler::Message:0x0000000134bfabf0>)
Insurance/Indemnity: Insurer/indemnifier
Insurance/Indemnity: Quote provider
Object: Content person (#<CspaceConfigUntangler::Message:0x000000014c35b220>)
Object: Object count counted by
Person: Associated person
Place: Assertion by (#<CspaceConfigUntangler::Message:0x0000000145c99398>)
Place: Associated person"
anthro_9-2-0,place,place/archaeological,y,4,"NAGPRA Inventory: Archaeological site name
Object: Field collection site
Repatriation Request: Archaeological site name
Summary Documentation: Archaeological site name"
anthro_9-2-0,place,place/local,y,28,"Chronology: Alternative date spatial coverage
Chronology: Associated place
Chronology: Spatial coverage
Citation: Publication place
Exhibition: Venue name
Intake: Current location
Intake: Normal location
NAGPRA Claim: Site/place involved name
NAGPRA Inventory: Place represented name
Object: Content place (controlled) (#<CspaceConfigUntangler::Message:0x000000014c35b220>)
Object: Field collection place
Object: Field collection place
Object: Previous ownership place
Object: Production place
Person: Associated place
Person: Birth place supplied
Place: Address country
Place: Address municipality
Place: Address state/province
Place: Associated place
Repatriation Request: Place represented name
Summary Documentation: Place represented name
Transport: Arrival point (#<CspaceConfigUntangler::Message:0x000000014c75d990>)
Transport: Departure point (#<CspaceConfigUntangler::Message:0x000000014c75da80>)
Use of Collections: Location
Work: Address country
Work: Address municipality
Work: Address state/province"
anthro_9-2-0,place,place/tgn,y,15,"Chronology: Alternative date spatial coverage
Chronology: Associated place
Chronology: Spatial coverage
Citation: Publication place
Exhibition: Venue name
Object: Field collection place
Object: Production place
Person: Associated place
Place: Address country
Place: Address municipality
Place: Address state/province
Place: Associated place
Work: Address country
Work: Address municipality
Work: Address state/province"
anthro_9-2-0,taxon,taxon/common,n,0,""
anthro_9-2-0,taxon,taxon/local,y,1,Object: Taxonomic identification scientific name (#<CspaceConfigUntangler::Message:0x000000014c3599c0>>#<CspaceConfigUntangler::Message:0x000000014c35bbd0>)
anthro_9-2-0,work,work/cona,n,0,""
anthro_9-2-0,work,work/local,y,1,Object: Named collection
