fid,profile,record_type,namespace,namespace_for_id,field_id,ui_info_group,ui_path,ui_field_label,xml_path,xml_field_name,data_type,required,repeats,group_repeats,data_source_type,data_source_name,option_list_values
botgarden citation ns2:citations_common termDisplayName,botgarden,citation,ns2:citations_common,ns2:citations_common,citations_common.termDisplayName,Citation Information,"",Term display name,citationTermGroupList > citationTermGroup,termDisplayName,string,y,n,y,"","",""
botgarden citation ns2:citations_common termStatus,botgarden,citation,ns2:citations_common,ns2:citations_common,citations_common.termStatus,Citation Information,"",Term status,citationTermGroupList > citationTermGroup,termStatus,string,n,n,y,option list,citationTermStatuses,"accepted, provisional, rejected, under review"
botgarden citation ns2:citations_common termType,botgarden,citation,ns2:citations_common,ns2:citations_common,citations_common.termType,Citation Information,"",Term type,citationTermGroupList > citationTermGroup,termType,string,n,n,y,vocabulary,citationtermtype,""
botgarden citation ns2:citations_common termFlag,botgarden,citation,ns2:citations_common,ns2:citations_common,citations_common.termFlag,Citation Information,"",Term flag,citationTermGroupList > citationTermGroup,termFlag,string,n,n,y,vocabulary,citationtermflag,""
botgarden citation ns2:citations_common termLanguage,botgarden,citation,ns2:citations_common,ns2:citations_common,citations_common.termLanguage,Citation Information,"",Term language,citationTermGroupList > citationTermGroup,termLanguage,string,n,n,y,vocabulary,languages,""
botgarden citation ns2:citations_common termPrefForLang,botgarden,citation,ns2:citations_common,ns2:citations_common,citations_common.termPrefForLang,Citation Information,"",Term preferred for lang,citationTermGroupList > citationTermGroup,termPrefForLang,boolean,n,n,y,"","",""
botgarden citation ns2:citations_common termFullCitation,botgarden,citation,ns2:citations_common,ns2:citations_common,citations_common.termFullCitation,Citation Information,"",Term full citation,citationTermGroupList > citationTermGroup,termFullCitation,string,n,n,y,"","",""
botgarden citation ns2:citations_common termTitle,botgarden,citation,ns2:citations_common,ns2:citations_common,citations_common.termTitle,Citation Information,"",Term title,citationTermGroupList > citationTermGroup,termTitle,string,n,n,y,"","",""
botgarden citation ns2:citations_common termSubTitle,botgarden,citation,ns2:citations_common,ns2:citations_common,citations_common.termSubTitle,Citation Information,"",Term subtitle,citationTermGroupList > citationTermGroup,termSubTitle,string,n,n,y,"","",""
botgarden citation ns2:citations_common termSectionTitle,botgarden,citation,ns2:citations_common,ns2:citations_common,citations_common.termSectionTitle,Citation Information,"",Term section title,citationTermGroupList > citationTermGroup,termSectionTitle,string,n,n,y,"","",""
botgarden citation ns2:citations_common termVolume,botgarden,citation,ns2:citations_common,ns2:citations_common,citations_common.termVolume,Citation Information,"",Term volume,citationTermGroupList > citationTermGroup,termVolume,string,n,n,y,"","",""
botgarden citation ns2:citations_common termIssue,botgarden,citation,ns2:citations_common,ns2:citations_common,citations_common.termIssue,Citation Information,"",Term issue,citationTermGroupList > citationTermGroup,termIssue,string,n,n,y,"","",""
botgarden citation ns2:citations_common termSource,botgarden,citation,ns2:citations_common,ns2:citations_common,citations_common.termSource,Citation Information,Source,Term source name,citationTermGroupList > citationTermGroup,termSource,string,n,n,y,authority,citation/local; citation/worldcat,""
botgarden citation ns2:citations_common termSourceDetail,botgarden,citation,ns2:citations_common,ns2:citations_common,citations_common.termSourceDetail,Citation Information,Source,Term source detail,citationTermGroupList > citationTermGroup,termSourceDetail,string,n,n,y,"","",""
botgarden citation ns2:citations_common termSourceID,botgarden,citation,ns2:citations_common,ns2:citations_common,citations_common.termSourceID,Citation Information,Source,Term source ID,citationTermGroupList > citationTermGroup,termSourceID,string,n,n,y,"","",""
botgarden citation ns2:citations_common termSourceNote,botgarden,citation,ns2:citations_common,ns2:citations_common,citations_common.termSourceNote,Citation Information,Source,Term source note,citationTermGroupList > citationTermGroup,termSourceNote,string,n,n,y,"","",""
botgarden citation ns2:citations_common publisher,botgarden,citation,ns2:citations_common,ns2:citations_common,citations_common.publisher,Citation Information,"",Publisher,citationPublicationInfoGroupList > citationPublicationInfoGroup,publisher,string,n,n,y,authority,organization/local,""
botgarden citation ns2:citations_common publicationPlace,botgarden,citation,ns2:citations_common,ns2:citations_common,citations_common.publicationPlace,Citation Information,"",Publication place,citationPublicationInfoGroupList > citationPublicationInfoGroup,publicationPlace,string,n,n,y,authority,place/local; place/tgn,""
botgarden citation ns2:citations_common publicationDate,botgarden,citation,ns2:citations_common,ns2:citations_common,citations_common.publicationDate,Citation Information,"",Publication date,citationPublicationInfoGroupList > citationPublicationInfoGroup,publicationDate,structured date group,n,n,y,"","",""
botgarden citation ns2:citations_common edition,botgarden,citation,ns2:citations_common,ns2:citations_common,citations_common.edition,Citation Information,"",Publication edition,citationPublicationInfoGroupList > citationPublicationInfoGroup,edition,string,n,n,y,"","",""
botgarden citation ns2:citations_common pages,botgarden,citation,ns2:citations_common,ns2:citations_common,citations_common.pages,Citation Information,"",Publication page(s),citationPublicationInfoGroupList > citationPublicationInfoGroup,pages,string,n,n,y,"","",""
botgarden citation ns2:citations_common agent,botgarden,citation,ns2:citations_common,ns2:citations_common,citations_common.agent,Citation Information,"",Agent name,citationAgentInfoGroupList > citationAgentInfoGroup,agent,string,n,n,y,authority,person/local; person/ulan; organization/local,""
botgarden citation ns2:citations_common role,botgarden,citation,ns2:citations_common,ns2:citations_common,citations_common.role,Citation Information,"",Agent role,citationAgentInfoGroupList > citationAgentInfoGroup,role,string,n,n,y,vocabulary,agentinfotype,""
botgarden citation ns2:citations_common note,botgarden,citation,ns2:citations_common,ns2:citations_common,citations_common.note,Citation Information,"",Agent note,citationAgentInfoGroupList > citationAgentInfoGroup,note,string,n,n,y,"","",""
botgarden citation ns2:citations_common citationNote,botgarden,citation,ns2:citations_common,ns2:citations_common,citations_common.citationNote,Citation Information,"",Note,"",citationNote,string,n,n,n/a,"","",""
botgarden citation ns2:citations_common resourceIdent,botgarden,citation,ns2:citations_common,ns2:citations_common,citations_common.resourceIdent,Citation Information,"",Resource identifier,citationResourceIdentGroupList > citationResourceIdentGroup,resourceIdent,string,n,n,y,"","",""
botgarden citation ns2:citations_common type,botgarden,citation,ns2:citations_common,ns2:citations_common,citations_common.type,Citation Information,"",Resource identifier type,citationResourceIdentGroupList > citationResourceIdentGroup,type,string,n,n,y,vocabulary,resourceidtype,""
botgarden citation ns2:citations_common captureDate,botgarden,citation,ns2:citations_common,ns2:citations_common,citations_common.captureDate,Citation Information,"",Resource identifier capture date,citationResourceIdentGroupList > citationResourceIdentGroup,captureDate,structured date group,n,n,y,"","",""
botgarden citation ns2:citations_common relatedTerm,botgarden,citation,ns2:citations_common,ns2:citations_common,citations_common.relatedTerm,Citation Information,"",Related term,citationRelatedTermsGroupList > citationRelatedTermsGroup,relatedTerm,string,n,n,y,authority,concept/associated; concept/activity; concept/material,""
botgarden citation ns2:citations_common relationType,botgarden,citation,ns2:citations_common,ns2:citations_common,citations_common.relationType,Citation Information,"",Related term type,citationRelatedTermsGroupList > citationRelatedTermsGroup,relationType,string,n,n,y,vocabulary,relationtypetype,""
botgarden collectionobject ns2:collectionobjects_common objectNumber,botgarden,collectionobject,ns2:collectionobjects_common,ns2:collectionobjects_common,collectionobjects_common.objectNumber,Object Identification Information,"",Accession number,"",objectNumber,string,y,n,n/a,"","",""
botgarden collectionobject ns2:collectionobjects_botgarden accessionDate,botgarden,collectionobject,ns2:collectionobjects_botgarden,ns2:collectionobjects_botgarden,collectionobjects_botgarden.accessionDate,Object Identification Information,"",Accession date,"",accessionDate,date,n,n,n/a,"","",""
botgarden collectionobject ns2:collectionobjects_botgarden deadFlag,botgarden,collectionobject,ns2:collectionobjects_botgarden,ns2:collectionobjects_botgarden,collectionobjects_botgarden.deadFlag,Object Identification Information,"",Dead flag,"",deadFlag,string,n,n,n/a,option list,booleans,"false, true"
botgarden collectionobject ns2:collectionobjects_botgarden deadDate,botgarden,collectionobject,ns2:collectionobjects_botgarden,ns2:collectionobjects_botgarden,collectionobjects_botgarden.deadDate,Object Identification Information,"",Dead date,"",deadDate,date,n,n,n/a,"","",""
botgarden collectionobject ns2:collectionobjects_common numberValue,botgarden,collectionobject,ns2:collectionobjects_common,ns2:collectionobjects_common,collectionobjects_common.numberValue,Object Identification Information,"",Other number value,otherNumberList > otherNumber,numberValue,string,n,n,y,"","",""
botgarden collectionobject ns2:collectionobjects_common numberType,botgarden,collectionobject,ns2:collectionobjects_common,ns2:collectionobjects_common,collectionobjects_common.numberType,Object Identification Information,"",Other number type,otherNumberList > otherNumber,numberType,string,n,n,y,option list,numberTypes,"associated uuid, barcode, lender, obsolete, previous, serial, unknown"
botgarden collectionobject ns2:collectionobjects_naturalhistory_extension taxon,botgarden,collectionobject,ns2:collectionobjects_naturalhistory_extension,ns2:collectionobjects_naturalhistory_extension,collectionobjects_naturalhistory_extension.taxon,Object Identification Information,Taxonomic identification,Taxonomic identification scientific name,taxonomicIdentGroupList > taxonomicIdentGroup,taxon,string,n,n,y,authority,taxon/local,""
botgarden collectionobject ns2:collectionobjects_naturalhistory_extension qualifier,botgarden,collectionobject,ns2:collectionobjects_naturalhistory_extension,ns2:collectionobjects_naturalhistory_extension,collectionobjects_naturalhistory_extension.qualifier,Object Identification Information,Taxonomic identification,Taxonomic identification qualifier,taxonomicIdentGroupList > taxonomicIdentGroup,qualifier,string,n,n,y,vocabulary,taxonqualifier,""
botgarden collectionobject ns2:collectionobjects_naturalhistory_extension affinityTaxon,botgarden,collectionobject,ns2:collectionobjects_naturalhistory_extension,ns2:collectionobjects_naturalhistory_extension,collectionobjects_naturalhistory_extension.affinityTaxon,Object Identification Information,"",Affinity taxon,taxonomicIdentGroupList > taxonomicIdentGroup,affinityTaxon,string,n,n,y,authority,taxon/local,""
botgarden collectionobject ns2:collectionobjects_naturalhistory_extension hybridFlag,botgarden,collectionobject,ns2:collectionobjects_naturalhistory_extension,ns2:collectionobjects_naturalhistory_extension,collectionobjects_naturalhistory_extension.hybridFlag,Object Identification Information,"",Hybrid flag,taxonomicIdentGroupList > taxonomicIdentGroup,hybridFlag,boolean,n,n,y,"","",""
botgarden collectionobject ns2:collectionobjects_naturalhistory_extension taxonomicIdentHybridParent,botgarden,collectionobject,ns2:collectionobjects_naturalhistory_extension,ns2:collectionobjects_naturalhistory_extension,collectionobjects_naturalhistory_extension.taxonomicIdentHybridParent,Object Identification Information,"",Hybrid parent name,taxonomicIdentGroupList > taxonomicIdentGroup > taxonomicIdentHybridParentGroupList > taxonomicIdentHybridParentGroup,taxonomicIdentHybridParent,string,n,n,y,authority,taxon/local,""
botgarden collectionobject ns2:collectionobjects_naturalhistory_extension taxonomicIdentHybridParentQualifier,botgarden,collectionobject,ns2:collectionobjects_naturalhistory_extension,ns2:collectionobjects_naturalhistory_extension,collectionobjects_naturalhistory_extension.taxonomicIdentHybridParentQualifier,Object Identification Information,"",Hybrid parent qualifier,taxonomicIdentGroupList > taxonomicIdentGroup > taxonomicIdentHybridParentGroupList > taxonomicIdentHybridParentGroup,taxonomicIdentHybridParentQualifier,string,n,n,y,vocabulary,hybridparentqualifier,""
botgarden collectionobject ns2:collectionobjects_naturalhistory_extension reference,botgarden,collectionobject,ns2:collectionobjects_naturalhistory_extension,ns2:collectionobjects_naturalhistory_extension,collectionobjects_naturalhistory_extension.reference,Object Identification Information,Reference,Taxonomic identification reference source,taxonomicIdentGroupList > taxonomicIdentGroup,reference,string,n,n,y,"","",""
botgarden collectionobject ns2:collectionobjects_naturalhistory_extension refPage,botgarden,collectionobject,ns2:collectionobjects_naturalhistory_extension,ns2:collectionobjects_naturalhistory_extension,collectionobjects_naturalhistory_extension.refPage,Object Identification Information,Reference,Taxonomic identification reference page,taxonomicIdentGroupList > taxonomicIdentGroup,refPage,string,n,n,y,"","",""
botgarden collectionobject ns2:collectionobjects_naturalhistory_extension identKind,botgarden,collectionobject,ns2:collectionobjects_naturalhistory_extension,ns2:collectionobjects_naturalhistory_extension,collectionobjects_naturalhistory_extension.identKind,Object Identification Information,"",Taxonomic identification kind,taxonomicIdentGroupList > taxonomicIdentGroup,identKind,string,n,n,y,vocabulary,taxonkind,""
botgarden collectionobject ns2:collectionobjects_naturalhistory_extension notes,botgarden,collectionobject,ns2:collectionobjects_naturalhistory_extension,ns2:collectionobjects_naturalhistory_extension,collectionobjects_naturalhistory_extension.notes,Object Identification Information,"",Taxonomic identification note,taxonomicIdentGroupList > taxonomicIdentGroup,notes,string,n,n,y,"","",""
botgarden collectionobject ns2:collectionobjects_naturalhistory_extension identBy,botgarden,collectionobject,ns2:collectionobjects_naturalhistory_extension,ns2:collectionobjects_naturalhistory_extension,collectionobjects_naturalhistory_extension.identBy,Object Identification Information,Identification by,Taxonomic identification by,taxonomicIdentGroupList > taxonomicIdentGroup,identBy,string,n,n,y,authority,person/local; organization/local,""
botgarden collectionobject ns2:collectionobjects_naturalhistory_extension identDateGroup,botgarden,collectionobject,ns2:collectionobjects_naturalhistory_extension,ns2:collectionobjects_naturalhistory_extension,collectionobjects_naturalhistory_extension.identDateGroup,Object Identification Information,Identification by,Taxonomic identification date,taxonomicIdentGroupList > taxonomicIdentGroup,identDateGroup,structured date group,n,n,y,"","",""
botgarden collectionobject ns2:collectionobjects_naturalhistory_extension institution,botgarden,collectionobject,ns2:collectionobjects_naturalhistory_extension,ns2:collectionobjects_naturalhistory_extension,collectionobjects_naturalhistory_extension.institution,Object Identification Information,Identification by,Taxonomic identification institution,taxonomicIdentGroupList > taxonomicIdentGroup,institution,string,n,n,y,authority,organization/local,""
botgarden collectionobject ns2:collectionobjects_common recordStatus,botgarden,collectionobject,ns2:collectionobjects_common,ns2:collectionobjects_common,collectionobjects_common.recordStatus,Object Identification Information,"",Provenance data quality,"",recordStatus,string,n,n,n/a,option list,recordStatuses,"approved, in-process, new, temporary"
botgarden collectionobject ns2:collectionobjects_botgarden provenanceType,botgarden,collectionobject,ns2:collectionobjects_botgarden,ns2:collectionobjects_botgarden,collectionobjects_botgarden.provenanceType,Object Identification Information,"",Provenance type,"",provenanceType,string,n,n,n/a,vocabulary,provenancetype,""
botgarden collectionobject ns2:collectionobjects_botgarden rare,botgarden,collectionobject,ns2:collectionobjects_botgarden,ns2:collectionobjects_botgarden,collectionobjects_botgarden.rare,Object Identification Information,"",Rare,"",rare,string,n,n,n/a,option list,booleans,"false, true"
botgarden collectionobject ns2:collectionobjects_botgarden cultivated,botgarden,collectionobject,ns2:collectionobjects_botgarden,ns2:collectionobjects_botgarden,collectionobjects_botgarden.cultivated,Object Identification Information,"",Cultivated,"",cultivated,string,n,n,n/a,option list,booleans,"false, true"
botgarden collectionobject ns2:collectionobjects_botgarden cbdRestriction,botgarden,collectionobject,ns2:collectionobjects_botgarden,ns2:collectionobjects_botgarden,collectionobjects_botgarden.cbdRestriction,Object Identification Information,"",CBD restriction,"",cbdRestriction,boolean,n,n,n/a,"","",""
botgarden collectionobject ns2:collectionobjects_botgarden requestedBy,botgarden,collectionobject,ns2:collectionobjects_botgarden,ns2:collectionobjects_botgarden,collectionobjects_botgarden.requestedBy,Object Identification Information,"",Requested by,"",requestedBy,string,n,n,n/a,authority,person/local,""
botgarden collectionobject ns2:collectionobjects_common briefDescription,botgarden,collectionobject,ns2:collectionobjects_common,ns2:collectionobjects_common,collectionobjects_common.briefDescription,Object Identification Information,"",Material type,briefDescriptions,briefDescription,string,n,y,n,"","",""
botgarden collectionobject ns2:collectionobjects_common namedCollection,botgarden,collectionobject,ns2:collectionobjects_common,ns2:collectionobjects_common,collectionobjects_common.namedCollection,Object Identification Information,"",Named collection,namedCollections,namedCollection,string,n,y,n,authority,work/local,""
botgarden collectionobject ns2:collectionobjects_botgarden source,botgarden,collectionobject,ns2:collectionobjects_botgarden,ns2:collectionobjects_botgarden,collectionobjects_botgarden.source,Object Identification Information,"",Source,"",source,string,n,n,n/a,"","",""
botgarden collectionobject ns2:collectionobjects_common comment,botgarden,collectionobject,ns2:collectionobjects_common,ns2:collectionobjects_common,collectionobjects_common.comment,Object Identification Information,"",Accession note,comments,comment,string,n,y,n,"","",""
botgarden collectionobject ns2:collectionobjects_naturalhistory_extension typeSpecimenKind,botgarden,collectionobject,ns2:collectionobjects_naturalhistory_extension,ns2:collectionobjects_naturalhistory_extension,collectionobjects_naturalhistory_extension.typeSpecimenKind,Object Identification Information,"",Type specimen kind,typeSpecimenGroupList > typeSpecimenGroup,typeSpecimenKind,string,n,n,y,vocabulary,typespecimenkind,""
botgarden collectionobject ns2:collectionobjects_naturalhistory_extension typeSpecimenAssertionBy,botgarden,collectionobject,ns2:collectionobjects_naturalhistory_extension,ns2:collectionobjects_naturalhistory_extension,collectionobjects_naturalhistory_extension.typeSpecimenAssertionBy,Object Identification Information,"",Type specimen asserted by,typeSpecimenGroupList > typeSpecimenGroup,typeSpecimenAssertionBy,string,n,n,y,authority,person/local,""
botgarden collectionobject ns2:collectionobjects_naturalhistory_extension typeSpecimenReference,botgarden,collectionobject,ns2:collectionobjects_naturalhistory_extension,ns2:collectionobjects_naturalhistory_extension,collectionobjects_naturalhistory_extension.typeSpecimenReference,Object Identification Information,"",Type specimen reference,typeSpecimenGroupList > typeSpecimenGroup,typeSpecimenReference,string,n,n,y,"","",""
botgarden collectionobject ns2:collectionobjects_naturalhistory_extension typeSpecimenRefPage,botgarden,collectionobject,ns2:collectionobjects_naturalhistory_extension,ns2:collectionobjects_naturalhistory_extension,collectionobjects_naturalhistory_extension.typeSpecimenRefPage,Object Identification Information,"",Type specimen reference page,typeSpecimenGroupList > typeSpecimenGroup,typeSpecimenRefPage,string,n,n,y,"","",""
botgarden collectionobject ns2:collectionobjects_naturalhistory_extension typeSpecimenBasionym,botgarden,collectionobject,ns2:collectionobjects_naturalhistory_extension,ns2:collectionobjects_naturalhistory_extension,collectionobjects_naturalhistory_extension.typeSpecimenBasionym,Object Identification Information,"",Type specimen verified basionym,typeSpecimenGroupList > typeSpecimenGroup,typeSpecimenBasionym,string,n,n,y,authority,taxon/local,""
botgarden collectionobject ns2:collectionobjects_naturalhistory_extension typeSpecimenNotes,botgarden,collectionobject,ns2:collectionobjects_naturalhistory_extension,ns2:collectionobjects_naturalhistory_extension,collectionobjects_naturalhistory_extension.typeSpecimenNotes,Object Identification Information,"",Type specimen note,typeSpecimenGroupList > typeSpecimenGroup,typeSpecimenNotes,string,n,n,y,"","",""
botgarden collectionobject ext.locality fieldLocVerbatim,botgarden,collectionobject,ns2:collectionobjects_naturalhistory_extension,ext.locality,ext.locality.fieldLocVerbatim,Locality Information,"",Field collection location verbatim,localityGroupList > localityGroup,fieldLocVerbatim,string,n,n,y,"","",""
botgarden collectionobject ext.locality fieldLocPlace,botgarden,collectionobject,ns2:collectionobjects_naturalhistory_extension,ext.locality,ext.locality.fieldLocPlace,Locality Information,"",Field collection place,localityGroupList > localityGroup,fieldLocPlace,string,n,n,y,authority,place/local,""
botgarden collectionobject ext.locality taxonomicRange,botgarden,collectionobject,ns2:collectionobjects_naturalhistory_extension,ext.locality,ext.locality.taxonomicRange,Locality Information,"",Geographic range of taxon,localityGroupList > localityGroup,taxonomicRange,string,n,n,y,"","",""
botgarden collectionobject ext.locality fieldLocCounty,botgarden,collectionobject,ns2:collectionobjects_naturalhistory_extension,ext.locality,ext.locality.fieldLocCounty,Locality Information,"",County,localityGroupList > localityGroup,fieldLocCounty,string,n,n,y,vocabulary,county,""
botgarden collectionobject ext.locality fieldLocState,botgarden,collectionobject,ns2:collectionobjects_naturalhistory_extension,ext.locality,ext.locality.fieldLocState,Locality Information,"",State,localityGroupList > localityGroup,fieldLocState,string,n,n,y,vocabulary,state,""
botgarden collectionobject ext.locality fieldLocCountry,botgarden,collectionobject,ns2:collectionobjects_naturalhistory_extension,ext.locality,ext.locality.fieldLocCountry,Locality Information,"",Country,localityGroupList > localityGroup,fieldLocCountry,string,n,n,y,vocabulary,country,""
botgarden collectionobject ext.locality fieldLocHigherGeography,botgarden,collectionobject,ns2:collectionobjects_naturalhistory_extension,ext.locality,ext.locality.fieldLocHigherGeography,Locality Information,"",Higher geography,localityGroupList > localityGroup,fieldLocHigherGeography,string,n,n,y,option list,higherGeographies,"North America, pacificocean"
botgarden collectionobject ext.locality vLatitude,botgarden,collectionobject,ns2:collectionobjects_naturalhistory_extension,ext.locality,ext.locality.vLatitude,Locality Information,"",Verbatim latitude,localityGroupList > localityGroup,vLatitude,string,n,n,y,"","",""
botgarden collectionobject ext.locality vLongitude,botgarden,collectionobject,ns2:collectionobjects_naturalhistory_extension,ext.locality,ext.locality.vLongitude,Locality Information,"",Verbatim longitude,localityGroupList > localityGroup,vLongitude,string,n,n,y,"","",""
botgarden collectionobject ext.locality vCoordinates,botgarden,collectionobject,ns2:collectionobjects_naturalhistory_extension,ext.locality,ext.locality.vCoordinates,Locality Information,"",TRS,localityGroupList > localityGroup,vCoordinates,string,n,n,y,"","",""
botgarden collectionobject ext.locality vOtherCoords,botgarden,collectionobject,ns2:collectionobjects_naturalhistory_extension,ext.locality,ext.locality.vOtherCoords,Locality Information,"",Other coords,localityGroupList > localityGroup,vOtherCoords,string,n,n,y,"","",""
botgarden collectionobject ext.locality vCoordSys,botgarden,collectionobject,ns2:collectionobjects_naturalhistory_extension,ext.locality,ext.locality.vCoordSys,Locality Information,"",Other coords system,localityGroupList > localityGroup,vCoordSys,string,n,n,y,vocabulary,vcoordsys,""
botgarden collectionobject ext.locality decimalLatitude,botgarden,collectionobject,ns2:collectionobjects_naturalhistory_extension,ext.locality,ext.locality.decimalLatitude,Locality Information,"",Decimal latitude,localityGroupList > localityGroup,decimalLatitude,float,n,n,y,"","",""
botgarden collectionobject ext.locality decimalLongitude,botgarden,collectionobject,ns2:collectionobjects_naturalhistory_extension,ext.locality,ext.locality.decimalLongitude,Locality Information,"",Decimal longitude,localityGroupList > localityGroup,decimalLongitude,float,n,n,y,"","",""
botgarden collectionobject ext.locality geodeticDatum,botgarden,collectionobject,ns2:collectionobjects_naturalhistory_extension,ext.locality,ext.locality.geodeticDatum,Locality Information,"",Datum,localityGroupList > localityGroup,geodeticDatum,string,n,n,y,option list,geodeticDatums,"ADG66, NAD27, NAD83, NAD83&amp;WGS84, Not Recorded, WGS84"
botgarden collectionobject ext.locality coordUncertainty,botgarden,collectionobject,ns2:collectionobjects_naturalhistory_extension,ext.locality,ext.locality.coordUncertainty,Locality Information,"",Coord uncertainty,localityGroupList > localityGroup,coordUncertainty,float,n,n,y,"","",""
botgarden collectionobject ext.locality coordUncertaintyUnit,botgarden,collectionobject,ns2:collectionobjects_naturalhistory_extension,ext.locality,ext.locality.coordUncertaintyUnit,Locality Information,"",Coord uncertainty unit,localityGroupList > localityGroup,coordUncertaintyUnit,string,n,n,y,option list,coordUncertaintyUnits,"feet, kilometers, meters, miles, unknown"
botgarden collectionobject ext.locality vDepth,botgarden,collectionobject,ns2:collectionobjects_naturalhistory_extension,ext.locality,ext.locality.vDepth,Locality Information,Depth,Depth verbatim,localityGroupList > localityGroup,vDepth,string,n,n,y,"","",""
botgarden collectionobject ext.locality minDepth,botgarden,collectionobject,ns2:collectionobjects_naturalhistory_extension,ext.locality,ext.locality.minDepth,Locality Information,Depth,Depth min,localityGroupList > localityGroup,minDepth,float,n,n,y,"","",""
botgarden collectionobject ext.locality maxDepth,botgarden,collectionobject,ns2:collectionobjects_naturalhistory_extension,ext.locality,ext.locality.maxDepth,Locality Information,Depth,Depth max,localityGroupList > localityGroup,maxDepth,float,n,n,y,"","",""
botgarden collectionobject ext.locality depthUnit,botgarden,collectionobject,ns2:collectionobjects_naturalhistory_extension,ext.locality,ext.locality.depthUnit,Locality Information,Depth,Depth unit,localityGroupList > localityGroup,depthUnit,string,n,n,y,option list,depthUnits,"centimeters, fathoms, feet, furlongs, inches, kilometers, meters, miles, rods, uncertain"
botgarden collectionobject ext.locality vElevation,botgarden,collectionobject,ns2:collectionobjects_naturalhistory_extension,ext.locality,ext.locality.vElevation,Locality Information,Elevation,Elevation verbatim,localityGroupList > localityGroup,vElevation,string,n,n,y,"","",""
botgarden collectionobject ext.locality minElevation,botgarden,collectionobject,ns2:collectionobjects_naturalhistory_extension,ext.locality,ext.locality.minElevation,Locality Information,Elevation,Elevation min,localityGroupList > localityGroup,minElevation,float,n,n,y,"","",""
botgarden collectionobject ext.locality maxElevation,botgarden,collectionobject,ns2:collectionobjects_naturalhistory_extension,ext.locality,ext.locality.maxElevation,Locality Information,Elevation,Elevation max,localityGroupList > localityGroup,maxElevation,float,n,n,y,"","",""
botgarden collectionobject ext.locality elevationUnit,botgarden,collectionobject,ns2:collectionobjects_naturalhistory_extension,ext.locality,ext.locality.elevationUnit,Locality Information,Elevation,Elevation unit,localityGroupList > localityGroup,elevationUnit,string,n,n,y,option list,elevationUnits,"feet, meters, uncertain"
botgarden collectionobject ext.locality vDistanceAboveSurface,botgarden,collectionobject,ns2:collectionobjects_naturalhistory_extension,ext.locality,ext.locality.vDistanceAboveSurface,Locality Information,Distance above surface,Distance above surface verbatim,localityGroupList > localityGroup,vDistanceAboveSurface,string,n,n,y,"","",""
botgarden collectionobject ext.locality minDistanceAboveSurface,botgarden,collectionobject,ns2:collectionobjects_naturalhistory_extension,ext.locality,ext.locality.minDistanceAboveSurface,Locality Information,Distance above surface,Distance above surface min,localityGroupList > localityGroup,minDistanceAboveSurface,float,n,n,y,"","",""
botgarden collectionobject ext.locality maxDistanceAboveSurface,botgarden,collectionobject,ns2:collectionobjects_naturalhistory_extension,ext.locality,ext.locality.maxDistanceAboveSurface,Locality Information,Distance above surface,Distance above surface max,localityGroupList > localityGroup,maxDistanceAboveSurface,float,n,n,y,"","",""
botgarden collectionobject ext.locality distanceAboveSurfaceUnit,botgarden,collectionobject,ns2:collectionobjects_naturalhistory_extension,ext.locality,ext.locality.distanceAboveSurfaceUnit,Locality Information,Distance above surface,Distance above surface unit,localityGroupList > localityGroup,distanceAboveSurfaceUnit,string,n,n,y,option list,distanceAboveSurfaceUnits,"centimeters, fathoms, feet, furlongs, inches, kilometers, meters, miles, rods, uncertain"
botgarden collectionobject ext.locality localityNote,botgarden,collectionobject,ns2:collectionobjects_naturalhistory_extension,ext.locality,ext.locality.localityNote,Locality Information,"",Locality note,localityGroupList > localityGroup,localityNote,string,n,n,y,"","",""
botgarden collectionobject ext.locality localitySource,botgarden,collectionobject,ns2:collectionobjects_naturalhistory_extension,ext.locality,ext.locality.localitySource,Locality Information,"",Locality source,localityGroupList > localityGroup,localitySource,string,n,n,y,"","",""
botgarden collectionobject ext.locality localitySourceDetail,botgarden,collectionobject,ns2:collectionobjects_naturalhistory_extension,ext.locality,ext.locality.localitySourceDetail,Locality Information,"",Locality source detail,localityGroupList > localityGroup,localitySourceDetail,string,n,n,y,"","",""
botgarden collectionobject ext.locality pointRadiusSpatialFit,botgarden,collectionobject,ns2:collectionobjects_naturalhistory_extension,ext.locality,ext.locality.pointRadiusSpatialFit,Locality Information,Georeference Detail,Pt. radius sp. fit,localityGroupList > localityGroup,pointRadiusSpatialFit,string,n,n,y,"","",""
botgarden collectionobject ext.locality footprintWKT,botgarden,collectionobject,ns2:collectionobjects_naturalhistory_extension,ext.locality,ext.locality.footprintWKT,Locality Information,Georeference Detail,Footprint WKT,localityGroupList > localityGroup,footprintWKT,string,n,n,y,"","",""
botgarden collectionobject ext.locality footprintSRS,botgarden,collectionobject,ns2:collectionobjects_naturalhistory_extension,ext.locality,ext.locality.footprintSRS,Locality Information,Georeference Detail,Footprint SRS,localityGroupList > localityGroup,footprintSRS,string,n,n,y,"","",""
botgarden collectionobject ext.locality footprintSpatialFit,botgarden,collectionobject,ns2:collectionobjects_naturalhistory_extension,ext.locality,ext.locality.footprintSpatialFit,Locality Information,Georeference Detail,Footprint sp. fit,localityGroupList > localityGroup,footprintSpatialFit,string,n,n,y,"","",""
botgarden collectionobject ext.locality coordPrecision,botgarden,collectionobject,ns2:collectionobjects_naturalhistory_extension,ext.locality,ext.locality.coordPrecision,Locality Information,Georeference Detail,Coord precision,localityGroupList > localityGroup,coordPrecision,string,n,n,y,"","",""
botgarden collectionobject ext.locality geoRefencedBy,botgarden,collectionobject,ns2:collectionobjects_naturalhistory_extension,ext.locality,ext.locality.geoRefencedBy,Locality Information,Georeference Detail,Georeference by,localityGroupList > localityGroup,geoRefencedBy,string,n,n,y,"","",""
botgarden collectionobject ext.locality geoRefDateGroup,botgarden,collectionobject,ns2:collectionobjects_naturalhistory_extension,ext.locality,ext.locality.geoRefDateGroup,Locality Information,Georeference Detail,Georeference date,localityGroupList > localityGroup,geoRefDateGroup,structured date group,n,n,y,"","",""
botgarden collectionobject ext.locality geoRefProtocol,botgarden,collectionobject,ns2:collectionobjects_naturalhistory_extension,ext.locality,ext.locality.geoRefProtocol,Locality Information,Georeference Detail,Georeference protocol,localityGroupList > localityGroup,geoRefProtocol,string,n,n,y,option list,georefProtocols,"biogeomancer, chapman-wieczorek-2006-guide-best-practices-georeferencing, georeferencing-dummies, manis-herpnet-ornis-georeferencing-guidelines"
botgarden collectionobject ext.locality geoRefSource,botgarden,collectionobject,ns2:collectionobjects_naturalhistory_extension,ext.locality,ext.locality.geoRefSource,Locality Information,Georeference Detail,Georeference source,localityGroupList > localityGroup,geoRefSource,string,n,n,y,"","",""
botgarden collectionobject ext.locality geoRefVerificationStatus,botgarden,collectionobject,ns2:collectionobjects_naturalhistory_extension,ext.locality,ext.locality.geoRefVerificationStatus,Locality Information,Georeference Detail,Georeference verification,localityGroupList > localityGroup,geoRefVerificationStatus,string,n,n,y,option list,georefVerificationStatuses,"unverified, verified-contributor, verified-data-custodian"
botgarden collectionobject ext.locality geoRefRemarks,botgarden,collectionobject,ns2:collectionobjects_naturalhistory_extension,ext.locality,ext.locality.geoRefRemarks,Locality Information,Georeference Detail,Georeference note,localityGroupList > localityGroup,geoRefRemarks,string,n,n,y,"","",""
botgarden collectionobject ext.locality geoRefPlaceName,botgarden,collectionobject,ns2:collectionobjects_naturalhistory_extension,ext.locality,ext.locality.geoRefPlaceName,Locality Information,Georeference Detail,Georeference place name,localityGroupList > localityGroup,geoRefPlaceName,string,n,n,y,"","",""
botgarden collectionobject ns2:collectionobjects_common fieldCollectionDateGroup,botgarden,collectionobject,ns2:collectionobjects_common,ns2:collectionobjects_common,collectionobjects_common.fieldCollectionDateGroup,Field Collection Information,"",Field collection date,"",fieldCollectionDateGroup,structured date group,n,n,n/a,"","",""
botgarden collectionobject ns2:collectionobjects_common fieldCollector,botgarden,collectionobject,ns2:collectionobjects_common,ns2:collectionobjects_common,collectionobjects_common.fieldCollector,Field Collection Information,"",Field collector,fieldCollectors,fieldCollector,string,n,y,n,authority,person/local; organization/local,""
botgarden collectionobject ns2:collectionobjects_common fieldCollectionNumber,botgarden,collectionobject,ns2:collectionobjects_common,ns2:collectionobjects_common,collectionobjects_common.fieldCollectionNumber,Field Collection Information,"",Field collection number,"",fieldCollectionNumber,string,n,n,n/a,"","",""
botgarden collectionobject ns2:collectionobjects_botgarden fieldCollectionNumberAssignor,botgarden,collectionobject,ns2:collectionobjects_botgarden,ns2:collectionobjects_botgarden,collectionobjects_botgarden.fieldCollectionNumberAssignor,Field Collection Information,"",Field collection number assignor,"",fieldCollectionNumberAssignor,string,n,n,n/a,authority,person/local,""
botgarden collectionobject ns2:collectionobjects_naturalhistory_extension vegetationType,botgarden,collectionobject,ns2:collectionobjects_naturalhistory_extension,ns2:collectionobjects_naturalhistory_extension,collectionobjects_naturalhistory_extension.vegetationType,Field Collection Information,"",Vegetation type,"",vegetationType,string,n,n,n/a,vocabulary,vegetationtype,""
botgarden collectionobject ns2:collectionobjects_common fieldCollectionMethod,botgarden,collectionobject,ns2:collectionobjects_common,ns2:collectionobjects_common,collectionobjects_common.fieldCollectionMethod,Field Collection Information,"",Field collection method,fieldCollectionMethods,fieldCollectionMethod,string,n,y,n,vocabulary,collectionmethod,""
botgarden collectionobject ns2:collectionobjects_common fieldCollectionNote,botgarden,collectionobject,ns2:collectionobjects_common,ns2:collectionobjects_common,collectionobjects_common.fieldCollectionNote,Field Collection Information,"",Habitat information,"",fieldCollectionNote,string,n,n,n/a,"","",""
botgarden collectionobject ns2:collectionobjects_naturalhistory_extension associatedTaxon,botgarden,collectionobject,ns2:collectionobjects_naturalhistory_extension,ns2:collectionobjects_naturalhistory_extension,collectionobjects_naturalhistory_extension.associatedTaxon,Field Collection Information,"",Associated taxon name,associatedTaxaGroupList > associatedTaxaGroup,associatedTaxon,string,n,n,y,authority,taxon/local,""
botgarden collectionobject ns2:collectionobjects_naturalhistory_extension commonName,botgarden,collectionobject,ns2:collectionobjects_naturalhistory_extension,ns2:collectionobjects_naturalhistory_extension,collectionobjects_naturalhistory_extension.commonName,Field Collection Information,"",Associated taxon common name,associatedTaxaGroupList > associatedTaxaGroup,commonName,string,n,n,y,"","",""
botgarden collectionobject ns2:collectionobjects_naturalhistory_extension interaction,botgarden,collectionobject,ns2:collectionobjects_naturalhistory_extension,ns2:collectionobjects_naturalhistory_extension,collectionobjects_naturalhistory_extension.interaction,Field Collection Information,"",Associated taxon interaction,associatedTaxaGroupList > associatedTaxaGroup,interaction,string,n,n,y,vocabulary,assoctaxoninteraction,""
botgarden collectionobject ns2:collectionobjects_common sex,botgarden,collectionobject,ns2:collectionobjects_common,ns2:collectionobjects_common,collectionobjects_common.sex,Object Description Information,"",Sex,"",sex,string,n,n,n/a,option list,sexes,"female, male"
botgarden collectionobject ns2:collectionobjects_common form,botgarden,collectionobject,ns2:collectionobjects_common,ns2:collectionobjects_common,collectionobjects_common.form,Object Description Information,"",Form,forms,form,string,n,y,n,vocabulary,phaseformtype,""
botgarden collectionobject ns2:collectionobjects_botgarden postToPublic,botgarden,collectionobject,ns2:collectionobjects_botgarden,ns2:collectionobjects_botgarden,collectionobjects_botgarden.postToPublic,Object Description Information,"",Post to public,"",postToPublic,string,n,n,n/a,option list,yesNoValues,"no, yes"
botgarden collectionobject ns2:collectionobjects_common phase,botgarden,collectionobject,ns2:collectionobjects_common,ns2:collectionobjects_common,collectionobjects_common.phase,Object Description Information,"",Phase,"",phase,string,n,n,n/a,vocabulary,botanicalphase,""
botgarden collectionobject ns2:collectionobjects_annotation annotationType,botgarden,collectionobject,ns2:collectionobjects_annotation,ns2:collectionobjects_annotation,collectionobjects_annotation.annotationType,Object Description Information,"",Annotation type,annotationGroupList > annotationGroup,annotationType,string,n,n,y,vocabulary,annotationtype,""
botgarden collectionobject ns2:collectionobjects_annotation annotationDate,botgarden,collectionobject,ns2:collectionobjects_annotation,ns2:collectionobjects_annotation,collectionobjects_annotation.annotationDate,Object Description Information,"",Annotation date,annotationGroupList > annotationGroup,annotationDate,date,n,n,y,"","",""
botgarden collectionobject ns2:collectionobjects_annotation annotationAuthor,botgarden,collectionobject,ns2:collectionobjects_annotation,ns2:collectionobjects_annotation,collectionobjects_annotation.annotationAuthor,Object Description Information,"",Annotation author,annotationGroupList > annotationGroup,annotationAuthor,string,n,n,y,authority,person/local,""
botgarden collectionobject ns2:collectionobjects_annotation annotationNote,botgarden,collectionobject,ns2:collectionobjects_annotation,ns2:collectionobjects_annotation,collectionobjects_annotation.annotationNote,Object Description Information,"",Annotation note,annotationGroupList > annotationGroup,annotationNote,string,n,n,y,"","",""
botgarden collectionobject ext.accessionattributes flowerColor,botgarden,collectionobject,ns2:collectionobjects_accessionattributes,ext.accessionattributes,ext.accessionattributes.flowerColor,Object Description Information,Accession Attributes,Flower color,"",flowerColor,string,n,n,n/a,"","",""
botgarden collectionobject ext.accessionattributes fruitColor,botgarden,collectionobject,ns2:collectionobjects_accessionattributes,ext.accessionattributes,ext.accessionattributes.fruitColor,Object Description Information,Accession Attributes,Fruit color,"",fruitColor,string,n,n,n/a,"","",""
botgarden collectionobject ext.accessionattributes securityRisk,botgarden,collectionobject,ns2:collectionobjects_accessionattributes,ext.accessionattributes,ext.accessionattributes.securityRisk,Object Description Information,Accession Attributes,Security risk,"",securityRisk,string,n,n,n/a,"","",""
botgarden collectionobject ext.accessionattributes propagationHistory,botgarden,collectionobject,ns2:collectionobjects_accessionattributes,ext.accessionattributes,ext.accessionattributes.propagationHistory,Object Description Information,Accession Attributes,Propagation history,"",propagationHistory,string,n,n,n/a,option list,propagationMethods,"apomictic-cloning, controlled-breeding, derived-asexually, individual-wild-plant, isolated-self-pollinated, open-breeding, sexual-reproduction, unknown, vegetative-reproduction"
botgarden collectionobject ext.accessionattributes breedingSystem,botgarden,collectionobject,ns2:collectionobjects_accessionattributes,ext.accessionattributes,ext.accessionattributes.breedingSystem,Object Description Information,Accession Attributes,Breeding system,"",breedingSystem,string,n,n,n/a,option list,breedingSystems,"agamospermy, both, dioecious-and-unknown-sex, female, male, monoecious-and-self-compatible, monoecious-and-self-incompatible, unknown"
botgarden collectionobject ext.accessionattributes classUse,botgarden,collectionobject,ns2:collectionobjects_accessionattributes,ext.accessionattributes,ext.accessionattributes.classUse,Object Description Information,Accession Attributes,Class use,"",classUse,boolean,n,n,n/a,"","",""
botgarden collectionobject ext.accessionattributes researchUse,botgarden,collectionobject,ns2:collectionobjects_accessionattributes,ext.accessionattributes,ext.accessionattributes.researchUse,Object Description Information,Accession Attributes,Research use,"",researchUse,boolean,n,n,n/a,"","",""
botgarden collectionobject ext.accessionattributes distribution,botgarden,collectionobject,ns2:collectionobjects_accessionattributes,ext.accessionattributes,ext.accessionattributes.distribution,Object Description Information,Accession Attributes,Distribution,"",distribution,boolean,n,n,n/a,"","",""
botgarden collectionobject ext.accessionattributes ignoreRedDot,botgarden,collectionobject,ns2:collectionobjects_accessionattributes,ext.accessionattributes,ext.accessionattributes.ignoreRedDot,Object Description Information,Accession Attributes,Ignore red dot,"",ignoreRedDot,boolean,n,n,n/a,"","",""
botgarden collectionobject ext.accessionattributes fragrance,botgarden,collectionobject,ns2:collectionobjects_accessionattributes,ext.accessionattributes,ext.accessionattributes.fragrance,Object Description Information,Accession Attributes,Fragrance,"",fragrance,boolean,n,n,n/a,"","",""
botgarden collectionobject ext.accessionattributes flowersJan,botgarden,collectionobject,ns2:collectionobjects_accessionattributes,ext.accessionattributes,ext.accessionattributes.flowersJan,Object Description Information,Accession Attributes > Flowers,Flowers Jan,"",flowersJan,string,n,n,n/a,vocabulary,floweringstatus,""
botgarden collectionobject ext.accessionattributes flowersFeb,botgarden,collectionobject,ns2:collectionobjects_accessionattributes,ext.accessionattributes,ext.accessionattributes.flowersFeb,Object Description Information,Accession Attributes > Flowers,Flowers Feb,"",flowersFeb,string,n,n,n/a,vocabulary,floweringstatus,""
botgarden collectionobject ext.accessionattributes flowersMar,botgarden,collectionobject,ns2:collectionobjects_accessionattributes,ext.accessionattributes,ext.accessionattributes.flowersMar,Object Description Information,Accession Attributes > Flowers,Flowers Mar,"",flowersMar,string,n,n,n/a,vocabulary,floweringstatus,""
botgarden collectionobject ext.accessionattributes flowersApr,botgarden,collectionobject,ns2:collectionobjects_accessionattributes,ext.accessionattributes,ext.accessionattributes.flowersApr,Object Description Information,Accession Attributes > Flowers,Flowers Apr,"",flowersApr,string,n,n,n/a,vocabulary,floweringstatus,""
botgarden collectionobject ext.accessionattributes flowersMay,botgarden,collectionobject,ns2:collectionobjects_accessionattributes,ext.accessionattributes,ext.accessionattributes.flowersMay,Object Description Information,Accession Attributes > Flowers,Flowers May,"",flowersMay,string,n,n,n/a,vocabulary,floweringstatus,""
botgarden collectionobject ext.accessionattributes flowersJun,botgarden,collectionobject,ns2:collectionobjects_accessionattributes,ext.accessionattributes,ext.accessionattributes.flowersJun,Object Description Information,Accession Attributes > Flowers,Flowers Jun,"",flowersJun,string,n,n,n/a,vocabulary,floweringstatus,""
botgarden collectionobject ext.accessionattributes flowersJul,botgarden,collectionobject,ns2:collectionobjects_accessionattributes,ext.accessionattributes,ext.accessionattributes.flowersJul,Object Description Information,Accession Attributes > Flowers,Flowers Jul,"",flowersJul,string,n,n,n/a,vocabulary,floweringstatus,""
botgarden collectionobject ext.accessionattributes flowersAug,botgarden,collectionobject,ns2:collectionobjects_accessionattributes,ext.accessionattributes,ext.accessionattributes.flowersAug,Object Description Information,Accession Attributes > Flowers,Flowers Aug,"",flowersAug,string,n,n,n/a,vocabulary,floweringstatus,""
botgarden collectionobject ext.accessionattributes flowersSep,botgarden,collectionobject,ns2:collectionobjects_accessionattributes,ext.accessionattributes,ext.accessionattributes.flowersSep,Object Description Information,Accession Attributes > Flowers,Flowers Sep,"",flowersSep,string,n,n,n/a,vocabulary,floweringstatus,""
botgarden collectionobject ext.accessionattributes flowersOct,botgarden,collectionobject,ns2:collectionobjects_accessionattributes,ext.accessionattributes,ext.accessionattributes.flowersOct,Object Description Information,Accession Attributes > Flowers,Flowers Oct,"",flowersOct,string,n,n,n/a,vocabulary,floweringstatus,""
botgarden collectionobject ext.accessionattributes flowersNov,botgarden,collectionobject,ns2:collectionobjects_accessionattributes,ext.accessionattributes,ext.accessionattributes.flowersNov,Object Description Information,Accession Attributes > Flowers,Flowers Nov,"",flowersNov,string,n,n,n/a,vocabulary,floweringstatus,""
botgarden collectionobject ext.accessionattributes flowersDec,botgarden,collectionobject,ns2:collectionobjects_accessionattributes,ext.accessionattributes,ext.accessionattributes.flowersDec,Object Description Information,Accession Attributes > Flowers,Flowers Dec,"",flowersDec,string,n,n,n/a,vocabulary,floweringstatus,""
botgarden collectionobject ext.accessionattributes fruitsJan,botgarden,collectionobject,ns2:collectionobjects_accessionattributes,ext.accessionattributes,ext.accessionattributes.fruitsJan,Object Description Information,Accession Attributes > Fruits,Fruits Jan,"",fruitsJan,boolean,n,n,n/a,"","",""
botgarden collectionobject ext.accessionattributes fruitsFeb,botgarden,collectionobject,ns2:collectionobjects_accessionattributes,ext.accessionattributes,ext.accessionattributes.fruitsFeb,Object Description Information,Accession Attributes > Fruits,Fruits Feb,"",fruitsFeb,boolean,n,n,n/a,"","",""
botgarden collectionobject ext.accessionattributes fruitsMar,botgarden,collectionobject,ns2:collectionobjects_accessionattributes,ext.accessionattributes,ext.accessionattributes.fruitsMar,Object Description Information,Accession Attributes > Fruits,Fruits Mar,"",fruitsMar,boolean,n,n,n/a,"","",""
botgarden collectionobject ext.accessionattributes fruitsApr,botgarden,collectionobject,ns2:collectionobjects_accessionattributes,ext.accessionattributes,ext.accessionattributes.fruitsApr,Object Description Information,Accession Attributes > Fruits,Fruits Apr,"",fruitsApr,boolean,n,n,n/a,"","",""
botgarden collectionobject ext.accessionattributes fruitsMay,botgarden,collectionobject,ns2:collectionobjects_accessionattributes,ext.accessionattributes,ext.accessionattributes.fruitsMay,Object Description Information,Accession Attributes > Fruits,Fruits May,"",fruitsMay,boolean,n,n,n/a,"","",""
botgarden collectionobject ext.accessionattributes fruitsJun,botgarden,collectionobject,ns2:collectionobjects_accessionattributes,ext.accessionattributes,ext.accessionattributes.fruitsJun,Object Description Information,Accession Attributes > Fruits,Fruits Jun,"",fruitsJun,boolean,n,n,n/a,"","",""
botgarden collectionobject ext.accessionattributes fruitsJul,botgarden,collectionobject,ns2:collectionobjects_accessionattributes,ext.accessionattributes,ext.accessionattributes.fruitsJul,Object Description Information,Accession Attributes > Fruits,Fruits Jul,"",fruitsJul,boolean,n,n,n/a,"","",""
botgarden collectionobject ext.accessionattributes fruitsAug,botgarden,collectionobject,ns2:collectionobjects_accessionattributes,ext.accessionattributes,ext.accessionattributes.fruitsAug,Object Description Information,Accession Attributes > Fruits,Fruits Aug,"",fruitsAug,boolean,n,n,n/a,"","",""
botgarden collectionobject ext.accessionattributes fruitsSep,botgarden,collectionobject,ns2:collectionobjects_accessionattributes,ext.accessionattributes,ext.accessionattributes.fruitsSep,Object Description Information,Accession Attributes > Fruits,Fruits Sep,"",fruitsSep,boolean,n,n,n/a,"","",""
botgarden collectionobject ext.accessionattributes fruitsOct,botgarden,collectionobject,ns2:collectionobjects_accessionattributes,ext.accessionattributes,ext.accessionattributes.fruitsOct,Object Description Information,Accession Attributes > Fruits,Fruits Oct,"",fruitsOct,boolean,n,n,n/a,"","",""
botgarden collectionobject ext.accessionattributes fruitsNov,botgarden,collectionobject,ns2:collectionobjects_accessionattributes,ext.accessionattributes,ext.accessionattributes.fruitsNov,Object Description Information,Accession Attributes > Fruits,Fruits Nov,"",fruitsNov,boolean,n,n,n/a,"","",""
botgarden collectionobject ext.accessionattributes fruitsDec,botgarden,collectionobject,ns2:collectionobjects_accessionattributes,ext.accessionattributes,ext.accessionattributes.fruitsDec,Object Description Information,Accession Attributes > Fruits,Fruits Dec,"",fruitsDec,boolean,n,n,n/a,"","",""
botgarden collectionobject ext.accessionuse accessionUseType,botgarden,collectionobject,ns2:collectionobjects_accessionuse,ext.accessionuse,ext.accessionuse.accessionUseType,Accession Use Information,"",Accession use type,accessionUseGroupList > accessionUseGroup,accessionUseType,string,n,n,y,vocabulary,accessionusetype,""
botgarden collectionobject ext.accessionuse accessionUsedIn,botgarden,collectionobject,ns2:collectionobjects_accessionuse,ext.accessionuse,ext.accessionuse.accessionUsedIn,Accession Use Information,"",Accession used in,accessionUseGroupList > accessionUseGroup,accessionUsedIn,string,n,n,y,authority,concept/class; concept/research,""
botgarden collectionobject ext.accessionuse accessionUseRequestDate,botgarden,collectionobject,ns2:collectionobjects_accessionuse,ext.accessionuse,ext.accessionuse.accessionUseRequestDate,Accession Use Information,"",Accession use request date,accessionUseGroupList > accessionUseGroup,accessionUseRequestDate,date,n,n,y,"","",""
botgarden collectionobject ext.accessionuse accessionUseFilledDate,botgarden,collectionobject,ns2:collectionobjects_accessionuse,ext.accessionuse,ext.accessionuse.accessionUseFilledDate,Accession Use Information,"",Accession use filled date,accessionUseGroupList > accessionUseGroup,accessionUseFilledDate,date,n,n,y,"","",""
botgarden collectionobject ext.accessionuse accessionUserMaterialType,botgarden,collectionobject,ns2:collectionobjects_accessionuse,ext.accessionuse,ext.accessionuse.accessionUserMaterialType,Accession Use Information,"",Accession use material type,accessionUseGroupList > accessionUseGroup,accessionUserMaterialType,string,n,n,y,vocabulary,materialtype,""
botgarden collectionobject ext.accessionuse accessionUseNotes,botgarden,collectionobject,ns2:collectionobjects_accessionuse,ext.accessionuse,ext.accessionuse.accessionUseNotes,Accession Use Information,"",Accession use note,accessionUseGroupList > accessionUseGroup,accessionUseNotes,string,n,n,y,"","",""
botgarden collectionobject ns2:collectionobjects_common assocActivity,botgarden,collectionobject,ns2:collectionobjects_common,ns2:collectionobjects_common,collectionobjects_common.assocActivity,Object History and Association Information,Associations,Associated activity,assocActivityGroupList > assocActivityGroup,assocActivity,string,n,n,y,"","",""
botgarden collectionobject ns2:collectionobjects_common assocActivityType,botgarden,collectionobject,ns2:collectionobjects_common,ns2:collectionobjects_common,collectionobjects_common.assocActivityType,Object History and Association Information,Associations,Associated activity type,assocActivityGroupList > assocActivityGroup,assocActivityType,string,n,n,y,"","",""
botgarden collectionobject ns2:collectionobjects_common assocActivityNote,botgarden,collectionobject,ns2:collectionobjects_common,ns2:collectionobjects_common,collectionobjects_common.assocActivityNote,Object History and Association Information,Associations,Associated activity note,assocActivityGroupList > assocActivityGroup,assocActivityNote,string,n,n,y,"","",""
botgarden collectionobject ns2:collectionobjects_common assocObject,botgarden,collectionobject,ns2:collectionobjects_common,ns2:collectionobjects_common,collectionobjects_common.assocObject,Object History and Association Information,Associations,Associated object,assocObjectGroupList > assocObjectGroup,assocObject,string,n,n,y,"","",""
botgarden collectionobject ns2:collectionobjects_common assocObjectType,botgarden,collectionobject,ns2:collectionobjects_common,ns2:collectionobjects_common,collectionobjects_common.assocObjectType,Object History and Association Information,Associations,Associated object type,assocObjectGroupList > assocObjectGroup,assocObjectType,string,n,n,y,"","",""
botgarden collectionobject ns2:collectionobjects_common assocObjectNote,botgarden,collectionobject,ns2:collectionobjects_common,ns2:collectionobjects_common,collectionobjects_common.assocObjectNote,Object History and Association Information,Associations,Associated object note,assocObjectGroupList > assocObjectGroup,assocObjectNote,string,n,n,y,"","",""
botgarden collectionobject ns2:collectionobjects_common assocConcept,botgarden,collectionobject,ns2:collectionobjects_common,ns2:collectionobjects_common,collectionobjects_common.assocConcept,Object History and Association Information,Associations,Associated concept,assocConceptGroupList > assocConceptGroup,assocConcept,string,n,n,y,"","",""
botgarden collectionobject ns2:collectionobjects_common assocConceptType,botgarden,collectionobject,ns2:collectionobjects_common,ns2:collectionobjects_common,collectionobjects_common.assocConceptType,Object History and Association Information,Associations,Associated concept type,assocConceptGroupList > assocConceptGroup,assocConceptType,string,n,n,y,"","",""
botgarden collectionobject ns2:collectionobjects_common assocConceptNote,botgarden,collectionobject,ns2:collectionobjects_common,ns2:collectionobjects_common,collectionobjects_common.assocConceptNote,Object History and Association Information,Associations,Associated concept note,assocConceptGroupList > assocConceptGroup,assocConceptNote,string,n,n,y,"","",""
botgarden collectionobject ns2:collectionobjects_common assocCulturalContext,botgarden,collectionobject,ns2:collectionobjects_common,ns2:collectionobjects_common,collectionobjects_common.assocCulturalContext,Object History and Association Information,Associations,Associated cultural affinity,assocCulturalContextGroupList > assocCulturalContextGroup,assocCulturalContext,string,n,n,y,"","",""
botgarden collectionobject ns2:collectionobjects_common assocCulturalContextType,botgarden,collectionobject,ns2:collectionobjects_common,ns2:collectionobjects_common,collectionobjects_common.assocCulturalContextType,Object History and Association Information,Associations,Associated cultural affinity type,assocCulturalContextGroupList > assocCulturalContextGroup,assocCulturalContextType,string,n,n,y,"","",""
botgarden collectionobject ns2:collectionobjects_common assocCulturalContextNote,botgarden,collectionobject,ns2:collectionobjects_common,ns2:collectionobjects_common,collectionobjects_common.assocCulturalContextNote,Object History and Association Information,Associations,Associated cultural affinity note,assocCulturalContextGroupList > assocCulturalContextGroup,assocCulturalContextNote,string,n,n,y,"","",""
botgarden collectionobject ns2:collectionobjects_common assocOrganization,botgarden,collectionobject,ns2:collectionobjects_common,ns2:collectionobjects_common,collectionobjects_common.assocOrganization,Object History and Association Information,Associations,Associated organization,assocOrganizationGroupList > assocOrganizationGroup,assocOrganization,string,n,n,y,authority,organization/local,""
botgarden collectionobject ns2:collectionobjects_common assocOrganizationType,botgarden,collectionobject,ns2:collectionobjects_common,ns2:collectionobjects_common,collectionobjects_common.assocOrganizationType,Object History and Association Information,Associations,Associated organization type,assocOrganizationGroupList > assocOrganizationGroup,assocOrganizationType,string,n,n,y,"","",""
botgarden collectionobject ns2:collectionobjects_common assocOrganizationNote,botgarden,collectionobject,ns2:collectionobjects_common,ns2:collectionobjects_common,collectionobjects_common.assocOrganizationNote,Object History and Association Information,Associations,Associated organization note,assocOrganizationGroupList > assocOrganizationGroup,assocOrganizationNote,string,n,n,y,"","",""
botgarden collectionobject ns2:collectionobjects_common assocPeople,botgarden,collectionobject,ns2:collectionobjects_common,ns2:collectionobjects_common,collectionobjects_common.assocPeople,Object History and Association Information,Associations,Associated people,assocPeopleGroupList > assocPeopleGroup,assocPeople,string,n,n,y,"","",""
botgarden collectionobject ns2:collectionobjects_common assocPeopleType,botgarden,collectionobject,ns2:collectionobjects_common,ns2:collectionobjects_common,collectionobjects_common.assocPeopleType,Object History and Association Information,Associations,Associated people type,assocPeopleGroupList > assocPeopleGroup,assocPeopleType,string,n,n,y,"","",""
botgarden collectionobject ns2:collectionobjects_common assocPeopleNote,botgarden,collectionobject,ns2:collectionobjects_common,ns2:collectionobjects_common,collectionobjects_common.assocPeopleNote,Object History and Association Information,Associations,Associated people note,assocPeopleGroupList > assocPeopleGroup,assocPeopleNote,string,n,n,y,"","",""
botgarden collectionobject ns2:collectionobjects_common assocPerson,botgarden,collectionobject,ns2:collectionobjects_common,ns2:collectionobjects_common,collectionobjects_common.assocPerson,Object History and Association Information,Associations,Associated person,assocPersonGroupList > assocPersonGroup,assocPerson,string,n,n,y,authority,person/local,""
botgarden collectionobject ns2:collectionobjects_common assocPersonType,botgarden,collectionobject,ns2:collectionobjects_common,ns2:collectionobjects_common,collectionobjects_common.assocPersonType,Object History and Association Information,Associations,Associated person type,assocPersonGroupList > assocPersonGroup,assocPersonType,string,n,n,y,"","",""
botgarden collectionobject ns2:collectionobjects_common assocPersonNote,botgarden,collectionobject,ns2:collectionobjects_common,ns2:collectionobjects_common,collectionobjects_common.assocPersonNote,Object History and Association Information,Associations,Associated person note,assocPersonGroupList > assocPersonGroup,assocPersonNote,string,n,n,y,"","",""
botgarden collectionobject ns2:collectionobjects_common assocPlace,botgarden,collectionobject,ns2:collectionobjects_common,ns2:collectionobjects_common,collectionobjects_common.assocPlace,Object History and Association Information,Associations,Associated place,assocPlaceGroupList > assocPlaceGroup,assocPlace,string,n,n,y,"","",""
botgarden collectionobject ns2:collectionobjects_common assocPlaceType,botgarden,collectionobject,ns2:collectionobjects_common,ns2:collectionobjects_common,collectionobjects_common.assocPlaceType,Object History and Association Information,Associations,Associated place type,assocPlaceGroupList > assocPlaceGroup,assocPlaceType,string,n,n,y,"","",""
botgarden collectionobject ns2:collectionobjects_common assocPlaceNote,botgarden,collectionobject,ns2:collectionobjects_common,ns2:collectionobjects_common,collectionobjects_common.assocPlaceNote,Object History and Association Information,Associations,Associated place note,assocPlaceGroupList > assocPlaceGroup,assocPlaceNote,string,n,n,y,"","",""
botgarden collectionobject ns2:collectionobjects_common assocEventName,botgarden,collectionobject,ns2:collectionobjects_common,ns2:collectionobjects_common,collectionobjects_common.assocEventName,Object History and Association Information,Associations > Associated event,Associated event,"",assocEventName,string,n,n,n/a,"","",""
botgarden collectionobject ns2:collectionobjects_common assocEventNameType,botgarden,collectionobject,ns2:collectionobjects_common,ns2:collectionobjects_common,collectionobjects_common.assocEventNameType,Object History and Association Information,Associations > Associated event,Associated event type,"",assocEventNameType,string,n,n,n/a,"","",""
botgarden collectionobject ns2:collectionobjects_common assocEventOrganization,botgarden,collectionobject,ns2:collectionobjects_common,ns2:collectionobjects_common,collectionobjects_common.assocEventOrganization,Object History and Association Information,Associations,Associated event organization,assocEventOrganizations,assocEventOrganization,string,n,y,n,authority,organization/local,""
botgarden collectionobject ns2:collectionobjects_common assocEventPeople,botgarden,collectionobject,ns2:collectionobjects_common,ns2:collectionobjects_common,collectionobjects_common.assocEventPeople,Object History and Association Information,Associations,Associated event people,assocEventPeoples,assocEventPeople,string,n,y,n,"","",""
botgarden collectionobject ns2:collectionobjects_common assocEventPerson,botgarden,collectionobject,ns2:collectionobjects_common,ns2:collectionobjects_common,collectionobjects_common.assocEventPerson,Object History and Association Information,Associations,Associated event person,assocEventPersons,assocEventPerson,string,n,y,n,authority,person/local,""
botgarden collectionobject ns2:collectionobjects_common assocEventPlace,botgarden,collectionobject,ns2:collectionobjects_common,ns2:collectionobjects_common,collectionobjects_common.assocEventPlace,Object History and Association Information,Associations,Associated event place,assocEventPlaces,assocEventPlace,string,n,y,n,"","",""
botgarden collectionobject ns2:collectionobjects_common assocEventNote,botgarden,collectionobject,ns2:collectionobjects_common,ns2:collectionobjects_common,collectionobjects_common.assocEventNote,Object History and Association Information,Associations,Associated event note,"",assocEventNote,string,n,n,n/a,"","",""
botgarden collectionobject ns2:collectionobjects_common assocStructuredDateGroup,botgarden,collectionobject,ns2:collectionobjects_common,ns2:collectionobjects_common,collectionobjects_common.assocStructuredDateGroup,Object History and Association Information,Associations,Associated date value,assocDateGroupList > assocDateGroup,assocStructuredDateGroup,structured date group,n,n,y,"","",""
botgarden collectionobject ns2:collectionobjects_common assocDateType,botgarden,collectionobject,ns2:collectionobjects_common,ns2:collectionobjects_common,collectionobjects_common.assocDateType,Object History and Association Information,Associations,Associated date type,assocDateGroupList > assocDateGroup,assocDateType,string,n,n,y,"","",""
botgarden collectionobject ns2:collectionobjects_common assocDateNote,botgarden,collectionobject,ns2:collectionobjects_common,ns2:collectionobjects_common,collectionobjects_common.assocDateNote,Object History and Association Information,Associations,Associated date note,assocDateGroupList > assocDateGroup,assocDateNote,string,n,n,y,"","",""
botgarden collectionobject ns2:collectionobjects_common objectHistoryNote,botgarden,collectionobject,ns2:collectionobjects_common,ns2:collectionobjects_common,collectionobjects_common.objectHistoryNote,Object History and Association Information,"",Object history note,"",objectHistoryNote,string,n,n,n/a,"","",""
botgarden collectionobject ns2:collectionobjects_common usage,botgarden,collectionobject,ns2:collectionobjects_common,ns2:collectionobjects_common,collectionobjects_common.usage,Object History and Association Information,"",Usage,usageGroupList > usageGroup,usage,string,n,n,y,"","",""
botgarden collectionobject ns2:collectionobjects_common usageNote,botgarden,collectionobject,ns2:collectionobjects_common,ns2:collectionobjects_common,collectionobjects_common.usageNote,Object History and Association Information,"",Usage note,usageGroupList > usageGroup,usageNote,string,n,n,y,"","",""
botgarden collectionobject ns2:collectionobjects_common owner,botgarden,collectionobject,ns2:collectionobjects_common,ns2:collectionobjects_common,collectionobjects_common.owner,Object History and Association Information,"",Owner,owners,owner,string,n,y,n,authority,person/local; organization/local,""
botgarden collectionobject ns2:collectionobjects_common ownershipDateGroup,botgarden,collectionobject,ns2:collectionobjects_common,ns2:collectionobjects_common,collectionobjects_common.ownershipDateGroup,Object History and Association Information,"",Ownership date,ownershipDateGroupList,ownershipDateGroup,structured date group,n,y,n,"","",""
botgarden collectionobject ns2:collectionobjects_common ownershipAccess,botgarden,collectionobject,ns2:collectionobjects_common,ns2:collectionobjects_common,collectionobjects_common.ownershipAccess,Object History and Association Information,"",Ownership access,"",ownershipAccess,string,n,n,n/a,option list,ownershipAccessLevels,"limited, open, restricted"
botgarden collectionobject ns2:collectionobjects_common ownershipCategory,botgarden,collectionobject,ns2:collectionobjects_common,ns2:collectionobjects_common,collectionobjects_common.ownershipCategory,Object History and Association Information,"",Ownership category,"",ownershipCategory,string,n,n,n/a,option list,ownershipCategories,"company, private, public"
botgarden collectionobject ns2:collectionobjects_common ownershipPlace,botgarden,collectionobject,ns2:collectionobjects_common,ns2:collectionobjects_common,collectionobjects_common.ownershipPlace,Object History and Association Information,"",Ownership place,"",ownershipPlace,string,n,n,n/a,"","",""
botgarden collectionobject ns2:collectionobjects_common ownershipExchangeMethod,botgarden,collectionobject,ns2:collectionobjects_common,ns2:collectionobjects_common,collectionobjects_common.ownershipExchangeMethod,Object History and Association Information,Ownership exchange,Ownership exchange method,"",ownershipExchangeMethod,string,n,n,n/a,option list,ownershipExchangeMethods,"bequest, exchange, gift, purchase, transfer, treasure"
botgarden collectionobject ns2:collectionobjects_common ownershipExchangeNote,botgarden,collectionobject,ns2:collectionobjects_common,ns2:collectionobjects_common,collectionobjects_common.ownershipExchangeNote,Object History and Association Information,Ownership exchange,Ownership exchange note,"",ownershipExchangeNote,string,n,n,n/a,"","",""
botgarden collectionobject ns2:collectionobjects_common ownershipExchangePriceCurrency,botgarden,collectionobject,ns2:collectionobjects_common,ns2:collectionobjects_common,collectionobjects_common.ownershipExchangePriceCurrency,Object History and Association Information,Ownership exchange,Ownership exchange price currency,"",ownershipExchangePriceCurrency,string,n,n,n/a,vocabulary,currency,""
botgarden collectionobject ns2:collectionobjects_common ownershipExchangePriceValue,botgarden,collectionobject,ns2:collectionobjects_common,ns2:collectionobjects_common,collectionobjects_common.ownershipExchangePriceValue,Object History and Association Information,Ownership exchange,Ownership exchange price value,"",ownershipExchangePriceValue,float,n,n,n/a,"","",""
botgarden collectionobject ns2:collectionobjects_common reference,botgarden,collectionobject,ns2:collectionobjects_common,ns2:collectionobjects_common,collectionobjects_common.reference,Reference Information,"",Reference,referenceGroupList > referenceGroup,reference,string,n,n,y,"","",""
botgarden collectionobject ns2:collectionobjects_common referenceNote,botgarden,collectionobject,ns2:collectionobjects_common,ns2:collectionobjects_common,collectionobjects_common.referenceNote,Reference Information,"",Reference note,referenceGroupList > referenceGroup,referenceNote,string,n,n,y,"","",""
botgarden collectionobject ns2:collectionobjects_common relatedLink,botgarden,collectionobject,ns2:collectionobjects_common,ns2:collectionobjects_common,collectionobjects_common.relatedLink,Reference Information,"",Published related link url,publishedRelatedLinkGroupList > publishedRelatedLinkGroup,relatedLink,string,n,n,y,"","",""
botgarden collectionobject ns2:collectionobjects_common descriptiveTitle,botgarden,collectionobject,ns2:collectionobjects_common,ns2:collectionobjects_common,collectionobjects_common.descriptiveTitle,Reference Information,"",Published related link descriptive title,publishedRelatedLinkGroupList > publishedRelatedLinkGroup,descriptiveTitle,string,n,n,y,"","",""
botgarden concept ns2:concepts_common termDisplayName,botgarden,concept,ns2:concepts_common,ns2:concepts_common,concepts_common.termDisplayName,Concept Information,"",Term display name,conceptTermGroupList > conceptTermGroup,termDisplayName,string,y,n,y,"","",""
botgarden concept ns2:concepts_common termName,botgarden,concept,ns2:concepts_common,ns2:concepts_common,concepts_common.termName,Concept Information,"",Term name,conceptTermGroupList > conceptTermGroup,termName,string,n,n,y,"","",""
botgarden concept ns2:concepts_common termQualifier,botgarden,concept,ns2:concepts_common,ns2:concepts_common,concepts_common.termQualifier,Concept Information,"",Term qualifier,conceptTermGroupList > conceptTermGroup,termQualifier,string,n,n,y,"","",""
botgarden concept ns2:concepts_common termStatus,botgarden,concept,ns2:concepts_common,ns2:concepts_common,concepts_common.termStatus,Concept Information,"",Term status,conceptTermGroupList > conceptTermGroup,termStatus,string,n,n,y,option list,conceptTermStatuses,"accepted, provisional, rejected, under review"
botgarden concept ns2:concepts_common termType,botgarden,concept,ns2:concepts_common,ns2:concepts_common,concepts_common.termType,Concept Information,"",Term type,conceptTermGroupList > conceptTermGroup,termType,string,n,n,y,option list,conceptTermTypes,"alternate descriptor, descriptor, used for term"
botgarden concept ns2:concepts_common termFlag,botgarden,concept,ns2:concepts_common,ns2:concepts_common,concepts_common.termFlag,Concept Information,"",Term flag,conceptTermGroupList > conceptTermGroup,termFlag,string,n,n,y,vocabulary,concepttermflag,""
botgarden concept ns2:concepts_common historicalStatus,botgarden,concept,ns2:concepts_common,ns2:concepts_common,concepts_common.historicalStatus,Concept Information,"",Term historical status,conceptTermGroupList > conceptTermGroup,historicalStatus,string,n,n,y,option list,conceptHistoricalStatuses,"both, current, historical, unknown"
botgarden concept ns2:concepts_common termLanguage,botgarden,concept,ns2:concepts_common,ns2:concepts_common,concepts_common.termLanguage,Concept Information,"",Term language,conceptTermGroupList > conceptTermGroup,termLanguage,string,n,n,y,vocabulary,languages,""
botgarden concept ns2:concepts_common termPrefForLang,botgarden,concept,ns2:concepts_common,ns2:concepts_common,concepts_common.termPrefForLang,Concept Information,"",Term preferred for lang,conceptTermGroupList > conceptTermGroup,termPrefForLang,boolean,n,n,y,"","",""
botgarden concept ns2:concepts_common termSource,botgarden,concept,ns2:concepts_common,ns2:concepts_common,concepts_common.termSource,Concept Information,Source,Term source name,conceptTermGroupList > conceptTermGroup,termSource,string,n,n,y,authority,citation/local; citation/worldcat,""
botgarden concept ns2:concepts_common termSourceDetail,botgarden,concept,ns2:concepts_common,ns2:concepts_common,concepts_common.termSourceDetail,Concept Information,Source,Term source detail,conceptTermGroupList > conceptTermGroup,termSourceDetail,string,n,n,y,"","",""
botgarden concept ns2:concepts_common termSourceID,botgarden,concept,ns2:concepts_common,ns2:concepts_common,concepts_common.termSourceID,Concept Information,Source,Term source ID,conceptTermGroupList > conceptTermGroup,termSourceID,string,n,n,y,"","",""
botgarden concept ns2:concepts_common termSourceNote,botgarden,concept,ns2:concepts_common,ns2:concepts_common,concepts_common.termSourceNote,Concept Information,Source,Term source note,conceptTermGroupList > conceptTermGroup,termSourceNote,string,n,n,y,"","",""
botgarden concept ns2:concepts_common conceptRecordType,botgarden,concept,ns2:concepts_common,ns2:concepts_common,concepts_common.conceptRecordType,Concept Information,"",Concept type,conceptRecordTypes,conceptRecordType,string,n,y,n,vocabulary,concepttype,""
botgarden concept ns2:concepts_common scopeNote,botgarden,concept,ns2:concepts_common,ns2:concepts_common,concepts_common.scopeNote,Concept Information,Scope note,Scope note,"",scopeNote,string,n,n,n/a,"","",""
botgarden concept ns2:concepts_common scopeNoteSource,botgarden,concept,ns2:concepts_common,ns2:concepts_common,concepts_common.scopeNoteSource,Concept Information,Scope note,Scope note source,"",scopeNoteSource,string,n,n,n/a,"","",""
botgarden concept ns2:concepts_common scopeNoteSourceDetail,botgarden,concept,ns2:concepts_common,ns2:concepts_common,concepts_common.scopeNoteSourceDetail,Concept Information,Scope note,Scope note source detail,"",scopeNoteSourceDetail,string,n,n,n/a,"","",""
botgarden concept ns2:concepts_common citationSource,botgarden,concept,ns2:concepts_common,ns2:concepts_common,concepts_common.citationSource,Concept Information,"",Citation source,citationGroupList > citationGroup,citationSource,string,n,n,y,"","",""
botgarden concept ns2:concepts_common citationSourceDetail,botgarden,concept,ns2:concepts_common,ns2:concepts_common,concepts_common.citationSourceDetail,Concept Information,"",Citation source detail,citationGroupList > citationGroup,citationSourceDetail,string,n,n,y,"","",""
botgarden concept ns2:concepts_common additionalSource,botgarden,concept,ns2:concepts_common,ns2:concepts_common,concepts_common.additionalSource,Concept Information,"",Additional source,additionalSourceGroupList > additionalSourceGroup,additionalSource,string,n,n,y,"","",""
botgarden concept ns2:concepts_common additionalSourceDetail,botgarden,concept,ns2:concepts_common,ns2:concepts_common,concepts_common.additionalSourceDetail,Concept Information,"",Additional source detail,additionalSourceGroupList > additionalSourceGroup,additionalSourceDetail,string,n,n,y,"","",""
botgarden concept ns2:concepts_common additionalSourceID,botgarden,concept,ns2:concepts_common,ns2:concepts_common,concepts_common.additionalSourceID,Concept Information,"",Additional source ID,additionalSourceGroupList > additionalSourceGroup,additionalSourceID,string,n,n,y,"","",""
botgarden concept ns2:concepts_common additionalSourceNote,botgarden,concept,ns2:concepts_common,ns2:concepts_common,concepts_common.additionalSourceNote,Concept Information,"",Additional source note,additionalSourceGroupList > additionalSourceGroup,additionalSourceNote,string,n,n,y,"","",""
botgarden conditioncheck ns2:conditionchecks_common conditionCheckRefNumber,botgarden,conditioncheck,ns2:conditionchecks_common,ns2:conditionchecks_common,conditionchecks_common.conditionCheckRefNumber,Condition Check/Technical Assessment Information,"",Reference number,"",conditionCheckRefNumber,string,y,n,n/a,"","",""
botgarden conditioncheck ns2:conditionchecks_common conditionCheckAssessmentDate,botgarden,conditioncheck,ns2:conditionchecks_common,ns2:conditionchecks_common,conditionchecks_common.conditionCheckAssessmentDate,Condition Check/Technical Assessment Information,"",Check/assessment date,"",conditionCheckAssessmentDate,date,n,n,n/a,"","",""
botgarden conditioncheck ns2:conditionchecks_common conditionCheckMethod,botgarden,conditioncheck,ns2:conditionchecks_common,ns2:conditionchecks_common,conditionchecks_common.conditionCheckMethod,Condition Check/Technical Assessment Information,"",Method,"",conditionCheckMethod,string,n,n,n/a,option list,conditionCheckMethods,"observed, xrayed"
botgarden conditioncheck ns2:conditionchecks_common conditionCheckReason,botgarden,conditioncheck,ns2:conditionchecks_common,ns2:conditionchecks_common,conditionchecks_common.conditionCheckReason,Condition Check/Technical Assessment Information,"",Reason,"",conditionCheckReason,string,n,n,n/a,option list,conditionCheckReasons,"conservation, damagedintransit, exhibition, loanin, newacquisition"
botgarden conditioncheck ns2:conditionchecks_common conditionChecker,botgarden,conditioncheck,ns2:conditionchecks_common,ns2:conditionchecks_common,conditionchecks_common.conditionChecker,Condition Check/Technical Assessment Information,"",Checker/assessor,"",conditionChecker,string,n,n,n/a,authority,person/local; organization/local,""
botgarden conditioncheck ns2:conditionchecks_common conditionCheckNote,botgarden,conditioncheck,ns2:conditionchecks_common,ns2:conditionchecks_common,conditionchecks_common.conditionCheckNote,Condition Check/Technical Assessment Information,"",Note,"",conditionCheckNote,string,n,n,n/a,"","",""
botgarden conditioncheck ns2:conditionchecks_common objectAuditCategory,botgarden,conditioncheck,ns2:conditionchecks_common,ns2:conditionchecks_common,conditionchecks_common.objectAuditCategory,Object Condition Information,"",Object audit category,"",objectAuditCategory,string,n,n,n/a,option list,objectAuditCategories,"high, low, medium"
botgarden conditioncheck ns2:conditionchecks_common conservationTreatmentPriority,botgarden,conditioncheck,ns2:conditionchecks_common,ns2:conditionchecks_common,conditionchecks_common.conservationTreatmentPriority,Object Condition Information,"",Conservation treatment priority,"",conservationTreatmentPriority,string,n,n,n/a,option list,conservationTreatmentPriorities,"high, low, medium"
botgarden conditioncheck ns2:conditionchecks_common nextConditionCheckDate,botgarden,conditioncheck,ns2:conditionchecks_common,ns2:conditionchecks_common,conditionchecks_common.nextConditionCheckDate,Object Condition Information,"",Next check/assessment date,"",nextConditionCheckDate,date,n,n,n/a,"","",""
botgarden conditioncheck ns2:conditionchecks_common completeness,botgarden,conditioncheck,ns2:conditionchecks_common,ns2:conditionchecks_common,conditionchecks_common.completeness,Object Condition Information,"",Completeness description,completenessGroupList > completenessGroup,completeness,string,n,n,y,option list,completenessLevels,"complete, fragmented, incomplete"
botgarden conditioncheck ns2:conditionchecks_common completenessDate,botgarden,conditioncheck,ns2:conditionchecks_common,ns2:conditionchecks_common,conditionchecks_common.completenessDate,Object Condition Information,"",Completeness date,completenessGroupList > completenessGroup,completenessDate,date,n,n,y,"","",""
botgarden conditioncheck ns2:conditionchecks_common completenessNote,botgarden,conditioncheck,ns2:conditionchecks_common,ns2:conditionchecks_common,conditionchecks_common.completenessNote,Object Condition Information,"",Completeness note,completenessGroupList > completenessGroup,completenessNote,string,n,n,y,"","",""
botgarden conditioncheck ns2:conditionchecks_common hazard,botgarden,conditioncheck,ns2:conditionchecks_common,ns2:conditionchecks_common,conditionchecks_common.hazard,Object Condition Information,"",Hazard description,hazardGroupList > hazardGroup,hazard,string,n,n,y,option list,hazards,"poisonous, radioactive"
botgarden conditioncheck ns2:conditionchecks_common hazardDate,botgarden,conditioncheck,ns2:conditionchecks_common,ns2:conditionchecks_common,conditionchecks_common.hazardDate,Object Condition Information,"",Hazard date,hazardGroupList > hazardGroup,hazardDate,date,n,n,y,"","",""
botgarden conditioncheck ns2:conditionchecks_common hazardNote,botgarden,conditioncheck,ns2:conditionchecks_common,ns2:conditionchecks_common,conditionchecks_common.hazardNote,Object Condition Information,"",Hazard note,hazardGroupList > hazardGroup,hazardNote,string,n,n,y,"","",""
botgarden conditioncheck ns2:conditionchecks_common techAssessment,botgarden,conditioncheck,ns2:conditionchecks_common,ns2:conditionchecks_common,conditionchecks_common.techAssessment,Object Condition Information,"",Technical assessment description,techAssessmentGroupList > techAssessmentGroup,techAssessment,string,n,n,y,"","",""
botgarden conditioncheck ns2:conditionchecks_common techAssessmentDate,botgarden,conditioncheck,ns2:conditionchecks_common,ns2:conditionchecks_common,conditionchecks_common.techAssessmentDate,Object Condition Information,"",Technical assessment date,techAssessmentGroupList > techAssessmentGroup,techAssessmentDate,date,n,n,y,"","",""
botgarden conditioncheck ns2:conditionchecks_common condition,botgarden,conditioncheck,ns2:conditionchecks_common,ns2:conditionchecks_common,conditionchecks_common.condition,Object Condition Information,"",Condition description,conditionCheckGroupList > conditionCheckGroup,condition,string,n,n,y,option list,conditions,"exhibitableneedswork, injeopardy, needsnowork, notexhibitablestable"
botgarden conditioncheck ns2:conditionchecks_common conditionDate,botgarden,conditioncheck,ns2:conditionchecks_common,ns2:conditionchecks_common,conditionchecks_common.conditionDate,Object Condition Information,"",Condition date,conditionCheckGroupList > conditionCheckGroup,conditionDate,date,n,n,y,"","",""
botgarden conditioncheck ns2:conditionchecks_common conditionNote,botgarden,conditioncheck,ns2:conditionchecks_common,ns2:conditionchecks_common,conditionchecks_common.conditionNote,Object Condition Information,"",Condition note,conditionCheckGroupList > conditionCheckGroup,conditionNote,string,n,n,y,"","",""
botgarden conditioncheck ns2:conditionchecks_common envConditionNote,botgarden,conditioncheck,ns2:conditionchecks_common,ns2:conditionchecks_common,conditionchecks_common.envConditionNote,Object Condition Information,"",Environmental condition note,envConditionNoteGroupList > envConditionNoteGroup,envConditionNote,string,n,n,y,"","",""
botgarden conditioncheck ns2:conditionchecks_common envConditionNoteDate,botgarden,conditioncheck,ns2:conditionchecks_common,ns2:conditionchecks_common,conditionchecks_common.envConditionNoteDate,Object Condition Information,"",Environmental condition date,envConditionNoteGroupList > envConditionNoteGroup,envConditionNoteDate,date,n,n,y,"","",""
botgarden conditioncheck ns2:conditionchecks_common displayRecommendations,botgarden,conditioncheck,ns2:conditionchecks_common,ns2:conditionchecks_common,conditionchecks_common.displayRecommendations,Object Recommendation/Requirement Information,"",Display recommendation,"",displayRecommendations,string,n,n,n/a,"","",""
botgarden conditioncheck ns2:conditionchecks_common handlingRecommendations,botgarden,conditioncheck,ns2:conditionchecks_common,ns2:conditionchecks_common,conditionchecks_common.handlingRecommendations,Object Recommendation/Requirement Information,"",Handling recommendation,"",handlingRecommendations,string,n,n,n/a,"","",""
botgarden conditioncheck ns2:conditionchecks_common securityRecommendations,botgarden,conditioncheck,ns2:conditionchecks_common,ns2:conditionchecks_common,conditionchecks_common.securityRecommendations,Object Recommendation/Requirement Information,"",Security recommendation,"",securityRecommendations,string,n,n,n/a,"","",""
botgarden conditioncheck ns2:conditionchecks_common storageRequirements,botgarden,conditioncheck,ns2:conditionchecks_common,ns2:conditionchecks_common,conditionchecks_common.storageRequirements,Object Recommendation/Requirement Information,"",Storage recommendation,"",storageRequirements,string,n,n,n/a,"","",""
botgarden conditioncheck ns2:conditionchecks_common envRecommendations,botgarden,conditioncheck,ns2:conditionchecks_common,ns2:conditionchecks_common,conditionchecks_common.envRecommendations,Object Recommendation/Requirement Information,"",Environmental recommendation,"",envRecommendations,string,n,n,n/a,"","",""
botgarden conditioncheck ns2:conditionchecks_common packingRecommendations,botgarden,conditioncheck,ns2:conditionchecks_common,ns2:conditionchecks_common,conditionchecks_common.packingRecommendations,Object Recommendation/Requirement Information,"",Packing recommendation,"",packingRecommendations,string,n,n,n/a,"","",""
botgarden conditioncheck ns2:conditionchecks_common specialRequirements,botgarden,conditioncheck,ns2:conditionchecks_common,ns2:conditionchecks_common,conditionchecks_common.specialRequirements,Object Recommendation/Requirement Information,"",Special requirement,"",specialRequirements,string,n,n,n/a,"","",""
botgarden conditioncheck ns2:conditionchecks_common legalRequirements,botgarden,conditioncheck,ns2:conditionchecks_common,ns2:conditionchecks_common,conditionchecks_common.legalRequirements,Object Recommendation/Requirement Information,"",Legal requirement,"",legalRequirements,string,n,n,n/a,"","",""
botgarden conditioncheck ns2:conditionchecks_common legalReqsHeld,botgarden,conditioncheck,ns2:conditionchecks_common,ns2:conditionchecks_common,conditionchecks_common.legalReqsHeld,Object Recommendation/Requirement Information,"",Legal/license requirement held description,legalReqsHeldGroupList > legalReqsHeldGroup,legalReqsHeld,string,n,n,y,"","",""
botgarden conditioncheck ns2:conditionchecks_common legalReqsHeldBeginDate,botgarden,conditioncheck,ns2:conditionchecks_common,ns2:conditionchecks_common,conditionchecks_common.legalReqsHeldBeginDate,Object Recommendation/Requirement Information,"",Legal/license requirement held begin date,legalReqsHeldGroupList > legalReqsHeldGroup,legalReqsHeldBeginDate,date,n,n,y,"","",""
botgarden conditioncheck ns2:conditionchecks_common legalReqsHeldEndDate,botgarden,conditioncheck,ns2:conditionchecks_common,ns2:conditionchecks_common,conditionchecks_common.legalReqsHeldEndDate,Object Recommendation/Requirement Information,"",Legal/license requirement held end date,legalReqsHeldGroupList > legalReqsHeldGroup,legalReqsHeldEndDate,date,n,n,y,"","",""
botgarden conditioncheck ns2:conditionchecks_common legalReqsHeldNumber,botgarden,conditioncheck,ns2:conditionchecks_common,ns2:conditionchecks_common,conditionchecks_common.legalReqsHeldNumber,Object Recommendation/Requirement Information,"",Legal/license requirement held number,legalReqsHeldGroupList > legalReqsHeldGroup,legalReqsHeldNumber,string,n,n,y,"","",""
botgarden conditioncheck ns2:conditionchecks_common legalReqsHeldRenewDate,botgarden,conditioncheck,ns2:conditionchecks_common,ns2:conditionchecks_common,conditionchecks_common.legalReqsHeldRenewDate,Object Recommendation/Requirement Information,"",Legal/license requirement held renewal date,legalReqsHeldGroupList > legalReqsHeldGroup,legalReqsHeldRenewDate,date,n,n,y,"","",""
botgarden conditioncheck ns2:conditionchecks_common salvagePriorityCode,botgarden,conditioncheck,ns2:conditionchecks_common,ns2:conditionchecks_common,conditionchecks_common.salvagePriorityCode,Object Recommendation/Requirement Information,"",Salvage priority code,salvagePriorityCodeGroupList > salvagePriorityCodeGroup,salvagePriorityCode,string,n,n,y,option list,salvagePriorityCodes,"high, low, medium"
botgarden conditioncheck ns2:conditionchecks_common salvagePriorityCodeDate,botgarden,conditioncheck,ns2:conditionchecks_common,ns2:conditionchecks_common,conditionchecks_common.salvagePriorityCodeDate,Object Recommendation/Requirement Information,"",Salvage priority date,salvagePriorityCodeGroupList > salvagePriorityCodeGroup,salvagePriorityCodeDate,date,n,n,y,"","",""
botgarden group ns2:groups_common title,botgarden,group,ns2:groups_common,ns2:groups_common,groups_common.title,Group Information,"",Title,"",title,string,y,n,n/a,"","",""
botgarden group ns2:groups_common owner,botgarden,group,ns2:groups_common,ns2:groups_common,groups_common.owner,Group Information,"",Group owner,"",owner,string,n,n,n/a,authority,person/local,""
botgarden group ns2:groups_common groupEarliestSingleDate,botgarden,group,ns2:groups_common,ns2:groups_common,groups_common.groupEarliestSingleDate,Group Information,"",Earliest/single date,"",groupEarliestSingleDate,date,n,n,n/a,"","",""
botgarden group ns2:groups_common groupLatestDate,botgarden,group,ns2:groups_common,ns2:groups_common,groups_common.groupLatestDate,Group Information,"",Latest date,"",groupLatestDate,date,n,n,n/a,"","",""
botgarden group ns2:groups_common scopeNote,botgarden,group,ns2:groups_common,ns2:groups_common,groups_common.scopeNote,Group Information,"",Scope note,"",scopeNote,string,n,n,n/a,"","",""
botgarden intake ns2:intakes_common entryNumber,botgarden,intake,ns2:intakes_common,ns2:intakes_common,intakes_common.entryNumber,Object Entry Information,"",Entry number,"",entryNumber,string,y,n,n/a,"","",""
botgarden intake ns2:intakes_common entryDate,botgarden,intake,ns2:intakes_common,ns2:intakes_common,intakes_common.entryDate,Object Entry Information,"",Entry date,"",entryDate,date,n,n,n/a,"","",""
botgarden intake ns2:intakes_common entryReason,botgarden,intake,ns2:intakes_common,ns2:intakes_common,intakes_common.entryReason,Object Entry Information,"",Entry reason,"",entryReason,string,n,n,n/a,option list,entryReasons,"commission, consideration, enquiry, loan"
botgarden intake ns2:intakes_common entryMethod,botgarden,intake,ns2:intakes_common,ns2:intakes_common,intakes_common.entryMethod,Object Entry Information,"",Entry method,entryMethods,entryMethod,string,n,y,n,vocabulary,entrymethod,""
botgarden intake ns2:intakes_common returnDate,botgarden,intake,ns2:intakes_common,ns2:intakes_common,intakes_common.returnDate,Object Entry Information,"",Return date,"",returnDate,date,n,n,n/a,"","",""
botgarden intake ns2:intakes_common currentOwner,botgarden,intake,ns2:intakes_common,ns2:intakes_common,intakes_common.currentOwner,Object Entry Information,"",Current owner,currentOwners,currentOwner,string,n,y,n,authority,person/local; organization/local,""
botgarden intake ns2:intakes_common depositor,botgarden,intake,ns2:intakes_common,ns2:intakes_common,intakes_common.depositor,Object Entry Information,"",Depositor name,depositorGroupList > depositorGroup,depositor,string,n,n,y,authority,person/local; organization/local,""
botgarden intake ns2:intakes_common depositorsRequirements,botgarden,intake,ns2:intakes_common,ns2:intakes_common,intakes_common.depositorsRequirements,Object Entry Information,"",Depositor requirements,depositorGroupList > depositorGroup,depositorsRequirements,string,n,n,y,"","",""
botgarden intake ns2:intakes_common approvalGroup,botgarden,intake,ns2:intakes_common,ns2:intakes_common,intakes_common.approvalGroup,Object Entry Information,Approval group,Approval group,approvalGroupList > approvalGroup,approvalGroup,string,n,n,y,vocabulary,deaccessionapprovalgroup,""
botgarden intake ns2:intakes_common approvalIndividual,botgarden,intake,ns2:intakes_common,ns2:intakes_common,intakes_common.approvalIndividual,Object Entry Information,Approval group,Approval individual,approvalGroupList > approvalGroup,approvalIndividual,string,n,n,y,authority,person/local,""
botgarden intake ns2:intakes_common approvalStatus,botgarden,intake,ns2:intakes_common,ns2:intakes_common,intakes_common.approvalStatus,Object Entry Information,Approval group,Approval status,approvalGroupList > approvalGroup,approvalStatus,string,n,n,y,vocabulary,deaccessionapprovalstatus,""
botgarden intake ns2:intakes_common approvalDate,botgarden,intake,ns2:intakes_common,ns2:intakes_common,intakes_common.approvalDate,Object Entry Information,Approval group,Approval status date,approvalGroupList > approvalGroup,approvalDate,date,n,n,y,"","",""
botgarden intake ns2:intakes_common approvalNote,botgarden,intake,ns2:intakes_common,ns2:intakes_common,intakes_common.approvalNote,Object Entry Information,Approval group,Approval note,approvalGroupList > approvalGroup,approvalNote,string,n,n,y,"","",""
botgarden intake ns2:intakes_common entryNote,botgarden,intake,ns2:intakes_common,ns2:intakes_common,intakes_common.entryNote,Object Entry Information,"",Entry note,"",entryNote,string,n,n,n/a,"","",""
botgarden intake ns2:intakes_common packingNote,botgarden,intake,ns2:intakes_common,ns2:intakes_common,intakes_common.packingNote,Object Entry Information,"",Packing note,"",packingNote,string,n,n,n/a,"","",""
botgarden intake ns2:intakes_common valuer,botgarden,intake,ns2:intakes_common,ns2:intakes_common,intakes_common.valuer,Valuation Information,"",Valuer,"",valuer,string,n,n,n/a,authority,person/local; organization/local,""
botgarden intake ns2:intakes_common valuationReferenceNumber,botgarden,intake,ns2:intakes_common,ns2:intakes_common,intakes_common.valuationReferenceNumber,Valuation Information,"",Valuation reference number,"",valuationReferenceNumber,string,n,n,n/a,"","",""
botgarden intake ns2:intakes_common insurer,botgarden,intake,ns2:intakes_common,ns2:intakes_common,intakes_common.insurer,Insurance Information,"",Insurer,insurers,insurer,string,n,y,n,authority,person/local; organization/local,""
botgarden intake ns2:intakes_common insurancePolicyNumber,botgarden,intake,ns2:intakes_common,ns2:intakes_common,intakes_common.insurancePolicyNumber,Insurance Information,"",Insurance policy number,"",insurancePolicyNumber,string,n,n,n/a,"","",""
botgarden intake ns2:intakes_common insuranceRenewalDate,botgarden,intake,ns2:intakes_common,ns2:intakes_common,intakes_common.insuranceRenewalDate,Insurance Information,"",Insurance renewal date,"",insuranceRenewalDate,date,n,n,n/a,"","",""
botgarden intake ns2:intakes_common insuranceReferenceNumber,botgarden,intake,ns2:intakes_common,ns2:intakes_common,intakes_common.insuranceReferenceNumber,Insurance Information,"",Insurance reference number,"",insuranceReferenceNumber,string,n,n,n/a,"","",""
botgarden intake ns2:intakes_common insuranceNote,botgarden,intake,ns2:intakes_common,ns2:intakes_common,intakes_common.insuranceNote,Insurance Information,"",Insurance note,"",insuranceNote,string,n,n,n/a,"","",""
botgarden intake ns2:intakes_common currentLocation,botgarden,intake,ns2:intakes_common,ns2:intakes_common,intakes_common.currentLocation,Location Information,"",Current location,currentLocationGroupList > currentLocationGroup,currentLocation,string,n,n,y,authority,location/local,""
botgarden intake ns2:intakes_common currentLocationFitness,botgarden,intake,ns2:intakes_common,ns2:intakes_common,intakes_common.currentLocationFitness,Location Information,"",Current location fitness,currentLocationGroupList > currentLocationGroup,currentLocationFitness,string,n,n,y,vocabulary,conditionfitness,""
botgarden intake ns2:intakes_common currentLocationNote,botgarden,intake,ns2:intakes_common,ns2:intakes_common,intakes_common.currentLocationNote,Location Information,"",Current location note,currentLocationGroupList > currentLocationGroup,currentLocationNote,string,n,n,y,"","",""
botgarden intake ns2:intakes_common locationDate,botgarden,intake,ns2:intakes_common,ns2:intakes_common,intakes_common.locationDate,Location Information,"",Location date,"",locationDate,date,n,n,n/a,"","",""
botgarden intake ns2:intakes_common normalLocation,botgarden,intake,ns2:intakes_common,ns2:intakes_common,intakes_common.normalLocation,Location Information,"",Normal location,"",normalLocation,string,n,n,n/a,authority,location/local,""
botgarden intake ns2:intakes_common conditionCheckMethod,botgarden,intake,ns2:intakes_common,ns2:intakes_common,intakes_common.conditionCheckMethod,Condition Check Information,"",Condition check method,conditionCheckMethods,conditionCheckMethod,string,n,y,n,vocabulary,conditioncheckmethod,""
botgarden intake ns2:intakes_common conditionCheckReason,botgarden,intake,ns2:intakes_common,ns2:intakes_common,intakes_common.conditionCheckReason,Condition Check Information,"",Condition check reason,conditionCheckReasons,conditionCheckReason,string,n,y,n,vocabulary,conditioncheckreason,""
botgarden intake ns2:intakes_common conditionCheckerOrAssessor,botgarden,intake,ns2:intakes_common,ns2:intakes_common,intakes_common.conditionCheckerOrAssessor,Condition Check Information,"",Condition check assessor,conditionCheckersOrAssessors,conditionCheckerOrAssessor,string,n,y,n,authority,person/local; organization/local,""
botgarden intake ns2:intakes_common conditionCheckDate,botgarden,intake,ns2:intakes_common,ns2:intakes_common,intakes_common.conditionCheckDate,Condition Check Information,"",Condition check date,"",conditionCheckDate,date,n,n,n/a,"","",""
botgarden intake ns2:intakes_common conditionCheckReferenceNumber,botgarden,intake,ns2:intakes_common,ns2:intakes_common,intakes_common.conditionCheckReferenceNumber,Condition Check Information,"",Condition check reference number,"",conditionCheckReferenceNumber,string,n,n,n/a,"","",""
botgarden intake ns2:intakes_common conditionCheckNote,botgarden,intake,ns2:intakes_common,ns2:intakes_common,intakes_common.conditionCheckNote,Condition Check Information,"",Condition check note,"",conditionCheckNote,string,n,n,n/a,"","",""
botgarden loanout ns2:loansout_botgarden collector,botgarden,loanout,ns2:loansout_botgarden,ns2:loansout_botgarden,loansout_botgarden.collector,Voucher Information,"",Collector,collectorList,collector,string,n,y,n,authority,person/local,""
botgarden loanout ns2:loansout_common loanOutDate,botgarden,loanout,ns2:loansout_common,ns2:loansout_common,loansout_common.loanOutDate,Voucher Information,"",Voucher date,"",loanOutDate,date,n,n,n/a,"","",""
botgarden loanout ns2:loansout_common loanOutNumber,botgarden,loanout,ns2:loansout_common,ns2:loansout_common,loansout_common.loanOutNumber,Voucher Information,"",Voucher collection number,"",loanOutNumber,string,n,n,n/a,"","",""
botgarden loanout ns2:loansout_botgarden sterile,botgarden,loanout,ns2:loansout_botgarden,ns2:loansout_botgarden,loansout_botgarden.sterile,Voucher Information,Phenology,Sterile,"",sterile,boolean,n,n,n/a,"","",""
botgarden loanout ns2:loansout_botgarden fertile,botgarden,loanout,ns2:loansout_botgarden,ns2:loansout_botgarden,loansout_botgarden.fertile,Voucher Information,Phenology,Fertile,"",fertile,boolean,n,n,n/a,"","",""
botgarden loanout ns2:loansout_botgarden flowering,botgarden,loanout,ns2:loansout_botgarden,ns2:loansout_botgarden,loansout_botgarden.flowering,Voucher Information,Phenology,Flowering,"",flowering,boolean,n,n,n/a,"","",""
botgarden loanout ns2:loansout_botgarden fruiting,botgarden,loanout,ns2:loansout_botgarden,ns2:loansout_botgarden,loansout_botgarden.fruiting,Voucher Information,Phenology,Fruiting,"",fruiting,boolean,n,n,n/a,"","",""
botgarden loanout ns2:loansout_botgarden inSpore,botgarden,loanout,ns2:loansout_botgarden,ns2:loansout_botgarden,loansout_botgarden.inSpore,Voucher Information,Phenology,In spore,"",inSpore,boolean,n,n,n/a,"","",""
botgarden loanout ns2:loansout_botgarden hortWild,botgarden,loanout,ns2:loansout_botgarden,ns2:loansout_botgarden,loansout_botgarden.hortWild,Voucher Information,"",Horticultural/wild,"",hortWild,string,n,n,n/a,option list,hortWildValues,"Horticultural, Wild"
botgarden loanout ns2:loansout_botgarden gardenLocation,botgarden,loanout,ns2:loansout_botgarden,ns2:loansout_botgarden,loansout_botgarden.gardenLocation,Voucher Information,"",Garden location,"",gardenLocation,string,n,n,n/a,authority,location/local,""
botgarden loanout ns2:loansout_common loanPurpose,botgarden,loanout,ns2:loansout_common,ns2:loansout_common,loansout_common.loanPurpose,Voucher Information,"",Voucher purpose,"",loanPurpose,string,n,n,n/a,"","",""
botgarden loanout ns2:loansout_common loanOutNote,botgarden,loanout,ns2:loansout_common,ns2:loansout_common,loansout_common.loanOutNote,Voucher Information,"",Voucher note,"",loanOutNote,string,n,n,n/a,"","",""
botgarden loanout ns2:loansout_botgarden fieldCollectionNote,botgarden,loanout,ns2:loansout_botgarden,ns2:loansout_botgarden,loansout_botgarden.fieldCollectionNote,Voucher Information,"",Collection note,"",fieldCollectionNote,string,n,n,n/a,"","",""
botgarden loanout ns2:loansout_botgarden annotation,botgarden,loanout,ns2:loansout_botgarden,ns2:loansout_botgarden,loansout_botgarden.annotation,Voucher Information,"",Annotation,"",annotation,string,n,n,n/a,"","",""
botgarden loanout ns2:loansout_common borrower,botgarden,loanout,ns2:loansout_common,ns2:loansout_common,loansout_common.borrower,Voucher Information,"",Voucher institution,"",borrower,string,n,n,n/a,authority,organization/local,""
botgarden loanout ns2:loansout_naturalhistory_extension numLent,botgarden,loanout,ns2:loansout_naturalhistory_extension,ns2:loansout_naturalhistory_extension,loansout_naturalhistory_extension.numLent,Voucher Information,"",Number of sheets,"",numLent,integer,n,n,n/a,"","",""
botgarden loanout ns2:loansout_botgarden sheetAccessionNumber,botgarden,loanout,ns2:loansout_botgarden,ns2:loansout_botgarden,loansout_botgarden.sheetAccessionNumber,Voucher Information,"",Sheet accession number,"",sheetAccessionNumber,string,n,n,n/a,"","",""
botgarden loanout ns2:loansout_common lendersAuthorizer,botgarden,loanout,ns2:loansout_common,ns2:loansout_common,loansout_common.lendersAuthorizer,Voucher Information,"",Reviewed by,"",lendersAuthorizer,string,n,n,n/a,authority,person/local,""
botgarden loanout ns2:loansout_botgarden reviewComplete,botgarden,loanout,ns2:loansout_botgarden,ns2:loansout_botgarden,loansout_botgarden.reviewComplete,Voucher Information,"",Review complete,"",reviewComplete,boolean,n,n,n/a,"","",""
botgarden loanout ns2:loansout_botgarden labelRequested,botgarden,loanout,ns2:loansout_botgarden,ns2:loansout_botgarden,loansout_botgarden.labelRequested,Voucher Information,"",Label requested,"",labelRequested,string,n,n,n/a,option list,labelRequestedValues,"No, Yes"
botgarden location ns2:locations_common termDisplayName,botgarden,location,ns2:locations_common,ns2:locations_common,locations_common.termDisplayName,Storage Location Information,"",Term display name,locTermGroupList > locTermGroup,termDisplayName,string,y,n,y,"","",""
botgarden location ns2:locations_common termName,botgarden,location,ns2:locations_common,ns2:locations_common,locations_common.termName,Storage Location Information,"",Term name,locTermGroupList > locTermGroup,termName,string,n,n,y,"","",""
botgarden location ns2:locations_common termQualifier,botgarden,location,ns2:locations_common,ns2:locations_common,locations_common.termQualifier,Storage Location Information,"",Term qualifier,locTermGroupList > locTermGroup,termQualifier,string,n,n,y,"","",""
botgarden location ns2:locations_common termStatus,botgarden,location,ns2:locations_common,ns2:locations_common,locations_common.termStatus,Storage Location Information,"",Term status,locTermGroupList > locTermGroup,termStatus,string,n,n,y,option list,locationTermStatuses,"accepted, provisional, rejected, under review"
botgarden location ns2:locations_common termType,botgarden,location,ns2:locations_common,ns2:locations_common,locations_common.termType,Storage Location Information,"",Term type,locTermGroupList > locTermGroup,termType,string,n,n,y,option list,locationTermTypes,"alternate descriptor, descriptor, used for term"
botgarden location ns2:locations_common termFlag,botgarden,location,ns2:locations_common,ns2:locations_common,locations_common.termFlag,Storage Location Information,"",Term flag,locTermGroupList > locTermGroup,termFlag,string,n,n,y,vocabulary,locationtermflag,""
botgarden location ns2:locations_common termLanguage,botgarden,location,ns2:locations_common,ns2:locations_common,locations_common.termLanguage,Storage Location Information,"",Term language,locTermGroupList > locTermGroup,termLanguage,string,n,n,y,vocabulary,languages,""
botgarden location ns2:locations_common termPrefForLang,botgarden,location,ns2:locations_common,ns2:locations_common,locations_common.termPrefForLang,Storage Location Information,"",Term preferred for lang,locTermGroupList > locTermGroup,termPrefForLang,boolean,n,n,y,"","",""
botgarden location ns2:locations_common termSource,botgarden,location,ns2:locations_common,ns2:locations_common,locations_common.termSource,Storage Location Information,Source,Term source name,locTermGroupList > locTermGroup,termSource,string,n,n,y,"","",""
botgarden location ns2:locations_common termSourceDetail,botgarden,location,ns2:locations_common,ns2:locations_common,locations_common.termSourceDetail,Storage Location Information,Source,Term source detail,locTermGroupList > locTermGroup,termSourceDetail,string,n,n,y,"","",""
botgarden location ns2:locations_common termSourceID,botgarden,location,ns2:locations_common,ns2:locations_common,locations_common.termSourceID,Storage Location Information,Source,Term source ID,locTermGroupList > locTermGroup,termSourceID,string,n,n,y,"","",""
botgarden location ns2:locations_common termSourceNote,botgarden,location,ns2:locations_common,ns2:locations_common,locations_common.termSourceNote,Storage Location Information,Source,Term source note,locTermGroupList > locTermGroup,termSourceNote,string,n,n,y,"","",""
botgarden location ns2:locations_common locationType,botgarden,location,ns2:locations_common,ns2:locations_common,locations_common.locationType,Storage Location Information,"",Storage location type,"",locationType,string,n,n,n/a,vocabulary,locationtype,""
botgarden location ns2:locations_common securityNote,botgarden,location,ns2:locations_common,ns2:locations_common,locations_common.securityNote,Storage Location Information,"",Security note,"",securityNote,string,n,n,n/a,"","",""
botgarden location ns2:locations_common address,botgarden,location,ns2:locations_common,ns2:locations_common,locations_common.address,Storage Location Information,"",Address,"",address,string,n,n,n/a,"","",""
botgarden location ns2:locations_common accessNote,botgarden,location,ns2:locations_common,ns2:locations_common,locations_common.accessNote,Storage Location Information,"",Access note,"",accessNote,string,n,n,n/a,"","",""
botgarden location ns2:locations_common conditionNote,botgarden,location,ns2:locations_common,ns2:locations_common,locations_common.conditionNote,Storage Location Information,"",Condition note,conditionGroupList > conditionGroup,conditionNote,string,n,n,y,"","",""
botgarden location ns2:locations_common conditionNoteDate,botgarden,location,ns2:locations_common,ns2:locations_common,locations_common.conditionNoteDate,Storage Location Information,"",Condition note date,conditionGroupList > conditionGroup,conditionNoteDate,date,n,n,y,"","",""
botgarden media ns2:media_common identificationNumber,botgarden,media,ns2:media_common,ns2:media_common,media_common.identificationNumber,Media Handling Information,"",Identification number,"",identificationNumber,string,y,n,n/a,"","",""
botgarden media ns2:media_common title,botgarden,media,ns2:media_common,ns2:media_common,media_common.title,Media Handling Information,"",Title,"",title,string,n,n,n/a,"","",""
botgarden media ns2:media_common publishTo,botgarden,media,ns2:media_common,ns2:media_common,media_common.publishTo,Media Handling Information,"",Publish to,publishToList,publishTo,string,n,y,n,vocabulary,publishto,""
botgarden media ns2:blobs_common name,botgarden,media,ns2:blobs_common,ns2:blobs_common,blobs_common.name,"",File Information,Name,"",name,string,n,n,n/a,"","",""
botgarden media ns2:blobs_common mimeType,botgarden,media,ns2:blobs_common,ns2:blobs_common,blobs_common.mimeType,"",File Information,Type,"",mimeType,string,n,n,n/a,"","",""
botgarden media ns2:blobs_common length,botgarden,media,ns2:blobs_common,ns2:blobs_common,blobs_common.length,"",File Information,Size,"",length,string,n,n,n/a,"","",""
botgarden media ns2:media_common externalUrl,botgarden,media,ns2:media_common,ns2:media_common,media_common.externalUrl,Media Handling Information,"",External URL,"",externalUrl,string,n,n,n/a,"","",""
botgarden media ext.dimension measuredPart,botgarden,media,ns2:media_common,ext.dimension,ext.dimension.measuredPart,Media Handling Information,"",Measured part,measuredPartGroupList > measuredPartGroup,measuredPart,string,n,n,y,option list,measuredParts,"base, frame, framed, image-size, mount, paper-size, plate-size, unframed"
botgarden media ext.dimension dimensionSummary,botgarden,media,ns2:media_common,ext.dimension,ext.dimension.dimensionSummary,Media Handling Information,"",Dimension summary,measuredPartGroupList > measuredPartGroup,dimensionSummary,string,n,n,y,"","",""
botgarden media ext.dimension dimension,botgarden,media,ns2:media_common,ext.dimension,ext.dimension.dimension,Media Handling Information,"",Measurement dimension,measuredPartGroupList > measuredPartGroup > dimensionSubGroupList > dimensionSubGroup,dimension,string,n,n,y,option list,dimensions,"area, base, circumference, count, depth, diameter, height, intended duration, length, running-time, screen resolution, target, volume, weight, width"
botgarden media ext.dimension measuredBy,botgarden,media,ns2:media_common,ext.dimension,ext.dimension.measuredBy,Media Handling Information,"",Measured by,measuredPartGroupList > measuredPartGroup > dimensionSubGroupList > dimensionSubGroup,measuredBy,string,n,n,y,authority,person/local; organization/local,""
botgarden media ext.dimension measurementMethod,botgarden,media,ns2:media_common,ext.dimension,ext.dimension.measurementMethod,Media Handling Information,"",Measurement method,measuredPartGroupList > measuredPartGroup > dimensionSubGroupList > dimensionSubGroup,measurementMethod,string,n,n,y,option list,measurementMethods,"balance_beam_scale, electronic_distance_measurement, goniometer, hydraulic_or_pneumatic_scale, measuring_tape_cloth, measuring_tape_metal, microscopy_reticule, odometer, optical_range_finder, osteometric_board, pacing_pedometer, protractor, ruler, sliding_calipers, spreading_calipers, spring_scale, stadia_transit, standard_mesh_screen, taping_chaining, theodolite_total_station"
botgarden media ext.dimension value,botgarden,media,ns2:media_common,ext.dimension,ext.dimension.value,Media Handling Information,"",Measurement value,measuredPartGroupList > measuredPartGroup > dimensionSubGroupList > dimensionSubGroup,value,float,n,n,y,"","",""
botgarden media ext.dimension measurementUnit,botgarden,media,ns2:media_common,ext.dimension,ext.dimension.measurementUnit,Media Handling Information,"",Measurement unit,measuredPartGroupList > measuredPartGroup > dimensionSubGroupList > dimensionSubGroup,measurementUnit,string,n,n,y,option list,measurementUnits,"carats, centimeters, cubic-centimeters, dpi, feet, hours, inches, kilograms, liters, meters, millimeters, milliseconds, minutes, ounces, pixels, pounds, ppi, seconds, square-feet, stories, tons"
botgarden media ext.dimension valueQualifier,botgarden,media,ns2:media_common,ext.dimension,ext.dimension.valueQualifier,Media Handling Information,"",Measurement qualifier,measuredPartGroupList > measuredPartGroup > dimensionSubGroupList > dimensionSubGroup,valueQualifier,string,n,n,y,"","",""
botgarden media ext.dimension valueDate,botgarden,media,ns2:media_common,ext.dimension,ext.dimension.valueDate,Media Handling Information,"",Measurement date,measuredPartGroupList > measuredPartGroup > dimensionSubGroupList > dimensionSubGroup,valueDate,date,n,n,y,"","",""
botgarden media ext.dimension measuredPartNote,botgarden,media,ns2:media_common,ext.dimension,ext.dimension.measuredPartNote,Media Handling Information,"",Dimension note,measuredPartGroupList > measuredPartGroup,measuredPartNote,string,n,n,y,"","",""
botgarden media ns2:media_common checksumValue,botgarden,media,ns2:media_common,ns2:media_common,media_common.checksumValue,Media Handling Information,"",Checksum value,checksumGroupList > checksumGroup,checksumValue,string,n,n,y,"","",""
botgarden media ns2:media_common checksumType,botgarden,media,ns2:media_common,ns2:media_common,media_common.checksumType,Media Handling Information,"",Checksum type,checksumGroupList > checksumGroup,checksumType,string,n,n,y,vocabulary,checksumtypes,""
botgarden media ns2:media_common checksumDate,botgarden,media,ns2:media_common,ns2:media_common,media_common.checksumDate,Media Handling Information,"",Checksum date,checksumGroupList > checksumGroup,checksumDate,date,n,n,y,"","",""
botgarden media ns2:media_common contributor,botgarden,media,ns2:media_common,ns2:media_common,media_common.contributor,Media Handling Information,"",Contributor,"",contributor,string,n,n,n/a,authority,person/local; organization/local,""
botgarden media ns2:media_common creator,botgarden,media,ns2:media_common,ns2:media_common,media_common.creator,Media Handling Information,"",Creator,"",creator,string,n,n,n/a,authority,person/local; organization/local,""
botgarden media ns2:media_common language,botgarden,media,ns2:media_common,ns2:media_common,media_common.language,Media Handling Information,"",Language,languageList,language,string,n,y,n,vocabulary,languages,""
botgarden media ns2:media_common publisher,botgarden,media,ns2:media_common,ns2:media_common,media_common.publisher,Media Handling Information,"",Publisher,"",publisher,string,n,n,n/a,authority,person/local; organization/local,""
botgarden media ns2:media_common relation,botgarden,media,ns2:media_common,ns2:media_common,media_common.relation,Media Handling Information,"",Relation,relationList,relation,string,n,y,n,"","",""
botgarden media ns2:media_common copyrightStatement,botgarden,media,ns2:media_common,ns2:media_common,media_common.copyrightStatement,Media Handling Information,"",Copyright statement,"",copyrightStatement,string,n,n,n/a,"","",""
botgarden media ns2:media_common type,botgarden,media,ns2:media_common,ns2:media_common,media_common.type,Media Handling Information,"",Type,typeList,type,string,n,y,n,option list,mediaTypes,"dataset, document, moving_image, sound, still_image"
botgarden media ns2:media_common coverage,botgarden,media,ns2:media_common,ns2:media_common,media_common.coverage,Media Handling Information,"",Coverage,"",coverage,string,n,n,n/a,"","",""
botgarden media ns2:media_common dateGroup,botgarden,media,ns2:media_common,ns2:media_common,media_common.dateGroup,Media Handling Information,"",Date,dateGroupList,dateGroup,structured date group,n,y,n,"","",""
botgarden media ns2:media_common source,botgarden,media,ns2:media_common,ns2:media_common,media_common.source,Media Handling Information,"",Source,"",source,string,n,n,n/a,"","",""
botgarden media ns2:media_common subject,botgarden,media,ns2:media_common,ns2:media_common,media_common.subject,Media Handling Information,"",Subject,subjectList,subject,string,n,y,n,"","",""
botgarden media ns2:media_common rightsHolder,botgarden,media,ns2:media_common,ns2:media_common,media_common.rightsHolder,Media Handling Information,"",Rights holder,"",rightsHolder,string,n,n,n/a,authority,person/local; organization/local,""
botgarden media ns2:media_common description,botgarden,media,ns2:media_common,ns2:media_common,media_common.description,Media Handling Information,"",Description,"",description,string,n,n,n/a,"","",""
botgarden media ns2:media_common altText,botgarden,media,ns2:media_common,ns2:media_common,media_common.altText,Media Handling Information,"",Alt text,"",altText,string,n,n,n/a,"","",""
botgarden media not-mapped mediaFileURI,botgarden,media,not-mapped,not-mapped,not-mapped.mediaFileURI,"","","","",mediaFileURI,string,n,n,n/a,"","",""
botgarden movement ns2:movements_common locationDate,botgarden,movement,ns2:movements_common,ns2:movements_common,movements_common.locationDate,Current Location Information,"",Action date,"",locationDate,date,n,n,n/a,"","",""
botgarden movement ns2:movements_common reasonForMove,botgarden,movement,ns2:movements_common,ns2:movements_common,movements_common.reasonForMove,Current Location Information,"",Action code,"",reasonForMove,string,n,n,n/a,vocabulary,reasonformove,""
botgarden movement ns2:movements_common currentLocation,botgarden,movement,ns2:movements_common,ns2:movements_common,movements_common.currentLocation,Current Location Information,"",Garden location,"",currentLocation,string,n,n,n/a,authority,location/local; organization/local,""
botgarden movement ns2:movements_common movementContact,botgarden,movement,ns2:movements_common,ns2:movements_common,movements_common.movementContact,Current Location Information,"",Contact,"",movementContact,string,n,n,n/a,authority,person/local,""
botgarden movement ns2:movements_common movementReferenceNumber,botgarden,movement,ns2:movements_common,ns2:movements_common,movements_common.movementReferenceNumber,Current Location Information,"",Reference number,"",movementReferenceNumber,string,n,n,n/a,"","",""
botgarden movement ns2:movements_common movementNote,botgarden,movement,ns2:movements_common,ns2:movements_common,movements_common.movementNote,Current Location Information,"",Movement note,"",movementNote,string,n,n,n/a,"","",""
botgarden movement ns2:movements_botgarden labelRequested,botgarden,movement,ns2:movements_botgarden,ns2:movements_botgarden,movements_botgarden.labelRequested,Label Information,"",Label requested,"",labelRequested,string,n,n,n/a,option list,labelRequestedValues,"No, Yes"
botgarden movement ns2:movements_botgarden labelSize,botgarden,movement,ns2:movements_botgarden,ns2:movements_botgarden,movements_botgarden.labelSize,Label Information,"",Label size,"",labelSize,string,n,n,n/a,vocabulary,labelsize,""
botgarden movement ns2:movements_botgarden labelStandType,botgarden,movement,ns2:movements_botgarden,ns2:movements_botgarden,movements_botgarden.labelStandType,Label Information,"",Label stand type,"",labelStandType,string,n,n,n/a,vocabulary,labelstandtype,""
botgarden movement ns2:movements_botgarden labelCount,botgarden,movement,ns2:movements_botgarden,ns2:movements_botgarden,movements_botgarden.labelCount,Label Information,"",Label count,"",labelCount,integer,n,n,n/a,"","",""
botgarden objectexit ns2:objectexit_common exitNumber,botgarden,objectexit,ns2:objectexit_common,ns2:objectexit_common,objectexit_common.exitNumber,Distribution Information,"",Distribution number,"",exitNumber,string,n,n,n/a,"","",""
botgarden objectexit ns2:objectexit_common exitDateGroup,botgarden,objectexit,ns2:objectexit_common,ns2:objectexit_common,objectexit_common.exitDateGroup,Distribution Information,"",Date,"",exitDateGroup,structured date group,n,n,n/a,"","",""
botgarden objectexit ns2:objectexit_common currentOwner,botgarden,objectexit,ns2:objectexit_common,ns2:objectexit_common,objectexit_common.currentOwner,Distribution Information,"",Authorized by,"",currentOwner,string,n,n,n/a,authority,person/local; organization/local,""
botgarden objectexit ns2:objectexit_common exitMethod,botgarden,objectexit,ns2:objectexit_common,ns2:objectexit_common,objectexit_common.exitMethod,Distribution Information,"",Distribution method,exitMethods,exitMethod,string,n,y,n,option list,exitMethods,"courier, inperson, post"
botgarden objectexit ns2:objectexit_common depositor,botgarden,objectexit,ns2:objectexit_common,ns2:objectexit_common,objectexit_common.depositor,Distribution Information,"",Organization,"",depositor,string,n,n,n/a,authority,organization/local,""
botgarden objectexit ns2:objectexit_common exitReason,botgarden,objectexit,ns2:objectexit_common,ns2:objectexit_common,objectexit_common.exitReason,Distribution Information,"",Distribution reason,"",exitReason,string,n,n,n/a,option list,exitReasons,"deaccession, disposal, returnofloan"
botgarden objectexit ns2:objectexit_naturalhistory_extension count,botgarden,objectexit,ns2:objectexit_naturalhistory_extension,ns2:objectexit_naturalhistory_extension,objectexit_naturalhistory_extension.count,Distribution Information,"",Count,"",count,integer,n,n,n/a,"","",""
botgarden objectexit ns2:objectexit_common exitNote,botgarden,objectexit,ns2:objectexit_common,ns2:objectexit_common,objectexit_common.exitNote,Distribution Information,"",Distribution note,"",exitNote,string,n,n,n/a,"","",""
botgarden objectexit ns2:objectexit_common packingNote,botgarden,objectexit,ns2:objectexit_common,ns2:objectexit_common,objectexit_common.packingNote,Distribution Information,"",Packing note,"",packingNote,string,n,n,n/a,"","",""
botgarden organization ns2:organizations_common termDisplayName,botgarden,organization,ns2:organizations_common,ns2:organizations_common,organizations_common.termDisplayName,Organization Information,"",Term display name,orgTermGroupList > orgTermGroup,termDisplayName,string,y,n,y,"","",""
botgarden organization ns2:organizations_common termName,botgarden,organization,ns2:organizations_common,ns2:organizations_common,organizations_common.termName,Organization Information,"",Term name,orgTermGroupList > orgTermGroup,termName,string,n,n,y,"","",""
botgarden organization ns2:organizations_common termQualifier,botgarden,organization,ns2:organizations_common,ns2:organizations_common,organizations_common.termQualifier,Organization Information,"",Term qualifier,orgTermGroupList > orgTermGroup,termQualifier,string,n,n,y,"","",""
botgarden organization ns2:organizations_common termStatus,botgarden,organization,ns2:organizations_common,ns2:organizations_common,organizations_common.termStatus,Organization Information,"",Term status,orgTermGroupList > orgTermGroup,termStatus,string,n,n,y,option list,orgTermStatuses,"accepted, provisional, rejected, under review"
botgarden organization ns2:organizations_common termType,botgarden,organization,ns2:organizations_common,ns2:organizations_common,organizations_common.termType,Organization Information,"",Term type,orgTermGroupList > orgTermGroup,termType,string,n,n,y,option list,orgTermTypes,"alternate descriptor, descriptor, used for term"
botgarden organization ns2:organizations_common termFlag,botgarden,organization,ns2:organizations_common,ns2:organizations_common,organizations_common.termFlag,Organization Information,"",Term flag,orgTermGroupList > orgTermGroup,termFlag,string,n,n,y,vocabulary,orgtermflag,""
botgarden organization ns2:organizations_common termLanguage,botgarden,organization,ns2:organizations_common,ns2:organizations_common,organizations_common.termLanguage,Organization Information,"",Term language,orgTermGroupList > orgTermGroup,termLanguage,string,n,n,y,vocabulary,languages,""
botgarden organization ns2:organizations_common termPrefForLang,botgarden,organization,ns2:organizations_common,ns2:organizations_common,organizations_common.termPrefForLang,Organization Information,"",Term preferred for lang,orgTermGroupList > orgTermGroup,termPrefForLang,boolean,n,n,y,"","",""
botgarden organization ns2:organizations_common mainBodyName,botgarden,organization,ns2:organizations_common,ns2:organizations_common,organizations_common.mainBodyName,Organization Information,Name detail,Term main body name,orgTermGroupList > orgTermGroup,mainBodyName,string,n,n,y,"","",""
botgarden organization ns2:organizations_common additionsToName,botgarden,organization,ns2:organizations_common,ns2:organizations_common,organizations_common.additionsToName,Organization Information,Name detail,Term name addition,orgTermGroupList > orgTermGroup,additionsToName,string,n,n,y,"","",""
botgarden organization ns2:organizations_common termSource,botgarden,organization,ns2:organizations_common,ns2:organizations_common,organizations_common.termSource,Organization Information,Source,Term source name,orgTermGroupList > orgTermGroup,termSource,string,n,n,y,authority,citation/local; citation/worldcat,""
botgarden organization ns2:organizations_common termSourceDetail,botgarden,organization,ns2:organizations_common,ns2:organizations_common,organizations_common.termSourceDetail,Organization Information,Source,Term source detail,orgTermGroupList > orgTermGroup,termSourceDetail,string,n,n,y,"","",""
botgarden organization ns2:organizations_common termSourceID,botgarden,organization,ns2:organizations_common,ns2:organizations_common,organizations_common.termSourceID,Organization Information,Source,Term source ID,orgTermGroupList > orgTermGroup,termSourceID,string,n,n,y,"","",""
botgarden organization ns2:organizations_common termSourceNote,botgarden,organization,ns2:organizations_common,ns2:organizations_common,organizations_common.termSourceNote,Organization Information,Source,Term source note,orgTermGroupList > orgTermGroup,termSourceNote,string,n,n,y,"","",""
botgarden organization ns2:organizations_common organizationRecordType,botgarden,organization,ns2:organizations_common,ns2:organizations_common,organizations_common.organizationRecordType,Organization Information,"",Organization type,organizationRecordTypes,organizationRecordType,string,n,y,n,vocabulary,organizationtype,""
botgarden organization ns2:organizations_common foundingDateGroup,botgarden,organization,ns2:organizations_common,ns2:organizations_common,organizations_common.foundingDateGroup,Organization Information,"",Foundation date,"",foundingDateGroup,structured date group,n,n,n/a,"","",""
botgarden organization ns2:organizations_common foundingPlace,botgarden,organization,ns2:organizations_common,ns2:organizations_common,organizations_common.foundingPlace,Organization Information,"",Foundation place,"",foundingPlace,string,n,n,n/a,"","",""
botgarden organization ns2:organizations_common dissolutionDateGroup,botgarden,organization,ns2:organizations_common,ns2:organizations_common,organizations_common.dissolutionDateGroup,Organization Information,"",Dissolution date,"",dissolutionDateGroup,structured date group,n,n,n/a,"","",""
botgarden organization ns2:organizations_common nameNote,botgarden,organization,ns2:organizations_common,ns2:organizations_common,organizations_common.nameNote,Organization Information,"",Name note,"",nameNote,string,n,n,n/a,"","",""
botgarden organization ns2:organizations_common group,botgarden,organization,ns2:organizations_common,ns2:organizations_common,organizations_common.group,Organization Information,"",Group,groups,group,string,n,y,n,"","",""
botgarden organization ns2:organizations_common function,botgarden,organization,ns2:organizations_common,ns2:organizations_common,organizations_common.function,Organization Information,"",Function,functions,function,string,n,y,n,"","",""
botgarden organization ns2:organizations_common historyNote,botgarden,organization,ns2:organizations_common,ns2:organizations_common,organizations_common.historyNote,Organization Information,"",History,historyNotes,historyNote,string,n,y,n,"","",""
botgarden organization ns2:organizations_common contactName,botgarden,organization,ns2:organizations_common,ns2:organizations_common,organizations_common.contactName,Organization Information,"",Contact name,contactGroupList > contactGroup,contactName,string,n,n,y,authority,person/local,""
botgarden organization ns2:organizations_common contactRole,botgarden,organization,ns2:organizations_common,ns2:organizations_common,organizations_common.contactRole,Organization Information,"",Contact role,contactGroupList > contactGroup,contactRole,string,n,n,y,vocabulary,contactrole,""
botgarden organization ns2:organizations_common contactDateGroup,botgarden,organization,ns2:organizations_common,ns2:organizations_common,organizations_common.contactDateGroup,Organization Information,"",Contact date,contactGroupList > contactGroup,contactDateGroup,structured date group,n,n,y,"","",""
botgarden organization ns2:organizations_common contactEndDateGroup,botgarden,organization,ns2:organizations_common,ns2:organizations_common,organizations_common.contactEndDateGroup,Organization Information,"",Contact end date,contactGroupList > contactGroup,contactEndDateGroup,structured date group,n,n,y,"","",""
botgarden organization ns2:organizations_common contactStatus,botgarden,organization,ns2:organizations_common,ns2:organizations_common,organizations_common.contactStatus,Organization Information,"",Contact status,contactGroupList > contactGroup,contactStatus,string,n,n,y,vocabulary,contactstatus,""
botgarden organization ns2:contacts_common email,botgarden,organization,ns2:contacts_common,ns2:contacts_common,contacts_common.email,Contact Information,Organization Information,Address,emailGroupList > emailGroup,email,string,n,n,y,"","",""
botgarden organization ns2:contacts_common emailType,botgarden,organization,ns2:contacts_common,ns2:contacts_common,contacts_common.emailType,Contact Information,Organization Information,Type,emailGroupList > emailGroup,emailType,string,n,n,y,option list,emailTypes,"business, other, personal"
botgarden organization ns2:contacts_common telephoneNumber,botgarden,organization,ns2:contacts_common,ns2:contacts_common,contacts_common.telephoneNumber,Contact Information,Organization Information,Number,telephoneNumberGroupList > telephoneNumberGroup,telephoneNumber,string,n,n,y,"","",""
botgarden organization ns2:contacts_common telephoneNumberType,botgarden,organization,ns2:contacts_common,ns2:contacts_common,contacts_common.telephoneNumberType,Contact Information,Organization Information,Type,telephoneNumberGroupList > telephoneNumberGroup,telephoneNumberType,string,n,n,y,option list,telephoneNumberTypes,"business, home, mobile, other"
botgarden organization ns2:contacts_common faxNumber,botgarden,organization,ns2:contacts_common,ns2:contacts_common,contacts_common.faxNumber,Contact Information,Organization Information,Number,faxNumberGroupList > faxNumberGroup,faxNumber,string,n,n,y,"","",""
botgarden organization ns2:contacts_common faxNumberType,botgarden,organization,ns2:contacts_common,ns2:contacts_common,contacts_common.faxNumberType,Contact Information,Organization Information,Type,faxNumberGroupList > faxNumberGroup,faxNumberType,string,n,n,y,option list,faxNumberTypes,"business, home, other"
botgarden organization ns2:contacts_common webAddress,botgarden,organization,ns2:contacts_common,ns2:contacts_common,contacts_common.webAddress,Contact Information,Organization Information,URL,webAddressGroupList > webAddressGroup,webAddress,string,n,n,y,"","",""
botgarden organization ns2:contacts_common webAddressType,botgarden,organization,ns2:contacts_common,ns2:contacts_common,contacts_common.webAddressType,Contact Information,Organization Information,Type,webAddressGroupList > webAddressGroup,webAddressType,string,n,n,y,option list,webAddressTypes,"business, other, personal"
botgarden organization ns2:contacts_common addressPlace1,botgarden,organization,ns2:contacts_common,ns2:contacts_common,contacts_common.addressPlace1,Contact Information,Organization Information,Line 1,addressGroupList > addressGroup,addressPlace1,string,n,n,y,"","",""
botgarden organization ns2:contacts_common addressPlace2,botgarden,organization,ns2:contacts_common,ns2:contacts_common,contacts_common.addressPlace2,Contact Information,Organization Information,Line 2,addressGroupList > addressGroup,addressPlace2,string,n,n,y,"","",""
botgarden organization ns2:contacts_common addressMunicipality,botgarden,organization,ns2:contacts_common,ns2:contacts_common,contacts_common.addressMunicipality,Contact Information,Organization Information,Municipality,addressGroupList > addressGroup,addressMunicipality,string,n,n,y,"","",""
botgarden organization ns2:contacts_common addressStateOrProvince,botgarden,organization,ns2:contacts_common,ns2:contacts_common,contacts_common.addressStateOrProvince,Contact Information,Organization Information,State/province,addressGroupList > addressGroup,addressStateOrProvince,string,n,n,y,"","",""
botgarden organization ns2:contacts_common addressPostCode,botgarden,organization,ns2:contacts_common,ns2:contacts_common,contacts_common.addressPostCode,Contact Information,Organization Information,Postal code,addressGroupList > addressGroup,addressPostCode,string,n,n,y,"","",""
botgarden organization ns2:contacts_common addressCountry,botgarden,organization,ns2:contacts_common,ns2:contacts_common,contacts_common.addressCountry,Contact Information,Organization Information,Country,addressGroupList > addressGroup,addressCountry,string,n,n,y,option list,addressCountries,"AD, AE, AF, AG, AI, AL, AM, AO, AQ, AR, AS, AT, AU, AW, AX, AZ, BA, BB, BD, BE, BF, BG, BH, BI, BJ, BL, BM, BN, BO, BQ, BR, BS, BT, BV, BW, BY, BZ, CA, CC, CD, CF, CG, CH, CI, CK, CL, CM, CN, CO, CR, CU, CV, CW, CX, CY, CZ, DE, DJ, DK, DM, DO, DZ, EC, EE, EG, EH, ER, ES, ET, FI, FJ, FK, FM, FO, FR, GA, GB, GD, GE, GF, GG, GH, GI, GL, GM, GN, GP, GQ, GR, GS, GT, GU, GW, GY, HK, HM, HN, HR, HT, HU, ID, IE, IL, IM, IN, IO, IQ, IR, IS, IT, JE, JM, JO, JP, KE, KG, KH, KI, KM, KN, KP, KR, KW, KY, KZ, LA, LB, LC, LI, LK, LR, LS, LT, LU, LV, LY, MA, MC, MD, ME, MF, MG, MH, MK, ML, MM, MN, MO, MP, MQ, MR, MS, MT, MU, MV, MW, MX, MY, MZ, NA, NC, NE, NF, NG, NI, NL, NO, NP, NR, NU, NZ, OM, PA, PE, PF, PG, PH, PK, PL, PM, PN, PR, PS, PT, PW, PY, QA, RE, RO, RS, RU, RW, SA, SB, SC, SD, SE, SG, SH, SI, SJ, SK, SL, SM, SN, SO, SR, SS, ST, SV, SX, SY, SZ, TC, TD, TF, TG, TH, TJ, TK, TL, TM, TN, TO, TR, TT, TV, TW, TZ, UA, UG, UM, US, UY, UZ, VA, VC, VE, VG, VI, VN, VU, WF, WS, YE, YT, ZA, ZM, ZW"
botgarden organization ns2:contacts_common addressType,botgarden,organization,ns2:contacts_common,ns2:contacts_common,contacts_common.addressType,Contact Information,Organization Information,Type,addressGroupList > addressGroup,addressType,string,n,n,y,option list,addressTypes,"business, home, other"
botgarden person ns2:persons_common termDisplayName,botgarden,person,ns2:persons_common,ns2:persons_common,persons_common.termDisplayName,Person Information,"",Term display name,personTermGroupList > personTermGroup,termDisplayName,string,y,n,y,"","",""
botgarden person ns2:persons_common termName,botgarden,person,ns2:persons_common,ns2:persons_common,persons_common.termName,Person Information,"",Term name,personTermGroupList > personTermGroup,termName,string,n,n,y,"","",""
botgarden person ns2:persons_common termQualifier,botgarden,person,ns2:persons_common,ns2:persons_common,persons_common.termQualifier,Person Information,"",Term qualifier,personTermGroupList > personTermGroup,termQualifier,string,n,n,y,"","",""
botgarden person ns2:persons_common termStatus,botgarden,person,ns2:persons_common,ns2:persons_common,persons_common.termStatus,Person Information,"",Term status,personTermGroupList > personTermGroup,termStatus,string,n,n,y,option list,personTermStatuses,"accepted, provisional, rejected, under review"
botgarden person ns2:persons_common termType,botgarden,person,ns2:persons_common,ns2:persons_common,persons_common.termType,Person Information,"",Term type,personTermGroupList > personTermGroup,termType,string,n,n,y,vocabulary,persontermtype,""
botgarden person ns2:persons_common termFlag,botgarden,person,ns2:persons_common,ns2:persons_common,persons_common.termFlag,Person Information,"",Term flag,personTermGroupList > personTermGroup,termFlag,string,n,n,y,vocabulary,persontermflag,""
botgarden person ns2:persons_common termLanguage,botgarden,person,ns2:persons_common,ns2:persons_common,persons_common.termLanguage,Person Information,"",Term language,personTermGroupList > personTermGroup,termLanguage,string,n,n,y,vocabulary,languages,""
botgarden person ns2:persons_common termPrefForLang,botgarden,person,ns2:persons_common,ns2:persons_common,persons_common.termPrefForLang,Person Information,"",Term preferred for lang,personTermGroupList > personTermGroup,termPrefForLang,boolean,n,n,y,"","",""
botgarden person ns2:persons_common salutation,botgarden,person,ns2:persons_common,ns2:persons_common,persons_common.salutation,Person Information,Name detail,Term salutation,personTermGroupList > personTermGroup,salutation,string,n,n,y,option list,salutations,"dear, hello, to"
botgarden person ns2:persons_common title,botgarden,person,ns2:persons_common,ns2:persons_common,persons_common.title,Person Information,Name detail,Term title,personTermGroupList > personTermGroup,title,string,n,n,y,option list,personTitles,"Admiral, Baron, Baroness, Captain, Commander, Commodore, Count, Countess, Dame, Dr, General, Governor, Honorable, Judge, King, Lady, Lord, Miss, Mr, Mrs, Ms, Prince, Princess, Professor, Queen, Reverend, Saint, Sir"
botgarden person ns2:persons_common foreName,botgarden,person,ns2:persons_common,ns2:persons_common,persons_common.foreName,Person Information,Name detail,Term forename,personTermGroupList > personTermGroup,foreName,string,n,n,y,"","",""
botgarden person ns2:persons_common middleName,botgarden,person,ns2:persons_common,ns2:persons_common,persons_common.middleName,Person Information,Name detail,Term middle name,personTermGroupList > personTermGroup,middleName,string,n,n,y,"","",""
botgarden person ns2:persons_common surName,botgarden,person,ns2:persons_common,ns2:persons_common,persons_common.surName,Person Information,Name detail,Term surname,personTermGroupList > personTermGroup,surName,string,n,n,y,"","",""
botgarden person ns2:persons_common nameAdditions,botgarden,person,ns2:persons_common,ns2:persons_common,persons_common.nameAdditions,Person Information,Name detail,Term name addition,personTermGroupList > personTermGroup,nameAdditions,string,n,n,y,"","",""
botgarden person ns2:persons_common initials,botgarden,person,ns2:persons_common,ns2:persons_common,persons_common.initials,Person Information,Name detail,Term initials,personTermGroupList > personTermGroup,initials,string,n,n,y,"","",""
botgarden person ns2:persons_common termSource,botgarden,person,ns2:persons_common,ns2:persons_common,persons_common.termSource,Person Information,Source,Term source name,personTermGroupList > personTermGroup,termSource,string,n,n,y,authority,citation/local; citation/worldcat,""
botgarden person ns2:persons_common termSourceDetail,botgarden,person,ns2:persons_common,ns2:persons_common,persons_common.termSourceDetail,Person Information,Source,Term source detail,personTermGroupList > personTermGroup,termSourceDetail,string,n,n,y,"","",""
botgarden person ns2:persons_common termSourceID,botgarden,person,ns2:persons_common,ns2:persons_common,persons_common.termSourceID,Person Information,Source,Term source ID,personTermGroupList > personTermGroup,termSourceID,string,n,n,y,"","",""
botgarden person ns2:persons_common termSourceNote,botgarden,person,ns2:persons_common,ns2:persons_common,persons_common.termSourceNote,Person Information,Source,Term source note,personTermGroupList > personTermGroup,termSourceNote,string,n,n,y,"","",""
botgarden person ns2:persons_common gender,botgarden,person,ns2:persons_common,ns2:persons_common,persons_common.gender,Person Information,"",Gender,"",gender,string,n,n,n/a,option list,genders,"agender, bigender, dyadic, female, feminine, gender-fluid, gender-neutral, gender-non-binary, genderqueer, intersex, male, masculine, pansexual, polygender, questioning, transgender, transsexual, two-spirit"
botgarden person ns2:persons_common occupation,botgarden,person,ns2:persons_common,ns2:persons_common,persons_common.occupation,Person Information,"",Occupation,occupations,occupation,string,n,y,n,"","",""
botgarden person ns2:persons_common schoolOrStyle,botgarden,person,ns2:persons_common,ns2:persons_common,persons_common.schoolOrStyle,Person Information,"",School/style,schoolsOrStyles,schoolOrStyle,string,n,y,n,"","",""
botgarden person ns2:persons_common group,botgarden,person,ns2:persons_common,ns2:persons_common,persons_common.group,Person Information,"",Group,groups,group,string,n,y,n,"","",""
botgarden person ns2:persons_common nationality,botgarden,person,ns2:persons_common,ns2:persons_common,persons_common.nationality,Person Information,"",Nationality,nationalities,nationality,string,n,y,n,"","",""
botgarden person ns2:persons_common nameNote,botgarden,person,ns2:persons_common,ns2:persons_common,persons_common.nameNote,Person Information,"",Name note,"",nameNote,string,n,n,n/a,"","",""
botgarden person ns2:persons_common birthDateGroup,botgarden,person,ns2:persons_common,ns2:persons_common,persons_common.birthDateGroup,Person Information,"",Birth date,"",birthDateGroup,structured date group,n,n,n/a,"","",""
botgarden person ns2:persons_common birthPlace,botgarden,person,ns2:persons_common,ns2:persons_common,persons_common.birthPlace,Person Information,"",Place of birth,"",birthPlace,string,n,n,n/a,"","",""
botgarden person ns2:persons_common deathDateGroup,botgarden,person,ns2:persons_common,ns2:persons_common,persons_common.deathDateGroup,Person Information,"",Death date,"",deathDateGroup,structured date group,n,n,n/a,"","",""
botgarden person ns2:persons_common deathPlace,botgarden,person,ns2:persons_common,ns2:persons_common,persons_common.deathPlace,Person Information,"",Place of death,"",deathPlace,string,n,n,n/a,"","",""
botgarden person ns2:persons_common bioNote,botgarden,person,ns2:persons_common,ns2:persons_common,persons_common.bioNote,Person Information,"",Biographical note,"",bioNote,string,n,n,n/a,"","",""
botgarden person ns2:contacts_common email,botgarden,person,ns2:contacts_common,ns2:contacts_common,contacts_common.email,Contact Information,Person Information,Address,emailGroupList > emailGroup,email,string,n,n,y,"","",""
botgarden person ns2:contacts_common emailType,botgarden,person,ns2:contacts_common,ns2:contacts_common,contacts_common.emailType,Contact Information,Person Information,Type,emailGroupList > emailGroup,emailType,string,n,n,y,option list,emailTypes,"business, other, personal"
botgarden person ns2:contacts_common telephoneNumber,botgarden,person,ns2:contacts_common,ns2:contacts_common,contacts_common.telephoneNumber,Contact Information,Person Information,Number,telephoneNumberGroupList > telephoneNumberGroup,telephoneNumber,string,n,n,y,"","",""
botgarden person ns2:contacts_common telephoneNumberType,botgarden,person,ns2:contacts_common,ns2:contacts_common,contacts_common.telephoneNumberType,Contact Information,Person Information,Type,telephoneNumberGroupList > telephoneNumberGroup,telephoneNumberType,string,n,n,y,option list,telephoneNumberTypes,"business, home, mobile, other"
botgarden person ns2:contacts_common faxNumber,botgarden,person,ns2:contacts_common,ns2:contacts_common,contacts_common.faxNumber,Contact Information,Person Information,Number,faxNumberGroupList > faxNumberGroup,faxNumber,string,n,n,y,"","",""
botgarden person ns2:contacts_common faxNumberType,botgarden,person,ns2:contacts_common,ns2:contacts_common,contacts_common.faxNumberType,Contact Information,Person Information,Type,faxNumberGroupList > faxNumberGroup,faxNumberType,string,n,n,y,option list,faxNumberTypes,"business, home, other"
botgarden person ns2:contacts_common webAddress,botgarden,person,ns2:contacts_common,ns2:contacts_common,contacts_common.webAddress,Contact Information,Person Information,URL,webAddressGroupList > webAddressGroup,webAddress,string,n,n,y,"","",""
botgarden person ns2:contacts_common webAddressType,botgarden,person,ns2:contacts_common,ns2:contacts_common,contacts_common.webAddressType,Contact Information,Person Information,Type,webAddressGroupList > webAddressGroup,webAddressType,string,n,n,y,option list,webAddressTypes,"business, other, personal"
botgarden person ns2:contacts_common addressPlace1,botgarden,person,ns2:contacts_common,ns2:contacts_common,contacts_common.addressPlace1,Contact Information,Person Information,Line 1,addressGroupList > addressGroup,addressPlace1,string,n,n,y,"","",""
botgarden person ns2:contacts_common addressPlace2,botgarden,person,ns2:contacts_common,ns2:contacts_common,contacts_common.addressPlace2,Contact Information,Person Information,Line 2,addressGroupList > addressGroup,addressPlace2,string,n,n,y,"","",""
botgarden person ns2:contacts_common addressMunicipality,botgarden,person,ns2:contacts_common,ns2:contacts_common,contacts_common.addressMunicipality,Contact Information,Person Information,Municipality,addressGroupList > addressGroup,addressMunicipality,string,n,n,y,"","",""
botgarden person ns2:contacts_common addressStateOrProvince,botgarden,person,ns2:contacts_common,ns2:contacts_common,contacts_common.addressStateOrProvince,Contact Information,Person Information,State/province,addressGroupList > addressGroup,addressStateOrProvince,string,n,n,y,"","",""
botgarden person ns2:contacts_common addressPostCode,botgarden,person,ns2:contacts_common,ns2:contacts_common,contacts_common.addressPostCode,Contact Information,Person Information,Postal code,addressGroupList > addressGroup,addressPostCode,string,n,n,y,"","",""
botgarden person ns2:contacts_common addressCountry,botgarden,person,ns2:contacts_common,ns2:contacts_common,contacts_common.addressCountry,Contact Information,Person Information,Country,addressGroupList > addressGroup,addressCountry,string,n,n,y,option list,addressCountries,"AD, AE, AF, AG, AI, AL, AM, AO, AQ, AR, AS, AT, AU, AW, AX, AZ, BA, BB, BD, BE, BF, BG, BH, BI, BJ, BL, BM, BN, BO, BQ, BR, BS, BT, BV, BW, BY, BZ, CA, CC, CD, CF, CG, CH, CI, CK, CL, CM, CN, CO, CR, CU, CV, CW, CX, CY, CZ, DE, DJ, DK, DM, DO, DZ, EC, EE, EG, EH, ER, ES, ET, FI, FJ, FK, FM, FO, FR, GA, GB, GD, GE, GF, GG, GH, GI, GL, GM, GN, GP, GQ, GR, GS, GT, GU, GW, GY, HK, HM, HN, HR, HT, HU, ID, IE, IL, IM, IN, IO, IQ, IR, IS, IT, JE, JM, JO, JP, KE, KG, KH, KI, KM, KN, KP, KR, KW, KY, KZ, LA, LB, LC, LI, LK, LR, LS, LT, LU, LV, LY, MA, MC, MD, ME, MF, MG, MH, MK, ML, MM, MN, MO, MP, MQ, MR, MS, MT, MU, MV, MW, MX, MY, MZ, NA, NC, NE, NF, NG, NI, NL, NO, NP, NR, NU, NZ, OM, PA, PE, PF, PG, PH, PK, PL, PM, PN, PR, PS, PT, PW, PY, QA, RE, RO, RS, RU, RW, SA, SB, SC, SD, SE, SG, SH, SI, SJ, SK, SL, SM, SN, SO, SR, SS, ST, SV, SX, SY, SZ, TC, TD, TF, TG, TH, TJ, TK, TL, TM, TN, TO, TR, TT, TV, TW, TZ, UA, UG, UM, US, UY, UZ, VA, VC, VE, VG, VI, VN, VU, WF, WS, YE, YT, ZA, ZM, ZW"
botgarden person ns2:contacts_common addressType,botgarden,person,ns2:contacts_common,ns2:contacts_common,contacts_common.addressType,Contact Information,Person Information,Type,addressGroupList > addressGroup,addressType,string,n,n,y,option list,addressTypes,"business, home, other"
botgarden person ns2:persons_common declinedToAnswerPronoun,botgarden,person,ns2:persons_common,ns2:persons_common,persons_common.declinedToAnswerPronoun,Maker-Supplied Identity Information,"",Pronoun supplied declined to answer,pronounGroupList > pronounGroup,declinedToAnswerPronoun,boolean,n,n,y,"","",""
botgarden person ns2:persons_common suppliedPronoun,botgarden,person,ns2:persons_common,ns2:persons_common,persons_common.suppliedPronoun,Maker-Supplied Identity Information,"",Pronoun supplied,pronounGroupList > pronounGroup > suppliedPronouns,suppliedPronoun,string,n,y,as part of larger repeating group,vocabulary,suppliedpronoun,""
botgarden person ns2:persons_common useRestrictionPronoun,botgarden,person,ns2:persons_common,ns2:persons_common,persons_common.useRestrictionPronoun,Maker-Supplied Identity Information,"",Pronoun supplied use restriction,pronounGroupList > pronounGroup,useRestrictionPronoun,string,n,n,y,vocabulary,userestriction,""
botgarden person ns2:persons_common declinedToAnswerGender,botgarden,person,ns2:persons_common,ns2:persons_common,persons_common.declinedToAnswerGender,Maker-Supplied Identity Information,"",Gender supplied declined to answer,genderGroupList > genderGroup,declinedToAnswerGender,boolean,n,n,y,"","",""
botgarden person ns2:persons_common suppliedGender,botgarden,person,ns2:persons_common,ns2:persons_common,persons_common.suppliedGender,Maker-Supplied Identity Information,"",Gender supplied,genderGroupList > genderGroup > suppliedGenders,suppliedGender,string,n,y,as part of larger repeating group,vocabulary,suppliedgender,""
botgarden person ns2:persons_common useRestrictionGender,botgarden,person,ns2:persons_common,ns2:persons_common,persons_common.useRestrictionGender,Maker-Supplied Identity Information,"",Gender supplied use restriction,genderGroupList > genderGroup,useRestrictionGender,string,n,n,y,vocabulary,userestriction,""
botgarden person ns2:persons_common declinedToAnswerRace,botgarden,person,ns2:persons_common,ns2:persons_common,persons_common.declinedToAnswerRace,Maker-Supplied Identity Information,"",Race supplied declined to answer,raceGroupList > raceGroup,declinedToAnswerRace,boolean,n,n,y,"","",""
botgarden person ns2:persons_common suppliedRace,botgarden,person,ns2:persons_common,ns2:persons_common,persons_common.suppliedRace,Maker-Supplied Identity Information,"",Race supplied,raceGroupList > raceGroup > suppliedRaces,suppliedRace,string,n,y,as part of larger repeating group,vocabulary,suppliedrace,""
botgarden person ns2:persons_common useRestrictionRace,botgarden,person,ns2:persons_common,ns2:persons_common,persons_common.useRestrictionRace,Maker-Supplied Identity Information,"",Race supplied use restriction,raceGroupList > raceGroup,useRestrictionRace,string,n,n,y,vocabulary,userestriction,""
botgarden person ns2:persons_common declinedToAnswerEthnicity,botgarden,person,ns2:persons_common,ns2:persons_common,persons_common.declinedToAnswerEthnicity,Maker-Supplied Identity Information,"",Ethnicity supplied declined to answer,ethnicityGroupList > ethnicityGroup,declinedToAnswerEthnicity,boolean,n,n,y,"","",""
botgarden person ns2:persons_common suppliedEthnicity,botgarden,person,ns2:persons_common,ns2:persons_common,persons_common.suppliedEthnicity,Maker-Supplied Identity Information,"",Ethnicity supplied,ethnicityGroupList > ethnicityGroup > suppliedEthnicities,suppliedEthnicity,string,n,y,as part of larger repeating group,vocabulary,suppliedethnicity,""
botgarden person ns2:persons_common useRestrictionEthnicity,botgarden,person,ns2:persons_common,ns2:persons_common,persons_common.useRestrictionEthnicity,Maker-Supplied Identity Information,"",Ethnicity supplied use restriction,ethnicityGroupList > ethnicityGroup,useRestrictionEthnicity,string,n,n,y,vocabulary,userestriction,""
botgarden person ns2:persons_common declinedToAnswerSexuality,botgarden,person,ns2:persons_common,ns2:persons_common,persons_common.declinedToAnswerSexuality,Maker-Supplied Identity Information,"",Sexuality supplied declined to answer,sexualityGroupList > sexualityGroup,declinedToAnswerSexuality,boolean,n,n,y,"","",""
botgarden person ns2:persons_common suppliedSexuality,botgarden,person,ns2:persons_common,ns2:persons_common,persons_common.suppliedSexuality,Maker-Supplied Identity Information,"",Sexuality supplied,sexualityGroupList > sexualityGroup > suppliedSexualities,suppliedSexuality,string,n,y,as part of larger repeating group,vocabulary,suppliedsexuality,""
botgarden person ns2:persons_common useRestrictionSexuality,botgarden,person,ns2:persons_common,ns2:persons_common,persons_common.useRestrictionSexuality,Maker-Supplied Identity Information,"",Sexuality supplied use restriction,sexualityGroupList > sexualityGroup,useRestrictionSexuality,string,n,n,y,vocabulary,userestriction,""
botgarden person ns2:persons_common declinedToAnswerBirthPlace,botgarden,person,ns2:persons_common,ns2:persons_common,persons_common.declinedToAnswerBirthPlace,Maker-Supplied Identity Information,"",Birth place supplied declined to answer,birthPlaceGroupList > birthPlaceGroup,declinedToAnswerBirthPlace,boolean,n,n,y,"","",""
botgarden person ns2:persons_common suppliedBirthPlace,botgarden,person,ns2:persons_common,ns2:persons_common,persons_common.suppliedBirthPlace,Maker-Supplied Identity Information,"",Birth place supplied,birthPlaceGroupList > birthPlaceGroup,suppliedBirthPlace,string,n,n,y,authority,place/local,""
botgarden person ns2:persons_common useRestrictionBirthPlace,botgarden,person,ns2:persons_common,ns2:persons_common,persons_common.useRestrictionBirthPlace,Maker-Supplied Identity Information,"",Birth place supplied use restriction,birthPlaceGroupList > birthPlaceGroup,useRestrictionBirthPlace,string,n,n,y,vocabulary,userestriction,""
botgarden person ns2:persons_common declinedToAnswerBirthDate,botgarden,person,ns2:persons_common,ns2:persons_common,persons_common.declinedToAnswerBirthDate,Maker-Supplied Identity Information,"",Birth date supplied declined to answer,suppliedBirthDateGroupList > suppliedBirthDateGroup,declinedToAnswerBirthDate,boolean,n,n,y,"","",""
botgarden person ns2:persons_common suppliedStructuredBirthDateGroup,botgarden,person,ns2:persons_common,ns2:persons_common,persons_common.suppliedStructuredBirthDateGroup,Maker-Supplied Identity Information,"",Birth date supplied,suppliedBirthDateGroupList > suppliedBirthDateGroup,suppliedStructuredBirthDateGroup,structured date group,n,n,y,"","",""
botgarden person ns2:persons_common useRestrictionBirthDate,botgarden,person,ns2:persons_common,ns2:persons_common,persons_common.useRestrictionBirthDate,Maker-Supplied Identity Information,"",Birth date supplied use restriction,suppliedBirthDateGroupList > suppliedBirthDateGroup,useRestrictionBirthDate,string,n,n,y,vocabulary,userestriction,""
botgarden person ns2:persons_common informationAuthor,botgarden,person,ns2:persons_common,ns2:persons_common,persons_common.informationAuthor,Maker-Supplied Identity Information,"",Other information author,otherGroupList > otherGroup,informationAuthor,string,n,n,y,authority,person/local,""
botgarden person ns2:persons_common informationDate,botgarden,person,ns2:persons_common,ns2:persons_common,persons_common.informationDate,Maker-Supplied Identity Information,"",Other information date,otherGroupList > otherGroup,informationDate,date,n,n,y,"","",""
botgarden person ns2:persons_common informationUseRestriction,botgarden,person,ns2:persons_common,ns2:persons_common,persons_common.informationUseRestriction,Maker-Supplied Identity Information,"",Other information use restriction,otherGroupList > otherGroup,informationUseRestriction,string,n,n,y,vocabulary,userestriction,""
botgarden person ns2:persons_common otherInformation,botgarden,person,ns2:persons_common,ns2:persons_common,persons_common.otherInformation,Maker-Supplied Identity Information,"",Other information note,otherGroupList > otherGroup,otherInformation,string,n,n,y,"","",""
botgarden place ns2:places_common termDisplayName,botgarden,place,ns2:places_common,ns2:places_common,places_common.termDisplayName,Place Information,"",Term display name,placeTermGroupList > placeTermGroup,termDisplayName,string,y,n,y,"","",""
botgarden place ns2:places_common termName,botgarden,place,ns2:places_common,ns2:places_common,places_common.termName,Place Information,"",Term name,placeTermGroupList > placeTermGroup,termName,string,n,n,y,"","",""
botgarden place ns2:places_common termQualifier,botgarden,place,ns2:places_common,ns2:places_common,places_common.termQualifier,Place Information,"",Term qualifier,placeTermGroupList > placeTermGroup,termQualifier,string,n,n,y,"","",""
botgarden place ns2:places_common termStatus,botgarden,place,ns2:places_common,ns2:places_common,places_common.termStatus,Place Information,"",Term status,placeTermGroupList > placeTermGroup,termStatus,string,n,n,y,option list,placeTermStatuses,"accepted, provisional, rejected, under review"
botgarden place ns2:places_common termType,botgarden,place,ns2:places_common,ns2:places_common,places_common.termType,Place Information,"",Term type,placeTermGroupList > placeTermGroup,termType,string,n,n,y,option list,placeTermTypes,"common, descriptive, local, native, non-native, spelling-variant, technical-scientific"
botgarden place ns2:places_common termFlag,botgarden,place,ns2:places_common,ns2:places_common,places_common.termFlag,Place Information,"",Term flag,placeTermGroupList > placeTermGroup,termFlag,string,n,n,y,vocabulary,placetermflag,""
botgarden place ns2:places_common historicalStatus,botgarden,place,ns2:places_common,ns2:places_common,places_common.historicalStatus,Place Information,"",Term historical status,placeTermGroupList > placeTermGroup,historicalStatus,string,n,n,y,option list,placeHistoricalStatuses,"both, current, historical"
botgarden place ns2:places_common termLanguage,botgarden,place,ns2:places_common,ns2:places_common,places_common.termLanguage,Place Information,"",Term language,placeTermGroupList > placeTermGroup,termLanguage,string,n,n,y,vocabulary,languages,""
botgarden place ns2:places_common termPrefForLang,botgarden,place,ns2:places_common,ns2:places_common,places_common.termPrefForLang,Place Information,"",Term preferred for lang,placeTermGroupList > placeTermGroup,termPrefForLang,boolean,n,n,y,"","",""
botgarden place ns2:places_common nameAbbrev,botgarden,place,ns2:places_common,ns2:places_common,places_common.nameAbbrev,Place Information,"",Term abbreviation,placeTermGroupList > placeTermGroup,nameAbbrev,string,n,n,y,"","",""
botgarden place ns2:places_common nameNote,botgarden,place,ns2:places_common,ns2:places_common,places_common.nameNote,Place Information,"",Term note,placeTermGroupList > placeTermGroup,nameNote,string,n,n,y,"","",""
botgarden place ns2:places_common nameDateGroup,botgarden,place,ns2:places_common,ns2:places_common,places_common.nameDateGroup,Place Information,"",Term date,placeTermGroupList > placeTermGroup,nameDateGroup,structured date group,n,n,y,"","",""
botgarden place ns2:places_common termSource,botgarden,place,ns2:places_common,ns2:places_common,places_common.termSource,Place Information,Source,Term source name,placeTermGroupList > placeTermGroup,termSource,string,n,n,y,authority,citation/local; citation/worldcat,""
botgarden place ns2:places_common termSourceDetail,botgarden,place,ns2:places_common,ns2:places_common,places_common.termSourceDetail,Place Information,Source,Term source detail,placeTermGroupList > placeTermGroup,termSourceDetail,string,n,n,y,"","",""
botgarden place ns2:places_common termSourceID,botgarden,place,ns2:places_common,ns2:places_common,places_common.termSourceID,Place Information,Source,Term source ID,placeTermGroupList > placeTermGroup,termSourceID,string,n,n,y,"","",""
botgarden place ns2:places_common termSourceNote,botgarden,place,ns2:places_common,ns2:places_common,places_common.termSourceNote,Place Information,Source,Term source note,placeTermGroupList > placeTermGroup,termSourceNote,string,n,n,y,"","",""
botgarden place ns2:places_common placeType,botgarden,place,ns2:places_common,ns2:places_common,places_common.placeType,Place Information,"",Place type,"",placeType,string,n,n,n/a,option list,placeTypes,"autonomous-region, borough, city, collection-site, continent, country, country-code, county, dependent-state, deserted-settlement, district-national, general-region, governorate, inhabited-place, island, island-group, localilty, metropolitan-area, municipality, nation, national-division, neighborhood, occupied-territory, prefecture, province, region, state, state-province, territory, township, union-territory, unitary-authority, urban-prefecture, water-body"
botgarden place ns2:places_common placeSource,botgarden,place,ns2:places_common,ns2:places_common,places_common.placeSource,Place Information,"",Place source,"",placeSource,string,n,n,n/a,"","",""
botgarden place ns2:places_common owner,botgarden,place,ns2:places_common,ns2:places_common,places_common.owner,Place Information,"",Owner,placeOwnerGroupList > placeOwnerGroup,owner,string,n,n,y,authority,person/local; organization/local,""
botgarden place ns2:places_common ownershipDateGroup,botgarden,place,ns2:places_common,ns2:places_common,places_common.ownershipDateGroup,Place Information,"",Ownership date,placeOwnerGroupList > placeOwnerGroup,ownershipDateGroup,structured date group,n,n,y,"","",""
botgarden place ns2:places_common ownershipNote,botgarden,place,ns2:places_common,ns2:places_common,places_common.ownershipNote,Place Information,"",Ownership note,placeOwnerGroupList > placeOwnerGroup,ownershipNote,string,n,n,y,"","",""
botgarden place ns2:places_common placeNote,botgarden,place,ns2:places_common,ns2:places_common,places_common.placeNote,Place Information,"",Place note,"",placeNote,string,n,n,n/a,"","",""
botgarden place ext.address addressPlace1,botgarden,place,ns2:places_common,ext.address,ext.address.addressPlace1,Place Information,"",Address line 1,addrGroupList > addrGroup,addressPlace1,string,n,n,y,"","",""
botgarden place ext.address addressPlace2,botgarden,place,ns2:places_common,ext.address,ext.address.addressPlace2,Place Information,"",Address line 2,addrGroupList > addrGroup,addressPlace2,string,n,n,y,"","",""
botgarden place ext.address addressMunicipality,botgarden,place,ns2:places_common,ext.address,ext.address.addressMunicipality,Place Information,"",Address municipality,addrGroupList > addrGroup,addressMunicipality,string,n,n,y,authority,place/local; place/tgn,""
botgarden place ext.address addressStateOrProvince,botgarden,place,ns2:places_common,ext.address,ext.address.addressStateOrProvince,Place Information,"",Address state/province,addrGroupList > addrGroup,addressStateOrProvince,string,n,n,y,authority,place/local; place/tgn,""
botgarden place ext.address addressPostCode,botgarden,place,ns2:places_common,ext.address,ext.address.addressPostCode,Place Information,"",Address postal code,addrGroupList > addrGroup,addressPostCode,string,n,n,y,"","",""
botgarden place ext.address addressCountry,botgarden,place,ns2:places_common,ext.address,ext.address.addressCountry,Place Information,"",Address country,addrGroupList > addrGroup,addressCountry,string,n,n,y,authority,place/local; place/tgn,""
botgarden place ext.address addressType,botgarden,place,ns2:places_common,ext.address,ext.address.addressType,Place Information,"",Address type,addrGroupList > addrGroup,addressType,string,n,n,y,vocabulary,addresstype,""
botgarden place ns2:places_common vCoordinates,botgarden,place,ns2:places_common,ns2:places_common,places_common.vCoordinates,Locality Information,"",Verbatim coords,"",vCoordinates,string,n,n,n/a,"","",""
botgarden place ns2:places_common vLatitude,botgarden,place,ns2:places_common,ns2:places_common,places_common.vLatitude,Locality Information,"",Verbatim latitude,"",vLatitude,string,n,n,n/a,"","",""
botgarden place ns2:places_common vLongitude,botgarden,place,ns2:places_common,ns2:places_common,places_common.vLongitude,Locality Information,"",Verbatim longitude,"",vLongitude,string,n,n,n/a,"","",""
botgarden place ns2:places_common vCoordSys,botgarden,place,ns2:places_common,ns2:places_common,places_common.vCoordSys,Locality Information,"",Coordinate system,"",vCoordSys,string,n,n,n/a,option list,coordinateSystems,"altitude-depth, latitude-longitude, national-grid-reference, utm"
botgarden place ns2:places_common vSpatialReferenceSystem,botgarden,place,ns2:places_common,ns2:places_common,places_common.vSpatialReferenceSystem,Locality Information,"",Spatial ref system,"",vSpatialReferenceSystem,string,n,n,n/a,option list,spatialRefSystems,"epsg4267-nad27, epsg4269-nad83, epsg4326-wgs84, unknown"
botgarden place ns2:places_common vElevation,botgarden,place,ns2:places_common,ns2:places_common,places_common.vElevation,Locality Information,"",Elevation,"",vElevation,string,n,n,n/a,"","",""
botgarden place ns2:places_common vDepth,botgarden,place,ns2:places_common,ns2:places_common,places_common.vDepth,Locality Information,"",Depth,"",vDepth,string,n,n,n/a,"","",""
botgarden place ns2:places_common vDistanceAboveSurface,botgarden,place,ns2:places_common,ns2:places_common,places_common.vDistanceAboveSurface,Locality Information,"",Distance above surface,"",vDistanceAboveSurface,string,n,n,n/a,"","",""
botgarden place ns2:places_common vUnitofMeasure,botgarden,place,ns2:places_common,ns2:places_common,places_common.vUnitofMeasure,Locality Information,"",Unit of measure,"",vUnitofMeasure,string,n,n,n/a,option list,localityUnits,"acres, centimeters, feet, hectares, inches, kilometers, meters, miles, millimeters, square-feet, square-meters, square-yards, stories"
botgarden place ns2:places_common minElevationInMeters,botgarden,place,ns2:places_common,ns2:places_common,places_common.minElevationInMeters,Locality Information,"",Min elevation (m),"",minElevationInMeters,float,n,n,n/a,"","",""
botgarden place ns2:places_common maxElevationInMeters,botgarden,place,ns2:places_common,ns2:places_common,places_common.maxElevationInMeters,Locality Information,"",Max elevation (m),"",maxElevationInMeters,float,n,n,n/a,"","",""
botgarden place ns2:places_common minDepthInMeters,botgarden,place,ns2:places_common,ns2:places_common,places_common.minDepthInMeters,Locality Information,"",Min depth (m),"",minDepthInMeters,float,n,n,n/a,"","",""
botgarden place ns2:places_common maxDepthInMeters,botgarden,place,ns2:places_common,ns2:places_common,places_common.maxDepthInMeters,Locality Information,"",Max depth (m),"",maxDepthInMeters,float,n,n,n/a,"","",""
botgarden place ns2:places_common minDistanceAboveSurfaceInMeters,botgarden,place,ns2:places_common,ns2:places_common,places_common.minDistanceAboveSurfaceInMeters,Locality Information,"",Min distance above surface (m),"",minDistanceAboveSurfaceInMeters,float,n,n,n/a,"","",""
botgarden place ns2:places_common maxDistanceAboveSurfaceInMeters,botgarden,place,ns2:places_common,ns2:places_common,places_common.maxDistanceAboveSurfaceInMeters,Locality Information,"",Max distance above surface (m),"",maxDistanceAboveSurfaceInMeters,float,n,n,n/a,"","",""
botgarden place ns2:places_common vCoordSource,botgarden,place,ns2:places_common,ns2:places_common,places_common.vCoordSource,Locality Information,"",Coordinate source,"",vCoordSource,string,n,n,n/a,"","",""
botgarden place ns2:places_common vCoordSourceRefId,botgarden,place,ns2:places_common,ns2:places_common,places_common.vCoordSourceRefId,Locality Information,"",Coordinate source detail,"",vCoordSourceRefId,string,n,n,n/a,"","",""
botgarden place ns2:places_common decimalLatitude,botgarden,place,ns2:places_common,ns2:places_common,places_common.decimalLatitude,Georeference Information,"",Georeference decimal latitude,placeGeoRefGroupList > placeGeoRefGroup,decimalLatitude,float,n,n,y,"","",""
botgarden place ns2:places_common decimalLongitude,botgarden,place,ns2:places_common,ns2:places_common,places_common.decimalLongitude,Georeference Information,"",Georeference decimal longitude,placeGeoRefGroupList > placeGeoRefGroup,decimalLongitude,float,n,n,y,"","",""
botgarden place ns2:places_common geodeticDatum,botgarden,place,ns2:places_common,ns2:places_common,places_common.geodeticDatum,Georeference Information,"",Georeference datum,placeGeoRefGroupList > placeGeoRefGroup,geodeticDatum,string,n,n,y,option list,geodeticDatums,"ADG66, NAD27, NAD83, NAD83&amp;WGS84, Not Recorded, WGS84"
botgarden place ns2:places_common coordUncertaintyInMeters,botgarden,place,ns2:places_common,ns2:places_common,places_common.coordUncertaintyInMeters,Georeference Information,"",Georeference uncertainty (m),placeGeoRefGroupList > placeGeoRefGroup,coordUncertaintyInMeters,integer,n,n,y,"","",""
botgarden place ns2:places_common coordPrecision,botgarden,place,ns2:places_common,ns2:places_common,places_common.coordPrecision,Georeference Information,"",Georeference precision,placeGeoRefGroupList > placeGeoRefGroup,coordPrecision,string,n,n,y,"","",""
botgarden place ns2:places_common pointRadiusSpatialFit,botgarden,place,ns2:places_common,ns2:places_common,places_common.pointRadiusSpatialFit,Georeference Information,"",Georeference point radius spatial fit,placeGeoRefGroupList > placeGeoRefGroup,pointRadiusSpatialFit,string,n,n,y,"","",""
botgarden place ns2:places_common footprintWKT,botgarden,place,ns2:places_common,ns2:places_common,places_common.footprintWKT,Georeference Information,"",Georeference footprint WKT,placeGeoRefGroupList > placeGeoRefGroup,footprintWKT,string,n,n,y,"","",""
botgarden place ns2:places_common footprintSRS,botgarden,place,ns2:places_common,ns2:places_common,places_common.footprintSRS,Georeference Information,"",Georeference footprint SRS,placeGeoRefGroupList > placeGeoRefGroup,footprintSRS,string,n,n,y,"","",""
botgarden place ns2:places_common footprintSpatialFit,botgarden,place,ns2:places_common,ns2:places_common,places_common.footprintSpatialFit,Georeference Information,"",Georeference footprint spatial fit,placeGeoRefGroupList > placeGeoRefGroup,footprintSpatialFit,string,n,n,y,"","",""
botgarden place ns2:places_common geoReferencedBy,botgarden,place,ns2:places_common,ns2:places_common,places_common.geoReferencedBy,Georeference Information,"",Georeferenced by,placeGeoRefGroupList > placeGeoRefGroup,geoReferencedBy,string,n,n,y,authority,person/local; organization/local,""
botgarden place ns2:places_common geoRefDateGroup,botgarden,place,ns2:places_common,ns2:places_common,places_common.geoRefDateGroup,Georeference Information,"",Georeference date,placeGeoRefGroupList > placeGeoRefGroup,geoRefDateGroup,structured date group,n,n,y,"","",""
botgarden place ns2:places_common geoRefProtocol,botgarden,place,ns2:places_common,ns2:places_common,places_common.geoRefProtocol,Georeference Information,"",Georeference protocol,placeGeoRefGroupList > placeGeoRefGroup,geoRefProtocol,string,n,n,y,option list,geoRefProtocols,"biogeomancer, chapman-wieczorek-2006-guide-best-practices-georeferencing, georeferencing-dummies, manis-herpnet-ornis-georeferencing-guidelines"
botgarden place ns2:places_common geoRefSource,botgarden,place,ns2:places_common,ns2:places_common,places_common.geoRefSource,Georeference Information,"",Georeference source,placeGeoRefGroupList > placeGeoRefGroup,geoRefSource,string,n,n,y,"","",""
botgarden place ns2:places_common geoRefVerificationStatus,botgarden,place,ns2:places_common,ns2:places_common,places_common.geoRefVerificationStatus,Georeference Information,"",Georeference verification,placeGeoRefGroupList > placeGeoRefGroup,geoRefVerificationStatus,string,n,n,y,option list,geoRefVerificationStatuses,"unverified, verified-contributor, verified-data-custodian"
botgarden place ns2:places_common geoRefRemarks,botgarden,place,ns2:places_common,ns2:places_common,places_common.geoRefRemarks,Georeference Information,"",Georeference remarks,placeGeoRefGroupList > placeGeoRefGroup,geoRefRemarks,string,n,n,y,"","",""
botgarden place ns2:places_common geoRefPlaceName,botgarden,place,ns2:places_common,ns2:places_common,places_common.geoRefPlaceName,Georeference Information,"",Georeference place name,placeGeoRefGroupList > placeGeoRefGroup,geoRefPlaceName,string,n,n,y,"","",""
botgarden valuation ns2:valuationcontrols_common valuationcontrolRefNumber,botgarden,valuation,ns2:valuationcontrols_common,ns2:valuationcontrols_common,valuationcontrols_common.valuationcontrolRefNumber,Object Valuation Information,"",Reference number,"",valuationcontrolRefNumber,string,y,n,n/a,"","",""
botgarden valuation ns2:valuationcontrols_common valueCurrency,botgarden,valuation,ns2:valuationcontrols_common,ns2:valuationcontrols_common,valuationcontrols_common.valueCurrency,Object Valuation Information,"",Amount currency,valueAmountsList > valueAmounts,valueCurrency,string,n,n,y,vocabulary,currency,""
botgarden valuation ns2:valuationcontrols_common valueAmount,botgarden,valuation,ns2:valuationcontrols_common,ns2:valuationcontrols_common,valuationcontrols_common.valueAmount,Object Valuation Information,"",Amount value,valueAmountsList > valueAmounts,valueAmount,float,n,n,y,"","",""
botgarden valuation ns2:valuationcontrols_common valueDate,botgarden,valuation,ns2:valuationcontrols_common,ns2:valuationcontrols_common,valuationcontrols_common.valueDate,Object Valuation Information,"",Date,"",valueDate,date,n,n,n/a,"","",""
botgarden valuation ns2:valuationcontrols_common valueRenewalDate,botgarden,valuation,ns2:valuationcontrols_common,ns2:valuationcontrols_common,valuationcontrols_common.valueRenewalDate,Object Valuation Information,"",Renewal date,"",valueRenewalDate,date,n,n,n/a,"","",""
botgarden valuation ns2:valuationcontrols_common valueSource,botgarden,valuation,ns2:valuationcontrols_common,ns2:valuationcontrols_common,valuationcontrols_common.valueSource,Object Valuation Information,"",Source,"",valueSource,string,n,n,n/a,authority,person/local; organization/local,""
botgarden valuation ns2:valuationcontrols_common valueType,botgarden,valuation,ns2:valuationcontrols_common,ns2:valuationcontrols_common,valuationcontrols_common.valueType,Object Valuation Information,"",Type,"",valueType,string,n,n,n/a,option list,valueTypes,"Current Value, Original Value, Replacement Value"
botgarden valuation ns2:valuationcontrols_common valueNote,botgarden,valuation,ns2:valuationcontrols_common,ns2:valuationcontrols_common,valuationcontrols_common.valueNote,Object Valuation Information,"",Note,"",valueNote,string,n,n,n/a,"","",""
botgarden work ns2:works_common termDisplayName,botgarden,work,ns2:works_common,ns2:works_common,works_common.termDisplayName,Work Information,"",Term display name,workTermGroupList > workTermGroup,termDisplayName,string,y,n,y,"","",""
botgarden work ns2:works_common termName,botgarden,work,ns2:works_common,ns2:works_common,works_common.termName,Work Information,"",Term name,workTermGroupList > workTermGroup,termName,string,n,n,y,"","",""
botgarden work ns2:works_common termQualifier,botgarden,work,ns2:works_common,ns2:works_common,works_common.termQualifier,Work Information,"",Term qualifier,workTermGroupList > workTermGroup,termQualifier,string,n,n,y,"","",""
botgarden work ns2:works_common termStatus,botgarden,work,ns2:works_common,ns2:works_common,works_common.termStatus,Work Information,"",Term status,workTermGroupList > workTermGroup,termStatus,string,n,n,y,option list,workTermStatuses,"complete, inprogress, quickaddedneedsattention"
botgarden work ns2:works_common termType,botgarden,work,ns2:works_common,ns2:works_common,works_common.termType,Work Information,"",Term type,workTermGroupList > workTermGroup,termType,string,n,n,y,"","",""
botgarden work ns2:works_common termFlag,botgarden,work,ns2:works_common,ns2:works_common,works_common.termFlag,Work Information,"",Term flag,workTermGroupList > workTermGroup,termFlag,string,n,n,y,vocabulary,worktermflag,""
botgarden work ns2:works_common termLanguage,botgarden,work,ns2:works_common,ns2:works_common,works_common.termLanguage,Work Information,"",Term language,workTermGroupList > workTermGroup,termLanguage,string,n,n,y,vocabulary,languages,""
botgarden work ns2:works_common termPrefForLang,botgarden,work,ns2:works_common,ns2:works_common,works_common.termPrefForLang,Work Information,"",Term preferred for lang,workTermGroupList > workTermGroup,termPrefForLang,boolean,n,n,y,"","",""
botgarden work ns2:works_common termSource,botgarden,work,ns2:works_common,ns2:works_common,works_common.termSource,Work Information,Source,Term source name,workTermGroupList > workTermGroup,termSource,string,n,n,y,authority,citation/local; citation/worldcat,""
botgarden work ns2:works_common termSourceDetail,botgarden,work,ns2:works_common,ns2:works_common,works_common.termSourceDetail,Work Information,Source,Term source detail,workTermGroupList > workTermGroup,termSourceDetail,string,n,n,y,"","",""
botgarden work ns2:works_common termSourceID,botgarden,work,ns2:works_common,ns2:works_common,works_common.termSourceID,Work Information,Source,Term source ID,workTermGroupList > workTermGroup,termSourceID,string,n,n,y,"","",""
botgarden work ns2:works_common termSourceNote,botgarden,work,ns2:works_common,ns2:works_common,works_common.termSourceNote,Work Information,Source,Term source note,workTermGroupList > workTermGroup,termSourceNote,string,n,n,y,"","",""
botgarden work ns2:works_common workType,botgarden,work,ns2:works_common,ns2:works_common,works_common.workType,Work Information,"",Work type,"",workType,string,n,n,n/a,vocabulary,worktype,""
botgarden work ns2:works_common workDateGroup,botgarden,work,ns2:works_common,ns2:works_common,works_common.workDateGroup,Work Information,"",Work date,workDateGroupList,workDateGroup,structured date group,n,y,n,"","",""
botgarden work ns2:works_common workHistoryNote,botgarden,work,ns2:works_common,ns2:works_common,works_common.workHistoryNote,Work Information,"",History note,"",workHistoryNote,string,n,n,n/a,"","",""
botgarden work ns2:works_common creator,botgarden,work,ns2:works_common,ns2:works_common,works_common.creator,Work Information,"",Creator name,creatorGroupList > creatorGroup,creator,string,n,n,y,authority,person/local; organization/local,""
botgarden work ns2:works_common creatorType,botgarden,work,ns2:works_common,ns2:works_common,works_common.creatorType,Work Information,"",Creator type,creatorGroupList > creatorGroup,creatorType,string,n,n,y,vocabulary,workcreatortype,""
botgarden work ns2:works_common publisher,botgarden,work,ns2:works_common,ns2:works_common,works_common.publisher,Work Information,"",Publisher name,publisherGroupList > publisherGroup,publisher,string,n,n,y,authority,person/local; organization/local,""
botgarden work ns2:works_common publisherType,botgarden,work,ns2:works_common,ns2:works_common,works_common.publisherType,Work Information,"",Publisher type,publisherGroupList > publisherGroup,publisherType,string,n,n,y,vocabulary,workpublishertype,""
botgarden work ext.address addressPlace1,botgarden,work,ns2:works_common,ext.address,ext.address.addressPlace1,Work Information,"",Address line 1,addrGroupList > addrGroup,addressPlace1,string,n,n,y,"","",""
botgarden work ext.address addressPlace2,botgarden,work,ns2:works_common,ext.address,ext.address.addressPlace2,Work Information,"",Address line 2,addrGroupList > addrGroup,addressPlace2,string,n,n,y,"","",""
botgarden work ext.address addressMunicipality,botgarden,work,ns2:works_common,ext.address,ext.address.addressMunicipality,Work Information,"",Address municipality,addrGroupList > addrGroup,addressMunicipality,string,n,n,y,authority,place/local; place/tgn,""
botgarden work ext.address addressStateOrProvince,botgarden,work,ns2:works_common,ext.address,ext.address.addressStateOrProvince,Work Information,"",Address state/province,addrGroupList > addrGroup,addressStateOrProvince,string,n,n,y,authority,place/local; place/tgn,""
botgarden work ext.address addressPostCode,botgarden,work,ns2:works_common,ext.address,ext.address.addressPostCode,Work Information,"",Address postal code,addrGroupList > addrGroup,addressPostCode,string,n,n,y,"","",""
botgarden work ext.address addressCountry,botgarden,work,ns2:works_common,ext.address,ext.address.addressCountry,Work Information,"",Address country,addrGroupList > addrGroup,addressCountry,string,n,n,y,authority,place/local; place/tgn,""
botgarden work ext.address addressType,botgarden,work,ns2:works_common,ext.address,ext.address.addressType,Work Information,"",Address type,addrGroupList > addrGroup,addressType,string,n,n,y,vocabulary,addresstype,""
botgarden taxon ns2:taxon_common termDisplayName,botgarden,taxon,ns2:taxon_common,ns2:taxon_common,taxon_common.termDisplayName,Taxonomic Name Information,"",Term display name,taxonTermGroupList > taxonTermGroup,termDisplayName,string,y,n,y,"","",""
botgarden taxon ns2:taxon_common termFormattedDisplayName,botgarden,taxon,ns2:taxon_common,ns2:taxon_common,taxon_common.termFormattedDisplayName,Taxonomic Name Information,"",Formatted display name,taxonTermGroupList > taxonTermGroup,termFormattedDisplayName,string,n,n,y,"","",""
botgarden taxon ns2:taxon_common termQualifier,botgarden,taxon,ns2:taxon_common,ns2:taxon_common,taxon_common.termQualifier,Taxonomic Name Information,"",Term qualifier,taxonTermGroupList > taxonTermGroup,termQualifier,string,n,n,y,"","",""
botgarden taxon ns2:taxon_common termStatus,botgarden,taxon,ns2:taxon_common,ns2:taxon_common,taxon_common.termStatus,Taxonomic Name Information,"",Term status,taxonTermGroupList > taxonTermGroup,termStatus,string,n,n,y,option list,taxonTermStatuses,"accepted, provisional, rejected, under review"
botgarden taxon ns2:taxon_common termType,botgarden,taxon,ns2:taxon_common,ns2:taxon_common,taxon_common.termType,Taxonomic Name Information,"",Term type,taxonTermGroupList > taxonTermGroup,termType,string,n,n,y,option list,taxonTermTypes,"alternate descriptor, descriptor, used for term"
botgarden taxon ns2:taxon_common termFlag,botgarden,taxon,ns2:taxon_common,ns2:taxon_common,taxon_common.termFlag,Taxonomic Name Information,"",Term flag,taxonTermGroupList > taxonTermGroup,termFlag,string,n,n,y,vocabulary,taxontermflag,""
botgarden taxon ns2:taxon_common taxonomicStatus,botgarden,taxon,ns2:taxon_common,ns2:taxon_common,taxon_common.taxonomicStatus,Taxonomic Name Information,"",Taxonomic status,taxonTermGroupList > taxonTermGroup,taxonomicStatus,string,n,n,y,option list,taxonomicStatuses,"accepted, invalid, misapplied name, valid"
botgarden taxon ns2:taxon_common termLanguage,botgarden,taxon,ns2:taxon_common,ns2:taxon_common,taxon_common.termLanguage,Taxonomic Name Information,"",Term language,taxonTermGroupList > taxonTermGroup,termLanguage,string,n,n,y,vocabulary,languages,""
botgarden taxon ns2:taxon_common termPrefForLang,botgarden,taxon,ns2:taxon_common,ns2:taxon_common,taxon_common.termPrefForLang,Taxonomic Name Information,"",Term preferred for lang,taxonTermGroupList > taxonTermGroup,termPrefForLang,boolean,n,n,y,"","",""
botgarden taxon ns2:taxon_common termSource,botgarden,taxon,ns2:taxon_common,ns2:taxon_common,taxon_common.termSource,Taxonomic Name Information,Source,Term source name,taxonTermGroupList > taxonTermGroup,termSource,string,n,n,y,authority,citation/local; citation/worldcat,""
botgarden taxon ns2:taxon_common termSourceDetail,botgarden,taxon,ns2:taxon_common,ns2:taxon_common,taxon_common.termSourceDetail,Taxonomic Name Information,Source,Term source detail,taxonTermGroupList > taxonTermGroup,termSourceDetail,string,n,n,y,"","",""
botgarden taxon ns2:taxon_common termSourceID,botgarden,taxon,ns2:taxon_common,ns2:taxon_common,taxon_common.termSourceID,Taxonomic Name Information,Source,Term source ID,taxonTermGroupList > taxonTermGroup,termSourceID,string,n,n,y,"","",""
botgarden taxon ns2:taxon_common termSourceNote,botgarden,taxon,ns2:taxon_common,ns2:taxon_common,taxon_common.termSourceNote,Taxonomic Name Information,Source,Term source note,taxonTermGroupList > taxonTermGroup,termSourceNote,string,n,n,y,"","",""
botgarden taxon ns2:taxon_common taxonRank,botgarden,taxon,ns2:taxon_common,ns2:taxon_common,taxon_common.taxonRank,Taxonomic Name Information,"",Rank,"",taxonRank,string,n,n,n/a,option list,taxonRanks,"class, division, domain, family, genus, kingdom, order, phylum, species"
botgarden taxon ns2:taxon_common taxonCurrency,botgarden,taxon,ns2:taxon_common,ns2:taxon_common,taxon_common.taxonCurrency,Taxonomic Name Information,"",Currency,"",taxonCurrency,string,n,n,n/a,option list,taxonCurrencies,"archaic, current, obsolete"
botgarden taxon ns2:taxon_common taxonAuthor,botgarden,taxon,ns2:taxon_common,ns2:taxon_common,taxon_common.taxonAuthor,Taxonomic Name Information,"",Author name,taxonAuthorGroupList > taxonAuthorGroup,taxonAuthor,string,n,n,y,authority,person/local; organization/local,""
botgarden taxon ns2:taxon_common taxonAuthorType,botgarden,taxon,ns2:taxon_common,ns2:taxon_common,taxon_common.taxonAuthorType,Taxonomic Name Information,"",Author type,taxonAuthorGroupList > taxonAuthorGroup,taxonAuthorType,string,n,n,y,option list,taxonAuthorTypes,"ascribed, parenthetical"
botgarden taxon ns2:taxon_common taxonYear,botgarden,taxon,ns2:taxon_common,ns2:taxon_common,taxon_common.taxonYear,Taxonomic Name Information,"",Year,"",taxonYear,string,n,n,n/a,"","",""
botgarden taxon ns2:taxon_common taxonIsNamedHybrid,botgarden,taxon,ns2:taxon_common,ns2:taxon_common,taxon_common.taxonIsNamedHybrid,Taxonomic Name Information,"",Is named hybrid,"",taxonIsNamedHybrid,boolean,n,n,n/a,"","",""
botgarden taxon ns2:taxon_common taxonCitation,botgarden,taxon,ns2:taxon_common,ns2:taxon_common,taxon_common.taxonCitation,Taxonomic Name Information,"",Citation,taxonCitationList,taxonCitation,string,n,y,n,authority,citation/local; citation/worldcat,""
botgarden taxon ns2:taxon_common taxonNote,botgarden,taxon,ns2:taxon_common,ns2:taxon_common,taxon_common.taxonNote,Taxonomic Name Information,"",Note,"",taxonNote,string,n,n,n/a,"","",""
botgarden taxon ns2:taxon_common commonName,botgarden,taxon,ns2:taxon_common,ns2:taxon_common,taxon_common.commonName,Taxonomic Name Information,"",Common name,commonNameGroupList > commonNameGroup,commonName,string,n,n,y,"","",""
botgarden taxon ns2:taxon_common commonNameLanguage,botgarden,taxon,ns2:taxon_common,ns2:taxon_common,taxon_common.commonNameLanguage,Taxonomic Name Information,"",Common name language,commonNameGroupList > commonNameGroup,commonNameLanguage,string,n,n,y,vocabulary,languages,""
botgarden taxon ns2:taxon_common commonNameSource,botgarden,taxon,ns2:taxon_common,ns2:taxon_common,taxon_common.commonNameSource,Taxonomic Name Information,"",Common name source,commonNameGroupList > commonNameGroup,commonNameSource,string,n,n,y,authority,citation/local,""
botgarden taxon ns2:taxon_common commonNameSourceDetail,botgarden,taxon,ns2:taxon_common,ns2:taxon_common,taxon_common.commonNameSourceDetail,Taxonomic Name Information,"",Common name source detail,commonNameGroupList > commonNameGroup,commonNameSourceDetail,string,n,n,y,"","",""
botgarden pottag ns2:pottags_common potTagNumber,botgarden,pottag,ns2:pottags_common,ns2:pottags_common,pottags_common.potTagNumber,Pot Tag Information,"",Reference number,"",potTagNumber,string,n,n,n/a,"","",""
botgarden pottag ns2:pottags_common family,botgarden,pottag,ns2:pottags_common,ns2:pottags_common,pottags_common.family,Pot Tag Information,"",Family,"",family,string,n,n,n/a,authority,taxon/local,""
botgarden pottag ns2:pottags_common commonName,botgarden,pottag,ns2:pottags_common,ns2:pottags_common,pottags_common.commonName,Pot Tag Information,"",Common name,"",commonName,string,n,n,n/a,"","",""
botgarden pottag ns2:pottags_common locale,botgarden,pottag,ns2:pottags_common,ns2:pottags_common,pottags_common.locale,Pot Tag Information,"",Country name/locale,"",locale,string,n,n,n/a,"","",""
botgarden pottag ns2:pottags_common taxonName,botgarden,pottag,ns2:pottags_common,ns2:pottags_common,pottags_common.taxonName,Pot Tag Information,"",Taxon name,"",taxonName,string,n,n,n/a,authority,taxon/local,""
botgarden pottag ns2:pottags_common numberOfLabels,botgarden,pottag,ns2:pottags_common,ns2:pottags_common,pottags_common.numberOfLabels,Pot Tag Information,"",Number of labels,"",numberOfLabels,integer,n,n,n/a,"","",""
botgarden pottag ns2:pottags_common printLabels,botgarden,pottag,ns2:pottags_common,ns2:pottags_common,pottags_common.printLabels,Pot Tag Information,"",Print labels,"",printLabels,string,n,n,n/a,option list,printLabelOptions,"no, yes"
botgarden pottag ns2:pottags_common labelData,botgarden,pottag,ns2:pottags_common,ns2:pottags_common,pottags_common.labelData,Pot Tag Information,"",Label data,"",labelData,string,n,n,n/a,"","",""
botgarden propagation ns2:propagations_common propNumber,botgarden,propagation,ns2:propagations_common,ns2:propagations_common,propagations_common.propNumber,Propagation Information,"",Propagation ID,"",propNumber,string,y,n,n/a,"","",""
botgarden propagation ns2:propagations_common propType,botgarden,propagation,ns2:propagations_common,ns2:propagations_common,propagations_common.propType,Propagation Information,"",Propagation type,"",propType,string,n,n,n/a,vocabulary,proptype,""
botgarden propagation ns2:propagations_common numStarted,botgarden,propagation,ns2:propagations_common,ns2:propagations_common,propagations_common.numStarted,Propagation Information,"",Number started,"",numStarted,integer,n,n,n/a,"","",""
botgarden propagation ns2:propagations_common propDate,botgarden,propagation,ns2:propagations_common,ns2:propagations_common,propagations_common.propDate,Propagation Information,"",Propagation date,"",propDate,structured date group,n,n,n/a,"","",""
botgarden propagation ns2:propagations_common propReason,botgarden,propagation,ns2:propagations_common,ns2:propagations_common,propagations_common.propReason,Propagation Information,"",Reason for propagation,"",propReason,string,n,n,n/a,vocabulary,propreason,""
botgarden propagation ns2:propagations_common propComments,botgarden,propagation,ns2:propagations_common,ns2:propagations_common,propagations_common.propComments,Propagation Information,"",Comment,"",propComments,string,n,n,n/a,"","",""
botgarden propagation ns2:propagations_common scarStrat,botgarden,propagation,ns2:propagations_common,ns2:propagations_common,propagations_common.scarStrat,Propagation Information,Seeds,Scarification/stratification type,scarStratGroupList > scarStratGroup,scarStrat,string,n,n,y,vocabulary,scarstrat,""
botgarden propagation ns2:propagations_common duration,botgarden,propagation,ns2:propagations_common,ns2:propagations_common,propagations_common.duration,Propagation Information,Seeds,Scarification/stratification duration,scarStratGroupList > scarStratGroup,duration,integer,n,n,y,"","",""
botgarden propagation ns2:propagations_common durationUnit,botgarden,propagation,ns2:propagations_common,ns2:propagations_common,propagations_common.durationUnit,Propagation Information,Seeds,Scarification/stratification duration unit,scarStratGroupList > scarStratGroup,durationUnit,string,n,n,y,vocabulary,durationunit,""
botgarden propagation ns2:propagations_common extraSeeds,botgarden,propagation,ns2:propagations_common,ns2:propagations_common,propagations_common.extraSeeds,Propagation Information,Seeds,Extra seeds?,"",extraSeeds,boolean,n,n,n/a,"","",""
botgarden propagation ns2:propagations_common spores,botgarden,propagation,ns2:propagations_common,ns2:propagations_common,propagations_common.spores,Propagation Information,Seeds,Spore,"",spores,boolean,n,n,n/a,"","",""
botgarden propagation ns2:propagations_common cuttingType,botgarden,propagation,ns2:propagations_common,ns2:propagations_common,propagations_common.cuttingType,Propagation Information,Cuttings,Cutting type,"",cuttingType,string,n,n,n/a,vocabulary,cuttingtype,""
botgarden propagation ns2:propagations_common hormone,botgarden,propagation,ns2:propagations_common,ns2:propagations_common,propagations_common.hormone,Propagation Information,Cuttings,Hormone,"",hormone,string,n,n,n/a,vocabulary,propHormones,""
botgarden propagation ns2:propagations_common concentration,botgarden,propagation,ns2:propagations_common,ns2:propagations_common,propagations_common.concentration,Propagation Information,Cuttings,Hormone concentration,"",concentration,string,n,n,n/a,"","",""
botgarden propagation ns2:propagations_common wounded,botgarden,propagation,ns2:propagations_common,ns2:propagations_common,propagations_common.wounded,Propagation Information,Cuttings,Wounded?,"",wounded,boolean,n,n,n/a,"","",""
botgarden propagation ns2:propagations_common plantType,botgarden,propagation,ns2:propagations_common,ns2:propagations_common,propagations_common.plantType,Propagation Information,Living Plant Material,Plant type,"",plantType,string,n,n,n/a,vocabulary,propPlantType,""
botgarden propagation ns2:propagations_common activityDate,botgarden,propagation,ns2:propagations_common,ns2:propagations_common,propagations_common.activityDate,Propagation Information,Activities,Activity date,propActivityGroupList > propActivityGroup,activityDate,structured date group,n,n,y,"","",""
botgarden propagation ns2:propagations_common activityType,botgarden,propagation,ns2:propagations_common,ns2:propagations_common,propagations_common.activityType,Propagation Information,Activities,Activity type,propActivityGroupList > propActivityGroup,activityType,string,n,n,y,vocabulary,propActivityType,""
botgarden propagation ns2:propagations_common propCount,botgarden,propagation,ns2:propagations_common,ns2:propagations_common,propagations_common.propCount,Propagation Information,Activities,Propagule count,propActivityGroupList > propActivityGroup,propCount,integer,n,n,y,"","",""
botgarden propagation ns2:propagations_common medium,botgarden,propagation,ns2:propagations_common,ns2:propagations_common,propagations_common.medium,Propagation Information,Activities,Medium,propActivityGroupList > propActivityGroup,medium,string,n,n,y,authority,concept/associated,""
botgarden propagation ns2:propagations_common potSize,botgarden,propagation,ns2:propagations_common,ns2:propagations_common,propagations_common.potSize,Propagation Information,Activities,Pot size,propActivityGroupList > propActivityGroup,potSize,string,n,n,y,vocabulary,potsize,""
botgarden propagation ns2:propagations_common nurseryLocation,botgarden,propagation,ns2:propagations_common,ns2:propagations_common,propagations_common.nurseryLocation,Propagation Information,Activities,Location in nursery,propActivityGroupList > propActivityGroup,nurseryLocation,string,n,n,y,authority,location/local,""
botgarden propagation ns2:propagations_common conditions,botgarden,propagation,ns2:propagations_common,ns2:propagations_common,propagations_common.conditions,Propagation Information,Activities,Condition,propActivityGroupList > propActivityGroup,conditions,string,n,n,y,vocabulary,propConditions,""
botgarden propagation ns2:propagations_common chemicalApplied,botgarden,propagation,ns2:propagations_common,ns2:propagations_common,propagations_common.chemicalApplied,Propagation Information,Activities,Chemical applied,propActivityGroupList > propActivityGroup,chemicalApplied,string,n,n,y,vocabulary,propChemicals,""
botgarden propagation ns2:propagations_common activityConcentration,botgarden,propagation,ns2:propagations_common,ns2:propagations_common,propagations_common.activityConcentration,Propagation Information,Activities,Chemical concentration,propActivityGroupList > propActivityGroup,activityConcentration,string,n,n,y,"","",""
botgarden propagation ns2:propagations_common activityComments,botgarden,propagation,ns2:propagations_common,ns2:propagations_common,propagations_common.activityComments,Propagation Information,Activities,Activity comment,propActivityGroupList > propActivityGroup,activityComments,string,n,n,y,"","",""
botgarden propagation ns2:propagations_common germinationDate,botgarden,propagation,ns2:propagations_common,ns2:propagations_common,propagations_common.germinationDate,Propagation Information,"",Germination/rooting date,"",germinationDate,date,n,n,n/a,"","",""
botgarden propagation ns2:propagations_common successRate,botgarden,propagation,ns2:propagations_common,ns2:propagations_common,propagations_common.successRate,Propagation Information,"",Success rate,"",successRate,string,n,n,n/a,"","",""
