profile,id_caps,id_lower,label
core_11-0,acquisition.acquisitionReferenceNumber,acquisition.acquisitionreferencenumber,Acquisition Information > Reference number
core_11-0,acquisition.alternativeIdentifier,acquisition.alternativeidentifier,Acquisition Information > Alternative identifier
core_11-0,acquisition.alternativeIdentifierNote,acquisition.alternativeidentifiernote,Acquisition Information > Alternative identifier note
core_11-0,acquisition.accessionDateGroup,acquisition.accessiondategroup,Acquisition Information > Accession date
core_11-0,acquisition.acquisitionAuthorizer,acquisition.acquisitionauthorizer,Acquisition Information > Authorization > Authorizer
core_11-0,acquisition.acquisitionAuthorizerDate,acquisition.acquisitionauthorizerdate,Acquisition Information > Authorization > Authorization date
core_11-0,acquisition.acquisitionDateGroup,acquisition.acquisitiondategroup,Acquisition Information > Acquisition date
core_11-0,acquisition.acquisitionSource,acquisition.acquisitionsource,Acquisition Information > Acquisition source
core_11-0,acquisition.owner,acquisition.owner,Acquisition Information > Owner
core_11-0,acquisition.transferOfTitleNumber,acquisition.transferoftitlenumber,Acquisition Information > Transfer of title number
core_11-0,acquisition.acquisitionMethod,acquisition.acquisitionmethod,Acquisition Information > Acquisition method
core_11-0,acquisition.acquisitionDescription,acquisition.acquisitiondescription,Acquisition Information > Acquisition description
core_11-0,acquisition.acquisitionReason,acquisition.acquisitionreason,Acquisition Information > Acquisition reason
core_11-0,acquisition.approvalGroup,acquisition.approvalgroup,Acquisition Information > Approval group > Approval group
core_11-0,acquisition.approvalIndividual,acquisition.approvalindividual,Acquisition Information > Approval group > Approval individual
core_11-0,acquisition.approvalStatus,acquisition.approvalstatus,Acquisition Information > Approval group > Approval status
core_11-0,acquisition.approvalDate,acquisition.approvaldate,Acquisition Information > Approval group > Approval status date
core_11-0,acquisition.approvalNote,acquisition.approvalnote,Acquisition Information > Approval group > Approval note
core_11-0,acquisition.acquisitionNote,acquisition.acquisitionnote,Acquisition Information > Note
core_11-0,acquisition.acquisitionProvisos,acquisition.acquisitionprovisos,Acquisition Information > Provisos
core_11-0,acquisition.acquisitionFundingCurrency,acquisition.acquisitionfundingcurrency,Acquisition Information > Funding currency
core_11-0,acquisition.acquisitionFundingValue,acquisition.acquisitionfundingvalue,Acquisition Information > Funding value
core_11-0,acquisition.acquisitionFundingSource,acquisition.acquisitionfundingsource,Acquisition Information > Funding source
core_11-0,acquisition.acquisitionFundingSourceProvisos,acquisition.acquisitionfundingsourceprovisos,Acquisition Information > Funding source provisos
core_11-0,acquisition.involvedParty,acquisition.involvedparty,Acquisition Information > Parties involved person
core_11-0,acquisition.involvedOnBehalfOf,acquisition.involvedonbehalfof,Acquisition Information > Parties involved on behalf of
core_11-0,acquisition.involvedRole,acquisition.involvedrole,Acquisition Information > Parties involved role
core_11-0,acquisition.creditLine,acquisition.creditline,Acquisition Information > Credit line
core_11-0,acquisition.groupPurchasePriceCurrency,acquisition.grouppurchasepricecurrency,Price Information > Group purchase price > Group purchase price currency
core_11-0,acquisition.groupPurchasePriceValue,acquisition.grouppurchasepricevalue,Price Information > Group purchase price > Group purchase price value
core_11-0,acquisition.objectOfferPriceCurrency,acquisition.objectofferpricecurrency,Price Information > Object offer price > Object offer price currency
core_11-0,acquisition.objectOfferPriceValue,acquisition.objectofferpricevalue,Price Information > Object offer price > Object offer price value
core_11-0,acquisition.objectPurchaseOfferPriceCurrency,acquisition.objectpurchaseofferpricecurrency,Price Information > Object purchaser offer price > Object purchaser offer price currency
core_11-0,acquisition.objectPurchaseOfferPriceValue,acquisition.objectpurchaseofferpricevalue,Price Information > Object purchaser offer price > Object purchaser offer price value
core_11-0,acquisition.objectPurchasePriceCurrency,acquisition.objectpurchasepricecurrency,Price Information > Object purchase price > Object purchase price currency
core_11-0,acquisition.objectPurchasePriceValue,acquisition.objectpurchasepricevalue,Price Information > Object purchase price > Object purchase price value
core_11-0,acquisition.originalObjectPurchasePriceCurrency,acquisition.originalobjectpurchasepricecurrency,Price Information > Original object purchase price > Original object purchase price currency
core_11-0,acquisition.originalObjectPurchasePriceValue,acquisition.originalobjectpurchasepricevalue,Price Information > Original object purchase price > Original object purchase price value
core_11-0,acquisition.fieldCollectionEventName,acquisition.fieldcollectioneventname,Object Collection Information > Field collection event name
core_11-0,citation.termDisplayName,citation.termdisplayname,Citation Information > Term display name
core_11-0,citation.termStatus,citation.termstatus,Citation Information > Term status
core_11-0,citation.termType,citation.termtype,Citation Information > Term type
core_11-0,citation.termFlag,citation.termflag,Citation Information > Term flag
core_11-0,citation.termLanguage,citation.termlanguage,Citation Information > Term language
core_11-0,citation.termPrefForLang,citation.termprefforlang,Citation Information > Term preferred for lang
core_11-0,citation.termFullCitation,citation.termfullcitation,Citation Information > Term full citation
core_11-0,citation.termTitle,citation.termtitle,Citation Information > Term title
core_11-0,citation.termSubTitle,citation.termsubtitle,Citation Information > Term subtitle
core_11-0,citation.termSectionTitle,citation.termsectiontitle,Citation Information > Term section title
core_11-0,citation.termVolume,citation.termvolume,Citation Information > Term volume
core_11-0,citation.termIssue,citation.termissue,Citation Information > Term issue
core_11-0,citation.termSource,citation.termsource,Citation Information > Source > Term source name
core_11-0,citation.termSourceDetail,citation.termsourcedetail,Citation Information > Source > Term source detail
core_11-0,citation.termSourceID,citation.termsourceid,Citation Information > Source > Term source ID
core_11-0,citation.termSourceNote,citation.termsourcenote,Citation Information > Source > Term source note
core_11-0,citation.publisher,citation.publisher,Citation Information > Publisher
core_11-0,citation.publicationPlace,citation.publicationplace,Citation Information > Publication place
core_11-0,citation.publicationDate,citation.publicationdate,Citation Information > Publication date
core_11-0,citation.edition,citation.edition,Citation Information > Publication edition
core_11-0,citation.pages,citation.pages,Citation Information > Publication page(s)
core_11-0,citation.agent,citation.agent,Citation Information > Agent name
core_11-0,citation.role,citation.role,Citation Information > Agent role
core_11-0,citation.note,citation.note,Citation Information > Agent note
core_11-0,citation.citationNote,citation.citationnote,Citation Information > Note
core_11-0,citation.resourceIdent,citation.resourceident,Citation Information > Resource identifier
core_11-0,citation.type,citation.type,Citation Information > Resource identifier type
core_11-0,citation.captureDate,citation.capturedate,Citation Information > Resource identifier capture date
core_11-0,citation.relatedTerm,citation.relatedterm,Citation Information > Related term
core_11-0,citation.relationType,citation.relationtype,Citation Information > Related term type
core_11-0,chronology.termDisplayName,chronology.termdisplayname,Chronology Information > Term display name
core_11-0,chronology.termName,chronology.termname,Chronology Information > Term name
core_11-0,chronology.termQualifier,chronology.termqualifier,Chronology Information > Term qualifier
core_11-0,chronology.termStatus,chronology.termstatus,Chronology Information > Term status
core_11-0,chronology.termType,chronology.termtype,Chronology Information > Term type
core_11-0,chronology.termFlag,chronology.termflag,Chronology Information > Term flag
core_11-0,chronology.historicalStatus,chronology.historicalstatus,Chronology Information > Term historical status
core_11-0,chronology.termLanguage,chronology.termlanguage,Chronology Information > Term language
core_11-0,chronology.termPrefForLang,chronology.termprefforlang,Chronology Information > Term preferred for lang
core_11-0,chronology.termSource,chronology.termsource,Chronology Information > Source > Term source name
core_11-0,chronology.termSourceDetail,chronology.termsourcedetail,Chronology Information > Source > Term source detail
core_11-0,chronology.termSourceID,chronology.termsourceid,Chronology Information > Source > Term source ID
core_11-0,chronology.termSourceNote,chronology.termsourcenote,Chronology Information > Source > Term source note
core_11-0,chronology.primaryDateRangeStructuredDateGroup,chronology.primarydaterangestructureddategroup,Chronology Information > Primary date range
core_11-0,chronology.chronologyType,chronology.chronologytype,Chronology Information > Chronology type
core_11-0,chronology.spatialCoverage,chronology.spatialcoverage,Chronology Information > Spatial coverage
core_11-0,chronology.chronologyDescription,chronology.chronologydescription,Chronology Information > Chronology description
core_11-0,chronology.chronologyNote,chronology.chronologynote,Chronology Information > Chronology note
core_11-0,chronology.identifierValue,chronology.identifiervalue,Chronology Information > Resource identifier value
core_11-0,chronology.identifierCitation,chronology.identifiercitation,Chronology Information > Resource identifier citation
core_11-0,chronology.identifierDate,chronology.identifierdate,Chronology Information > Resource identifier date
core_11-0,chronology.altDateRangeStructuredDateGroup,chronology.altdaterangestructureddategroup,Alternative Date Information > Alternative date range
core_11-0,chronology.altDateSpatialCoverage,chronology.altdatespatialcoverage,Alternative Date Information > Alternative date spatial coverage
core_11-0,chronology.altDateCitation,chronology.altdatecitation,Alternative Date Information > Alternative date citation
core_11-0,chronology.altDateNote,chronology.altdatenote,Alternative Date Information > Alternative date note
core_11-0,chronology.assocPerson,chronology.assocperson,Associated Authorities > Associated person
core_11-0,chronology.assocPersonType,chronology.assocpersontype,Associated Authorities > Associated person relationship/type
core_11-0,chronology.assocPersonStructuredDateGroup,chronology.assocpersonstructureddategroup,Associated Authorities > Associated person date
core_11-0,chronology.assocPersonCitation,chronology.assocpersoncitation,Associated Authorities > Associated person citation
core_11-0,chronology.assocPersonNote,chronology.assocpersonnote,Associated Authorities > Associated person note
core_11-0,chronology.assocPeople,chronology.assocpeople,Associated Authorities > Associated people
core_11-0,chronology.assocPeopleType,chronology.assocpeopletype,Associated Authorities > Associated people relationship/type
core_11-0,chronology.assocPeopleStructuredDateGroup,chronology.assocpeoplestructureddategroup,Associated Authorities > Associated people date
core_11-0,chronology.assocPeopleCitation,chronology.assocpeoplecitation,Associated Authorities > Associated people citation
core_11-0,chronology.assocPeopleNote,chronology.assocpeoplenote,Associated Authorities > Associated people note
core_11-0,chronology.assocOrganization,chronology.assocorganization,Associated Authorities > Associated organization
core_11-0,chronology.assocOrganizationType,chronology.assocorganizationtype,Associated Authorities > Associated organization relationship/type
core_11-0,chronology.assocOrganizationStructuredDateGroup,chronology.assocorganizationstructureddategroup,Associated Authorities > Associated organization date
core_11-0,chronology.assocOrganizationCitation,chronology.assocorganizationcitation,Associated Authorities > Associated organization citation
core_11-0,chronology.assocOrganizationNote,chronology.assocorganizationnote,Associated Authorities > Associated organization note
core_11-0,chronology.assocConcept,chronology.assocconcept,Associated Authorities > Associated concept
core_11-0,chronology.assocConceptType,chronology.assocconcepttype,Associated Authorities > Associated concept relationship/type
core_11-0,chronology.assocConceptStructuredDateGroup,chronology.assocconceptstructureddategroup,Associated Authorities > Associated concept date
core_11-0,chronology.assocConceptCitation,chronology.assocconceptcitation,Associated Authorities > Associated concept citation
core_11-0,chronology.assocConceptNote,chronology.assocconceptnote,Associated Authorities > Associated concept note
core_11-0,chronology.assocPlace,chronology.assocplace,Associated Authorities > Associated place
core_11-0,chronology.assocPlaceType,chronology.assocplacetype,Associated Authorities > Associated place relationship/type
core_11-0,chronology.assocPlaceStructuredDateGroup,chronology.assocplacestructureddategroup,Associated Authorities > Associated place date
core_11-0,chronology.assocPlaceCitation,chronology.assocplacecitation,Associated Authorities > Associated place citation
core_11-0,chronology.assocPlaceNote,chronology.assocplacenote,Associated Authorities > Associated place note
core_11-0,chronology.assocChronology,chronology.assocchronology,Associated Authorities > Associated event/era
core_11-0,chronology.assocChronologyType,chronology.assocchronologytype,Associated Authorities > Associated event/era relationship/type
core_11-0,chronology.assocChronologyStructuredDateGroup,chronology.assocchronologystructureddategroup,Associated Authorities > Associated event/era date
core_11-0,chronology.assocChronologyCitation,chronology.assocchronologycitation,Associated Authorities > Associated event/era citation
core_11-0,chronology.assocChronologyNote,chronology.assocchronologynote,Associated Authorities > Associated event/era note
core_11-0,repatriationrequest.requestNumber,repatriationrequest.requestnumber,Repatriation Request Information > Repatriation request number
core_11-0,repatriationrequest.title,repatriationrequest.title,Repatriation Request Information > Title
core_11-0,repatriationrequest.type,repatriationrequest.type,Repatriation Request Information > Type
core_11-0,repatriationrequest.alternativeIdentifier,repatriationrequest.alternativeidentifier,Repatriation Request Information > Alternative identifier
core_11-0,repatriationrequest.alternativeIdentifierNote,repatriationrequest.alternativeidentifiernote,Repatriation Request Information > Alternative identifier note
core_11-0,repatriationrequest.requestDate,repatriationrequest.requestdate,Repatriation Request Information > Origination date
core_11-0,repatriationrequest.note,repatriationrequest.note,Repatriation Request Information > Note
core_11-0,repatriationrequest.treatmentNote,repatriationrequest.treatmentnote,Repatriation Request Information > Treatment note
core_11-0,repatriationrequest.involvedParty,repatriationrequest.involvedparty,Repatriation Request Information > Parties involved person
core_11-0,repatriationrequest.involvedOnBehalfOf,repatriationrequest.involvedonbehalfof,Repatriation Request Information > Parties involved on behalf of
core_11-0,repatriationrequest.involvedRole,repatriationrequest.involvedrole,Repatriation Request Information > Parties involved role
core_11-0,repatriationrequest.geographicPlace,repatriationrequest.geographicplace,Repatriation Request Context > Place represented name
core_11-0,repatriationrequest.geographicPlaceNote,repatriationrequest.geographicplacenote,Repatriation Request Context > Place represented note
core_11-0,repatriationrequest.culture,repatriationrequest.culture,Repatriation Request Context > Cultural group name
core_11-0,repatriationrequest.cultureNote,repatriationrequest.culturenote,Repatriation Request Context > Cultural group note
core_11-0,repatriationrequest.timePeriod,repatriationrequest.timeperiod,Repatriation Request Context > Time period era
core_11-0,repatriationrequest.timePeriodNote,repatriationrequest.timeperiodnote,Repatriation Request Context > Time period note
core_11-0,repatriationrequest.archaeologicalSite,repatriationrequest.archaeologicalsite,Repatriation Request Context > Archaeological site name
core_11-0,repatriationrequest.archaeologicalSiteNote,repatriationrequest.archaeologicalsitenote,Repatriation Request Context > Archaeological site note
core_11-0,repatriationrequest.statusGroupType,repatriationrequest.statusgrouptype,Repatriation Request Status > Repatriation request status group
core_11-0,repatriationrequest.statusIndividual,repatriationrequest.statusindividual,Repatriation Request Status > Repatriation request status individual
core_11-0,repatriationrequest.status,repatriationrequest.status,Repatriation Request Status > Repatriation request status
core_11-0,repatriationrequest.statusDate,repatriationrequest.statusdate,Repatriation Request Status > Repatriation request status date
core_11-0,repatriationrequest.statusNote,repatriationrequest.statusnote,Repatriation Request Status > Repatriation request status note
core_11-0,repatriationrequest.documentationGroupType,repatriationrequest.documentationgrouptype,Repatriation Request Documentation Status > Repatriation request documentation status group
core_11-0,repatriationrequest.documentationIndividual,repatriationrequest.documentationindividual,Repatriation Request Documentation Status > Repatriation request documentation status individual
core_11-0,repatriationrequest.documentationStatus,repatriationrequest.documentationstatus,Repatriation Request Documentation Status > Repatriation request documentation status
core_11-0,repatriationrequest.documentationDate,repatriationrequest.documentationdate,Repatriation Request Documentation Status > Repatriation request documentation status date
core_11-0,repatriationrequest.documentationNote,repatriationrequest.documentationnote,Repatriation Request Documentation Status > Repatriation request documentation status note
core_11-0,collectionobject.objectNumber,collectionobject.objectnumber,Object Identification Information > Identification number
core_11-0,collectionobject.numberValue,collectionobject.numbervalue,Object Identification Information > Other number value
core_11-0,collectionobject.numberType,collectionobject.numbertype,Object Identification Information > Other number type
core_11-0,collectionobject.responsibleDepartment,collectionobject.responsibledepartment,Object Identification Information > Responsible department
core_11-0,collectionobject.collection,collectionobject.collection,Object Identification Information > Collection
core_11-0,collectionobject.namedCollection,collectionobject.namedcollection,Object Identification Information > Named collection
core_11-0,collectionobject.descriptionLevel,collectionobject.descriptionlevel,Object Identification Information > Description level
core_11-0,collectionobject.recordStatus,collectionobject.recordstatus,Object Identification Information > Record status
core_11-0,collectionobject.publishTo,collectionobject.publishto,Object Identification Information > Publish to
core_11-0,collectionobject.inventoryStatus,collectionobject.inventorystatus,Object Identification Information > Inventory status
core_11-0,collectionobject.briefDescription,collectionobject.briefdescription,Object Identification Information > Brief description
core_11-0,collectionobject.distinguishingFeatures,collectionobject.distinguishingfeatures,Object Identification Information > Distinguishing features
core_11-0,collectionobject.comment,collectionobject.comment,Object Identification Information > Comment
core_11-0,collectionobject.computedCurrentLocation,collectionobject.computedcurrentlocation,Object Identification Information > Computed current location
core_11-0,collectionobject.homeLocation,collectionobject.homelocation,Object Identification Information > Home location
core_11-0,collectionobject.homeLocationNote,collectionobject.homelocationnote,Object Identification Information > Home location note
core_11-0,collectionobject.annotationType,collectionobject.annotationtype,Object Identification Information > Annotation type
core_11-0,collectionobject.annotationDate,collectionobject.annotationdate,Object Identification Information > Annotation date
core_11-0,collectionobject.annotationAuthor,collectionobject.annotationauthor,Object Identification Information > Annotation author
core_11-0,collectionobject.annotationNote,collectionobject.annotationnote,Object Identification Information > Annotation note
core_11-0,collectionobject.title,collectionobject.title,Object Identification Information > Title
core_11-0,collectionobject.titleLanguage,collectionobject.titlelanguage,Object Identification Information > Title language
core_11-0,collectionobject.titleType,collectionobject.titletype,Object Identification Information > Title type
core_11-0,collectionobject.titleTranslation,collectionobject.titletranslation,Object Identification Information > Title translation
core_11-0,collectionobject.titleTranslationLanguage,collectionobject.titletranslationlanguage,Object Identification Information > Title translation language
core_11-0,collectionobject.objectNameControlled,collectionobject.objectnamecontrolled,Object Identification Information > Object name controlled
core_11-0,collectionobject.objectName,collectionobject.objectname,Object Identification Information > Object name
core_11-0,collectionobject.objectNameCurrency,collectionobject.objectnamecurrency,Object Identification Information > Object name currency
core_11-0,collectionobject.objectNameLevel,collectionobject.objectnamelevel,Object Identification Information > Object name level
core_11-0,collectionobject.objectNameSystem,collectionobject.objectnamesystem,Object Identification Information > Object name system
core_11-0,collectionobject.objectNameType,collectionobject.objectnametype,Object Identification Information > Object name type
core_11-0,collectionobject.objectNameLanguage,collectionobject.objectnamelanguage,Object Identification Information > Object name language
core_11-0,collectionobject.objectNameNote,collectionobject.objectnamenote,Object Identification Information > Object name note
core_11-0,collectionobject.objectCount,collectionobject.objectcount,Object Identification Information > Object count value
core_11-0,collectionobject.objectCountUnit,collectionobject.objectcountunit,Object Identification Information > Object count unit
core_11-0,collectionobject.objectCountType,collectionobject.objectcounttype,Object Identification Information > Object count type
core_11-0,collectionobject.objectCountCountedBy,collectionobject.objectcountcountedby,Object Identification Information > Object count counted by
core_11-0,collectionobject.objectCountDate,collectionobject.objectcountdate,Object Identification Information > Object count date
core_11-0,collectionobject.objectCountNote,collectionobject.objectcountnote,Object Identification Information > Object count note
core_11-0,collectionobject.copyNumber,collectionobject.copynumber,Object Description Information > Copy number
core_11-0,collectionobject.objectStatus,collectionobject.objectstatus,Object Description Information > Object status
core_11-0,collectionobject.sex,collectionobject.sex,Object Description Information > Sex
core_11-0,collectionobject.phase,collectionobject.phase,Object Description Information > Phase
core_11-0,collectionobject.form,collectionobject.form,Object Description Information > Form
core_11-0,collectionobject.editionNumber,collectionobject.editionnumber,Object Description Information > Edition number
core_11-0,collectionobject.ageQualifier,collectionobject.agequalifier,Object Description Information > Age > Age qualifier
core_11-0,collectionobject.age,collectionobject.age,Object Description Information > Age > Age value
core_11-0,collectionobject.ageUnit,collectionobject.ageunit,Object Description Information > Age > Age unit
core_11-0,collectionobject.style,collectionobject.style,Object Description Information > Style
core_11-0,collectionobject.color,collectionobject.color,Object Description Information > Color
core_11-0,collectionobject.apparelSize,collectionobject.apparelsize,Object Description Information > Apparel size
core_11-0,collectionobject.materialControlled,collectionobject.materialcontrolled,Object Description Information > Material controlled
core_11-0,collectionobject.material,collectionobject.material,Object Description Information > Material
core_11-0,collectionobject.materialComponent,collectionobject.materialcomponent,Object Description Information > Material component
core_11-0,collectionobject.materialComponentNote,collectionobject.materialcomponentnote,Object Description Information > Material component note
core_11-0,collectionobject.materialName,collectionobject.materialname,Object Description Information > Material name
core_11-0,collectionobject.materialSource,collectionobject.materialsource,Object Description Information > Material source
core_11-0,collectionobject.physicalDescription,collectionobject.physicaldescription,Object Description Information > Physical description
core_11-0,collectionobject.objectComponentName,collectionobject.objectcomponentname,Object Description Information > Object component name
core_11-0,collectionobject.objectComponentInformation,collectionobject.objectcomponentinformation,Object Description Information > Object component information
core_11-0,collectionobject.technicalAttribute,collectionobject.technicalattribute,Object Description Information > Technical attribute
core_11-0,collectionobject.technicalAttributeMeasurement,collectionobject.technicalattributemeasurement,Object Description Information > Technical attribute measurement
core_11-0,collectionobject.technicalAttributeMeasurementUnit,collectionobject.technicalattributemeasurementunit,Object Description Information > Technical attribute measurement unit
core_11-0,collectionobject.measuredPart,collectionobject.measuredpart,Object Description Information > Measured part
core_11-0,collectionobject.dimensionSummary,collectionobject.dimensionsummary,Object Description Information > Dimension summary
core_11-0,collectionobject.dimension,collectionobject.dimension,Object Description Information > Measurement dimension
core_11-0,collectionobject.measuredBy,collectionobject.measuredby,Object Description Information > Measured by
core_11-0,collectionobject.measurementMethod,collectionobject.measurementmethod,Object Description Information > Measurement method
core_11-0,collectionobject.value,collectionobject.value,Object Description Information > Measurement value
core_11-0,collectionobject.measurementUnit,collectionobject.measurementunit,Object Description Information > Measurement unit
core_11-0,collectionobject.valueQualifier,collectionobject.valuequalifier,Object Description Information > Measurement qualifier
core_11-0,collectionobject.valueDate,collectionobject.valuedate,Object Description Information > Measurement date
core_11-0,collectionobject.measuredPartNote,collectionobject.measuredpartnote,Object Description Information > Dimension note
core_11-0,collectionobject.contentDescription,collectionobject.contentdescription,Object Description Information > Content > Content description
core_11-0,collectionobject.contentLanguage,collectionobject.contentlanguage,Object Description Information > Content > Content language
core_11-0,collectionobject.contentActivity,collectionobject.contentactivity,Object Description Information > Content > Content activity
core_11-0,collectionobject.contentConcept,collectionobject.contentconcept,Object Description Information > Content > Content concept
core_11-0,collectionobject.contentDateGroup,collectionobject.contentdategroup,Object Description Information > Content > Content date
core_11-0,collectionobject.contentPosition,collectionobject.contentposition,Object Description Information > Content > Content position
core_11-0,collectionobject.contentObject,collectionobject.contentobject,Object Description Information > Content > Content object name
core_11-0,collectionobject.contentObjectType,collectionobject.contentobjecttype,Object Description Information > Content > Content object type
core_11-0,collectionobject.contentPeople,collectionobject.contentpeople,Object Description Information > Content > Content people
core_11-0,collectionobject.contentPerson,collectionobject.contentperson,Object Description Information > Content > Content person
core_11-0,collectionobject.controlledContentPlace,collectionobject.controlledcontentplace,Object Description Information > Content > Content place (controlled)
core_11-0,collectionobject.contentPlace,collectionobject.contentplace,Object Description Information > Content > Content place
core_11-0,collectionobject.contentScript,collectionobject.contentscript,Object Description Information > Content > Content script
core_11-0,collectionobject.contentOrganization,collectionobject.contentorganization,Object Description Information > Content > Content organization
core_11-0,collectionobject.contentEventName,collectionobject.contenteventname,Object Description Information > Content > Content event name
core_11-0,collectionobject.contentEventNameType,collectionobject.contenteventnametype,Object Description Information > Content > Content event type
core_11-0,collectionobject.contentEvent,collectionobject.contentevent,Object Description Information > Content > Content controlled event or period/era
core_11-0,collectionobject.contentOther,collectionobject.contentother,Object Description Information > Content > Content other name
core_11-0,collectionobject.contentOtherType,collectionobject.contentothertype,Object Description Information > Content > Content other type
core_11-0,collectionobject.contentNote,collectionobject.contentnote,Object Description Information > Content > Content note
core_11-0,collectionobject.inscriptionContent,collectionobject.inscriptioncontent,Object Description Information > Textual Inscription > Textual inscription content
core_11-0,collectionobject.inscriptionContentInscriber,collectionobject.inscriptioncontentinscriber,Object Description Information > Textual Inscription > Textual inscription inscriber
core_11-0,collectionobject.inscriptionContentLanguage,collectionobject.inscriptioncontentlanguage,Object Description Information > Textual Inscription > Textual inscription language
core_11-0,collectionobject.inscriptionContentDateGroup,collectionobject.inscriptioncontentdategroup,Object Description Information > Textual Inscription > Textual inscription date
core_11-0,collectionobject.inscriptionContentPosition,collectionobject.inscriptioncontentposition,Object Description Information > Textual Inscription > Textual inscription position
core_11-0,collectionobject.inscriptionContentScript,collectionobject.inscriptioncontentscript,Object Description Information > Textual Inscription > Textual inscription script
core_11-0,collectionobject.inscriptionContentType,collectionobject.inscriptioncontenttype,Object Description Information > Textual Inscription > Textual inscription type
core_11-0,collectionobject.inscriptionContentMethod,collectionobject.inscriptioncontentmethod,Object Description Information > Textual Inscription > Textual inscription method
core_11-0,collectionobject.inscriptionContentInterpretation,collectionobject.inscriptioncontentinterpretation,Object Description Information > Textual Inscription > Textual inscription interpretation
core_11-0,collectionobject.inscriptionContentTranslation,collectionobject.inscriptioncontenttranslation,Object Description Information > Textual Inscription > Textual inscription translation
core_11-0,collectionobject.inscriptionContentTransliteration,collectionobject.inscriptioncontenttransliteration,Object Description Information > Textual Inscription > Textual inscription transliteration
core_11-0,collectionobject.inscriptionDescription,collectionobject.inscriptiondescription,Object Description Information > Non-Textual Inscription > Non-textual inscription description
core_11-0,collectionobject.inscriptionDescriptionInscriber,collectionobject.inscriptiondescriptioninscriber,Object Description Information > Non-Textual Inscription > Non-textual inscription inscriber
core_11-0,collectionobject.inscriptionDescriptionDateGroup,collectionobject.inscriptiondescriptiondategroup,Object Description Information > Non-Textual Inscription > Non-textual inscription date
core_11-0,collectionobject.inscriptionDescriptionPosition,collectionobject.inscriptiondescriptionposition,Object Description Information > Non-Textual Inscription > Non-textual inscription position
core_11-0,collectionobject.inscriptionDescriptionType,collectionobject.inscriptiondescriptiontype,Object Description Information > Non-Textual Inscription > Non-textual inscription type
core_11-0,collectionobject.inscriptionDescriptionMethod,collectionobject.inscriptiondescriptionmethod,Object Description Information > Non-Textual Inscription > Non-textual inscription method
core_11-0,collectionobject.inscriptionDescriptionInterpretation,collectionobject.inscriptiondescriptioninterpretation,Object Description Information > Non-Textual Inscription > Non-textual inscription interpretation
core_11-0,collectionobject.objectProductionDateGroup,collectionobject.objectproductiondategroup,Object Production Information > Production date
core_11-0,collectionobject.objectProductionEra,collectionobject.objectproductionera,Object Production Information > Production era
core_11-0,collectionobject.technique,collectionobject.technique,Object Production Information > Production technique
core_11-0,collectionobject.techniqueType,collectionobject.techniquetype,Object Production Information > Production technique type
core_11-0,collectionobject.objectProductionPlace,collectionobject.objectproductionplace,Object Production Information > Production place
core_11-0,collectionobject.objectProductionPlaceRole,collectionobject.objectproductionplacerole,Object Production Information > Production place role
core_11-0,collectionobject.objectProductionReason,collectionobject.objectproductionreason,Object Production Information > Production reason
core_11-0,collectionobject.objectProductionPeople,collectionobject.objectproductionpeople,Object Production Information > Production people
core_11-0,collectionobject.objectProductionPeopleRole,collectionobject.objectproductionpeoplerole,Object Production Information > Production people role
core_11-0,collectionobject.objectProductionPerson,collectionobject.objectproductionperson,Object Production Information > Production person
core_11-0,collectionobject.objectProductionPersonRole,collectionobject.objectproductionpersonrole,Object Production Information > Production person role
core_11-0,collectionobject.objectProductionOrganization,collectionobject.objectproductionorganization,Object Production Information > Production organization
core_11-0,collectionobject.objectProductionOrganizationRole,collectionobject.objectproductionorganizationrole,Object Production Information > Production organization role
core_11-0,collectionobject.objectProductionAgent,collectionobject.objectproductionagent,Object Production Information > Production agent (verbatim)
core_11-0,collectionobject.objectProductionNote,collectionobject.objectproductionnote,Object Production Information > Production note
core_11-0,collectionobject.assocActivity,collectionobject.assocactivity,Object History and Association Information > Associations > Associated activity
core_11-0,collectionobject.assocActivityType,collectionobject.assocactivitytype,Object History and Association Information > Associations > Associated activity type
core_11-0,collectionobject.assocActivityNote,collectionobject.assocactivitynote,Object History and Association Information > Associations > Associated activity note
core_11-0,collectionobject.assocObject,collectionobject.assocobject,Object History and Association Information > Associations > Associated object
core_11-0,collectionobject.assocObjectType,collectionobject.assocobjecttype,Object History and Association Information > Associations > Associated object type
core_11-0,collectionobject.assocObjectNote,collectionobject.assocobjectnote,Object History and Association Information > Associations > Associated object note
core_11-0,collectionobject.assocConcept,collectionobject.assocconcept,Object History and Association Information > Associations > Associated concept
core_11-0,collectionobject.assocConceptType,collectionobject.assocconcepttype,Object History and Association Information > Associations > Associated concept type
core_11-0,collectionobject.assocConceptNote,collectionobject.assocconceptnote,Object History and Association Information > Associations > Associated concept note
core_11-0,collectionobject.assocCulturalContext,collectionobject.assocculturalcontext,Object History and Association Information > Associations > Associated cultural affinity
core_11-0,collectionobject.assocCulturalContextType,collectionobject.assocculturalcontexttype,Object History and Association Information > Associations > Associated cultural affinity type
core_11-0,collectionobject.assocCulturalContextNote,collectionobject.assocculturalcontextnote,Object History and Association Information > Associations > Associated cultural affinity note
core_11-0,collectionobject.assocOrganization,collectionobject.assocorganization,Object History and Association Information > Associations > Associated organization
core_11-0,collectionobject.assocOrganizationType,collectionobject.assocorganizationtype,Object History and Association Information > Associations > Associated organization type
core_11-0,collectionobject.assocOrganizationNote,collectionobject.assocorganizationnote,Object History and Association Information > Associations > Associated organization note
core_11-0,collectionobject.assocPeople,collectionobject.assocpeople,Object History and Association Information > Associations > Associated people
core_11-0,collectionobject.assocPeopleType,collectionobject.assocpeopletype,Object History and Association Information > Associations > Associated people type
core_11-0,collectionobject.assocPeopleNote,collectionobject.assocpeoplenote,Object History and Association Information > Associations > Associated people note
core_11-0,collectionobject.assocPerson,collectionobject.assocperson,Object History and Association Information > Associations > Associated person
core_11-0,collectionobject.assocPersonType,collectionobject.assocpersontype,Object History and Association Information > Associations > Associated person type
core_11-0,collectionobject.assocPersonNote,collectionobject.assocpersonnote,Object History and Association Information > Associations > Associated person note
core_11-0,collectionobject.assocPlace,collectionobject.assocplace,Object History and Association Information > Associations > Associated place
core_11-0,collectionobject.assocPlaceType,collectionobject.assocplacetype,Object History and Association Information > Associations > Associated place type
core_11-0,collectionobject.assocPlaceNote,collectionobject.assocplacenote,Object History and Association Information > Associations > Associated place note
core_11-0,collectionobject.assocEventName,collectionobject.assoceventname,Object History and Association Information > Associations > Associated event > Associated event
core_11-0,collectionobject.assocEventNameType,collectionobject.assoceventnametype,Object History and Association Information > Associations > Associated event > Associated event type
core_11-0,collectionobject.assocEvent,collectionobject.assocevent,Object History and Association Information > Associations > Associated controlled event or period/era
core_11-0,collectionobject.assocEventOrganization,collectionobject.assoceventorganization,Object History and Association Information > Associations > Associated event organization
core_11-0,collectionobject.assocEventPeople,collectionobject.assoceventpeople,Object History and Association Information > Associations > Associated event people
core_11-0,collectionobject.assocEventPerson,collectionobject.assoceventperson,Object History and Association Information > Associations > Associated event person
core_11-0,collectionobject.assocEventPlace,collectionobject.assoceventplace,Object History and Association Information > Associations > Associated event place
core_11-0,collectionobject.assocEventNote,collectionobject.assoceventnote,Object History and Association Information > Associations > Associated event note
core_11-0,collectionobject.assocStructuredDateGroup,collectionobject.assocstructureddategroup,Object History and Association Information > Associations > Associated date value
core_11-0,collectionobject.assocDateType,collectionobject.assocdatetype,Object History and Association Information > Associations > Associated date type
core_11-0,collectionobject.assocDateNote,collectionobject.assocdatenote,Object History and Association Information > Associations > Associated date note
core_11-0,collectionobject.objectHistoryNote,collectionobject.objecthistorynote,Object History and Association Information > Object history note
core_11-0,collectionobject.usage,collectionobject.usage,Object History and Association Information > Usage
core_11-0,collectionobject.usageNote,collectionobject.usagenote,Object History and Association Information > Usage note
core_11-0,collectionobject.owner,collectionobject.owner,Object History and Association Information > Owner
core_11-0,collectionobject.ownershipDateGroup,collectionobject.ownershipdategroup,Object History and Association Information > Ownership date
core_11-0,collectionobject.ownershipAccess,collectionobject.ownershipaccess,Object History and Association Information > Ownership access
core_11-0,collectionobject.ownershipCategory,collectionobject.ownershipcategory,Object History and Association Information > Ownership category
core_11-0,collectionobject.ownershipPlace,collectionobject.ownershipplace,Object History and Association Information > Ownership place
core_11-0,collectionobject.ownershipExchangeMethod,collectionobject.ownershipexchangemethod,Object History and Association Information > Ownership exchange > Ownership exchange method
core_11-0,collectionobject.ownershipExchangeNote,collectionobject.ownershipexchangenote,Object History and Association Information > Ownership exchange > Ownership exchange note
core_11-0,collectionobject.ownershipExchangePriceCurrency,collectionobject.ownershipexchangepricecurrency,Object History and Association Information > Ownership exchange > Ownership exchange price currency
core_11-0,collectionobject.ownershipExchangePriceValue,collectionobject.ownershipexchangepricevalue,Object History and Association Information > Ownership exchange > Ownership exchange price value
core_11-0,collectionobject.ownersPersonalExperience,collectionobject.ownerspersonalexperience,Object Owner's Contribution Information > Owner's personal experience
core_11-0,collectionobject.ownersPersonalResponse,collectionobject.ownerspersonalresponse,Object Owner's Contribution Information > Owner's personal response
core_11-0,collectionobject.ownersReference,collectionobject.ownersreference,Object Owner's Contribution Information > Owner's reference
core_11-0,collectionobject.ownersContributionNote,collectionobject.ownerscontributionnote,Object Owner's Contribution Information > Owner's contribution note
core_11-0,collectionobject.viewersRole,collectionobject.viewersrole,Object Viewer's Contribution Information > Viewer's role
core_11-0,collectionobject.viewersPersonalExperience,collectionobject.viewerspersonalexperience,Object Viewer's Contribution Information > Viewer's personal experience
core_11-0,collectionobject.viewersPersonalResponse,collectionobject.viewerspersonalresponse,Object Viewer's Contribution Information > Viewer's personal response
core_11-0,collectionobject.viewersReference,collectionobject.viewersreference,Object Viewer's Contribution Information > Viewer's reference
core_11-0,collectionobject.viewersContributionNote,collectionobject.viewerscontributionnote,Object Viewer's Contribution Information > Viewer's contribution note
core_11-0,collectionobject.reference,collectionobject.reference,Reference Information > Reference
core_11-0,collectionobject.referenceNote,collectionobject.referencenote,Reference Information > Reference note
core_11-0,collectionobject.relatedLink,collectionobject.relatedlink,Reference Information > Published related link url
core_11-0,collectionobject.descriptiveTitle,collectionobject.descriptivetitle,Reference Information > Published related link descriptive title
core_11-0,collectionobject.fieldCollectionSite,collectionobject.fieldcollectionsite,Object Collection Information > Field collection site
core_11-0,collectionobject.fieldCollectionDateGroup,collectionobject.fieldcollectiondategroup,Object Collection Information > Field collection date
core_11-0,collectionobject.fieldCollectionMethod,collectionobject.fieldcollectionmethod,Object Collection Information > Field collection method
core_11-0,collectionobject.fieldCollectionPlace,collectionobject.fieldcollectionplace,Object Collection Information > Field collection place
core_11-0,collectionobject.fieldCollectionSource,collectionobject.fieldcollectionsource,Object Collection Information > Field collection source
core_11-0,collectionobject.fieldCollector,collectionobject.fieldcollector,Object Collection Information > Field collector
core_11-0,collectionobject.fieldCollectionNumber,collectionobject.fieldcollectionnumber,Object Collection Information > Field collection number
core_11-0,collectionobject.fieldColEventName,collectionobject.fieldcoleventname,Object Collection Information > Field collection event name
core_11-0,collectionobject.fieldCollectionFeature,collectionobject.fieldcollectionfeature,Object Collection Information > Field collection feature
core_11-0,collectionobject.fieldCollectionNote,collectionobject.fieldcollectionnote,Object Collection Information > Field collection note
core_11-0,collectionobject.rightType,collectionobject.righttype,Rights Management Information > Right type
core_11-0,collectionobject.rightBeginDate,collectionobject.rightbegindate,Rights Management Information > Right begin date
core_11-0,collectionobject.rightEndDate,collectionobject.rightenddate,Rights Management Information > Right end date
core_11-0,collectionobject.rightHolder,collectionobject.rightholder,Rights Management Information > Right holder name
core_11-0,collectionobject.rightHolderContact,collectionobject.rightholdercontact,Rights Management Information > Right holder contact
core_11-0,collectionobject.rightJurisdiction,collectionobject.rightjurisdiction,Rights Management Information > Right jurisdiction
core_11-0,collectionobject.standardizedRightStatement,collectionobject.standardizedrightstatement,Rights Management Information > Standardized right statement
core_11-0,collectionobject.rightStatement,collectionobject.rightstatement,Rights Management Information > Right statement
core_11-0,collectionobject.rightNote,collectionobject.rightnote,Rights Management Information > Right note
core_11-0,collectionobject.rightInType,collectionobject.rightintype,Rights In Management Information > Right in type
core_11-0,collectionobject.rightInBeginDate,collectionobject.rightinbegindate,Rights In Management Information > Right in begin date
core_11-0,collectionobject.rightInEndDate,collectionobject.rightinenddate,Rights In Management Information > Right in end date
core_11-0,collectionobject.agreementSent,collectionobject.agreementsent,Rights In Management Information > Right in agreement sent
core_11-0,collectionobject.agreementReceived,collectionobject.agreementreceived,Rights In Management Information > Right in agreement received
core_11-0,collectionobject.agreementSigned,collectionobject.agreementsigned,Rights In Management Information > Right in agreement signed
core_11-0,collectionobject.rightInRestriction,collectionobject.rightinrestriction,Rights In Management Information > Right in restriction
core_11-0,collectionobject.rightReproductionStatement,collectionobject.rightreproductionstatement,Rights In Management Information > Right statement for reproduction
core_11-0,collectionobject.rightInNote,collectionobject.rightinnote,Rights In Management Information > Right in note
core_11-0,collectionobject.assignedSignificance,collectionobject.assignedsignificance,Object Identification Information > Object significance level
core_11-0,collectionobject.significanceAssignedBy,collectionobject.significanceassignedby,Object Identification Information > Object significance assigned by
core_11-0,collectionobject.significanceAssignedDate,collectionobject.significanceassigneddate,Object Identification Information > Object significance assigned date
core_11-0,collectionobject.significanceAssignedContact,collectionobject.significanceassignedcontact,Object Identification Information > Object significance assigned contact
core_11-0,collectionobject.objectSuppliedBy,collectionobject.objectsuppliedby,Object Identification Information > Supplied by
core_11-0,collectionobject.variableMediaComponentStatus,collectionobject.variablemediacomponentstatus,Object Identification Information > Variable media component status
core_11-0,collectionobject.credentialType,collectionobject.credentialtype,Object Identification Information > Credential type
core_11-0,collectionobject.credentialRequiredForUse,collectionobject.credentialrequiredforuse,Object Identification Information > Credential required for use
core_11-0,collectionobject.credentialLocation,collectionobject.credentiallocation,Object Identification Information > Credential location
core_11-0,collectionobject.distributedStorageLedger,collectionobject.distributedstorageledger,Object Identification Information > Distributed ledger type
core_11-0,collectionobject.distributedLedgerParentIdentifier,collectionobject.distributedledgerparentidentifier,Object Identification Information > Distributed ledger parent identifier
core_11-0,collectionobject.distributedLedgerObjectIdentifier,collectionobject.distributedledgerobjectidentifier,Object Identification Information > Distributed ledger object identifier
core_11-0,collectionobject.ledger,collectionobject.ledger,Object Identification Information > Ledger type
core_11-0,collectionobject.ledgerContractAddress,collectionobject.ledgercontractaddress,Object Identification Information > Ledger contract address
core_11-0,collectionobject.ledgerTokenID,collectionobject.ledgertokenid,Object Identification Information > Ledger token ID
core_11-0,collectionobject.checksumValue,collectionobject.checksumvalue,Object Identification Information > Checksum value
core_11-0,collectionobject.checksumType,collectionobject.checksumtype,Object Identification Information > Checksum type
core_11-0,collectionobject.checksumDate,collectionobject.checksumdate,Object Identification Information > Checksum date
core_11-0,collectionobject.intendedBehavior,collectionobject.intendedbehavior,Object Description Information > Intended behavior
core_11-0,collectionobject.formatType,collectionobject.formattype,Technical Specifications: Audio/Video/Still > Format type
core_11-0,collectionobject.format,collectionobject.format,Technical Specifications: Audio/Video/Still > Format name
core_11-0,collectionobject.numberOfChannels,collectionobject.numberofchannels,Technical Specifications: Audio/Video/Still > AV channel number of associated channels
core_11-0,collectionobject.channelType,collectionobject.channeltype,Technical Specifications: Audio/Video/Still > AV channel type
core_11-0,collectionobject.channelLayout,collectionobject.channellayout,Technical Specifications: Audio/Video/Still > Channel layout
core_11-0,collectionobject.fileCodec,collectionobject.filecodec,Technical Specifications: Audio/Video/Still > File codec name
core_11-0,collectionobject.compressionStandard,collectionobject.compressionstandard,Technical Specifications: Audio/Video/Still > File codec compression standard
core_11-0,collectionobject.fileContainer,collectionobject.filecontainer,Technical Specifications: Audio/Video/Still > File codec container
core_11-0,collectionobject.audioType,collectionobject.audiotype,Technical Specifications: Audio/Video/Still > Audio type
core_11-0,collectionobject.audioPreferences,collectionobject.audiopreferences,Technical Specifications: Audio/Video/Still > Audio preference
core_11-0,collectionobject.chromaSubsampling,collectionobject.chromasubsampling,Technical Specifications: Audio/Video/Still > Chroma subsampling
core_11-0,collectionobject.aspectRatio,collectionobject.aspectratio,Technical Specifications: Audio/Video/Still > Aspect ratio width:height
core_11-0,collectionobject.aspectRatioType,collectionobject.aspectratiotype,Technical Specifications: Audio/Video/Still > Aspect ratio type
core_11-0,collectionobject.colorSpace,collectionobject.colorspace,Technical Specifications: Audio/Video/Still > Color space name
core_11-0,collectionobject.colorType,collectionobject.colortype,Technical Specifications: Audio/Video/Still > Color space type
core_11-0,collectionobject.avTechnicalAttribute,collectionobject.avtechnicalattribute,Technical Specifications: Audio/Video/Still > AV technical attribute
core_11-0,collectionobject.avTechnicalAttributeLowValue,collectionobject.avtechnicalattributelowvalue,Technical Specifications: Audio/Video/Still > AV technical attribute low/single value
core_11-0,collectionobject.avTechnicalAttributeHighValue,collectionobject.avtechnicalattributehighvalue,Technical Specifications: Audio/Video/Still > AV technical attribute high value
core_11-0,collectionobject.avTechnicalAttributeUnit,collectionobject.avtechnicalattributeunit,Technical Specifications: Audio/Video/Still > AV technical attribute unit
core_11-0,collectionobject.avSpecificationNote,collectionobject.avspecificationnote,Technical Specifications: Audio/Video/Still > Audio or video specification note
core_11-0,collectionobject.programmingLanguageName,collectionobject.programminglanguagename,Technical Specifications: Software/Web > Programming language name
core_11-0,collectionobject.programmingLanguageVersion,collectionobject.programminglanguageversion,Technical Specifications: Software/Web > Programming language version
core_11-0,collectionobject.software,collectionobject.software,Technical Specifications: Software/Web > Utilized software name
core_11-0,collectionobject.softwareVersion,collectionobject.softwareversion,Technical Specifications: Software/Web > Utilized software version
core_11-0,collectionobject.intendedOperatingSystem,collectionobject.intendedoperatingsystem,Technical Specifications: Software/Web > Intended operating system name
core_11-0,collectionobject.intendedOperatingSystemVersion,collectionobject.intendedoperatingsystemversion,Technical Specifications: Software/Web > Intended operating system version
core_11-0,collectionobject.softwareLibrary,collectionobject.softwarelibrary,Technical Specifications: Software/Web > Library
core_11-0,collectionobject.codeCompiler,collectionobject.codecompiler,Technical Specifications: Software/Web > Compiler
core_11-0,collectionobject.networkConnectionRequired,collectionobject.networkconnectionrequired,Technical Specifications: Software/Web > Network connection required
core_11-0,collectionobject.networkConnectionType,collectionobject.networkconnectiontype,Technical Specifications: Software/Web > Network connection type
core_11-0,collectionobject.intendedBrowser,collectionobject.intendedbrowser,Technical Specifications: Software/Web > Itended browser name
core_11-0,collectionobject.intendedBrowserVersion,collectionobject.intendedbrowserversion,Technical Specifications: Software/Web > Itended browser version
core_11-0,collectionobject.domainName,collectionobject.domainname,Technical Specifications: Software/Web > Domain name
core_11-0,collectionobject.domainHost,collectionobject.domainhost,Technical Specifications: Software/Web > Domain host
core_11-0,collectionobject.domainType,collectionobject.domaintype,Technical Specifications: Software/Web > Domain type
core_11-0,collectionobject.domainVersion,collectionobject.domainversion,Technical Specifications: Software/Web > Domain version
core_11-0,collectionobject.domainOwner,collectionobject.domainowner,Technical Specifications: Software/Web > Domain owner
core_11-0,collectionobject.applicationInteractionRequired,collectionobject.applicationinteractionrequired,Technical Specifications: Software/Web > Interacting application required
core_11-0,collectionobject.applicationRequired,collectionobject.applicationrequired,Technical Specifications: Software/Web > Interacting application name
core_11-0,collectionobject.applicationRequiredFor,collectionobject.applicationrequiredfor,Technical Specifications: Software/Web > Interacting application required for
core_11-0,collectionobject.softwareTechnicalAttribute,collectionobject.softwaretechnicalattribute,Technical Specifications: Software/Web > Software technical attribute
core_11-0,collectionobject.softwareTechnicalAttributeLowValue,collectionobject.softwaretechnicalattributelowvalue,Technical Specifications: Software/Web > Software technical attribute low/single value
core_11-0,collectionobject.softwareTechnicalAttributeHighValue,collectionobject.softwaretechnicalattributehighvalue,Technical Specifications: Software/Web > Software technical attribute high value
core_11-0,collectionobject.softwareTechnicalAttributeUnit,collectionobject.softwaretechnicalattributeunit,Technical Specifications: Software/Web > Software technical attribute unit
core_11-0,collectionobject.apiUrl,collectionobject.apiurl,Technical Specifications: Software/Web > API URL
core_11-0,concept.termDisplayName,concept.termdisplayname,Concept Information > Term display name
core_11-0,concept.termName,concept.termname,Concept Information > Term name
core_11-0,concept.termQualifier,concept.termqualifier,Concept Information > Term qualifier
core_11-0,concept.termStatus,concept.termstatus,Concept Information > Term status
core_11-0,concept.termType,concept.termtype,Concept Information > Term type
core_11-0,concept.termFlag,concept.termflag,Concept Information > Term flag
core_11-0,concept.historicalStatus,concept.historicalstatus,Concept Information > Term historical status
core_11-0,concept.termLanguage,concept.termlanguage,Concept Information > Term language
core_11-0,concept.termPrefForLang,concept.termprefforlang,Concept Information > Term preferred for lang
core_11-0,concept.termSource,concept.termsource,Concept Information > Source > Term source name
core_11-0,concept.termSourceDetail,concept.termsourcedetail,Concept Information > Source > Term source detail
core_11-0,concept.termSourceID,concept.termsourceid,Concept Information > Source > Term source ID
core_11-0,concept.termSourceNote,concept.termsourcenote,Concept Information > Source > Term source note
core_11-0,concept.conceptRecordType,concept.conceptrecordtype,Concept Information > Concept type
core_11-0,concept.scopeNote,concept.scopenote,Concept Information > Scope note > Scope note
core_11-0,concept.scopeNoteSource,concept.scopenotesource,Concept Information > Scope note > Scope note source
core_11-0,concept.scopeNoteSourceDetail,concept.scopenotesourcedetail,Concept Information > Scope note > Scope note source detail
core_11-0,concept.citationSource,concept.citationsource,Concept Information > Citation source
core_11-0,concept.citationSourceDetail,concept.citationsourcedetail,Concept Information > Citation source detail
core_11-0,concept.additionalSource,concept.additionalsource,Concept Information > Additional source
core_11-0,concept.additionalSourceDetail,concept.additionalsourcedetail,Concept Information > Additional source detail
core_11-0,concept.additionalSourceID,concept.additionalsourceid,Concept Information > Additional source ID
core_11-0,concept.additionalSourceNote,concept.additionalsourcenote,Concept Information > Additional source note
core_11-0,conditioncheck.conditionCheckRefNumber,conditioncheck.conditioncheckrefnumber,Condition Check/Technical Assessment Information > Reference number
core_11-0,conditioncheck.conditionCheckAssessmentDate,conditioncheck.conditioncheckassessmentdate,Condition Check/Technical Assessment Information > Check/assessment date
core_11-0,conditioncheck.conditionCheckMethod,conditioncheck.conditioncheckmethod,Condition Check/Technical Assessment Information > Method
core_11-0,conditioncheck.conditionCheckReason,conditioncheck.conditioncheckreason,Condition Check/Technical Assessment Information > Reason
core_11-0,conditioncheck.conditionChecker,conditioncheck.conditionchecker,Condition Check/Technical Assessment Information > Checker/assessor
core_11-0,conditioncheck.conditionCheckNote,conditioncheck.conditionchecknote,Condition Check/Technical Assessment Information > Note
core_11-0,conditioncheck.objectAuditCategory,conditioncheck.objectauditcategory,Object Condition Information > Object audit category
core_11-0,conditioncheck.conservationTreatmentPriority,conditioncheck.conservationtreatmentpriority,Object Condition Information > Conservation treatment priority
core_11-0,conditioncheck.nextConditionCheckDate,conditioncheck.nextconditioncheckdate,Object Condition Information > Next check/assessment date
core_11-0,conditioncheck.completeness,conditioncheck.completeness,Object Condition Information > Completeness description
core_11-0,conditioncheck.completenessDate,conditioncheck.completenessdate,Object Condition Information > Completeness date
core_11-0,conditioncheck.completenessNote,conditioncheck.completenessnote,Object Condition Information > Completeness note
core_11-0,conditioncheck.hazard,conditioncheck.hazard,Object Condition Information > Hazard description
core_11-0,conditioncheck.hazardDate,conditioncheck.hazarddate,Object Condition Information > Hazard date
core_11-0,conditioncheck.hazardNote,conditioncheck.hazardnote,Object Condition Information > Hazard note
core_11-0,conditioncheck.techAssessment,conditioncheck.techassessment,Object Condition Information > Technical assessment description
core_11-0,conditioncheck.techAssessmentDate,conditioncheck.techassessmentdate,Object Condition Information > Technical assessment date
core_11-0,conditioncheck.condition,conditioncheck.condition,Object Condition Information > Condition description
core_11-0,conditioncheck.conditionDate,conditioncheck.conditiondate,Object Condition Information > Condition date
core_11-0,conditioncheck.conditionNote,conditioncheck.conditionnote,Object Condition Information > Condition note
core_11-0,conditioncheck.envConditionNote,conditioncheck.envconditionnote,Object Condition Information > Environmental condition note
core_11-0,conditioncheck.envConditionNoteDate,conditioncheck.envconditionnotedate,Object Condition Information > Environmental condition date
core_11-0,conditioncheck.displayRecommendations,conditioncheck.displayrecommendations,Object Recommendation/Requirement Information > Display recommendation
core_11-0,conditioncheck.handlingRecommendations,conditioncheck.handlingrecommendations,Object Recommendation/Requirement Information > Handling recommendation
core_11-0,conditioncheck.securityRecommendations,conditioncheck.securityrecommendations,Object Recommendation/Requirement Information > Security recommendation
core_11-0,conditioncheck.storageRequirements,conditioncheck.storagerequirements,Object Recommendation/Requirement Information > Storage recommendation
core_11-0,conditioncheck.envRecommendations,conditioncheck.envrecommendations,Object Recommendation/Requirement Information > Environmental recommendation
core_11-0,conditioncheck.packingRecommendations,conditioncheck.packingrecommendations,Object Recommendation/Requirement Information > Packing recommendation
core_11-0,conditioncheck.specialRequirements,conditioncheck.specialrequirements,Object Recommendation/Requirement Information > Special requirement
core_11-0,conditioncheck.legalRequirements,conditioncheck.legalrequirements,Object Recommendation/Requirement Information > Legal requirement
core_11-0,conditioncheck.legalReqsHeld,conditioncheck.legalreqsheld,Object Recommendation/Requirement Information > Legal/license requirement held description
core_11-0,conditioncheck.legalReqsHeldBeginDate,conditioncheck.legalreqsheldbegindate,Object Recommendation/Requirement Information > Legal/license requirement held begin date
core_11-0,conditioncheck.legalReqsHeldEndDate,conditioncheck.legalreqsheldenddate,Object Recommendation/Requirement Information > Legal/license requirement held end date
core_11-0,conditioncheck.legalReqsHeldNumber,conditioncheck.legalreqsheldnumber,Object Recommendation/Requirement Information > Legal/license requirement held number
core_11-0,conditioncheck.legalReqsHeldRenewDate,conditioncheck.legalreqsheldrenewdate,Object Recommendation/Requirement Information > Legal/license requirement held renewal date
core_11-0,conditioncheck.salvagePriorityCode,conditioncheck.salvageprioritycode,Object Recommendation/Requirement Information > Salvage priority code
core_11-0,conditioncheck.salvagePriorityCodeDate,conditioncheck.salvageprioritycodedate,Object Recommendation/Requirement Information > Salvage priority date
core_11-0,conservation.conservationNumber,conservation.conservationnumber,Conservation Treatment Information > Reference number
core_11-0,conservation.status,conservation.status,Conservation Treatment Information > Procedural status
core_11-0,conservation.statusDate,conservation.statusdate,Conservation Treatment Information > Procedural status date
core_11-0,conservation.treatmentPurpose,conservation.treatmentpurpose,Conservation Treatment Information > Treatment purpose
core_11-0,conservation.conservator,conservation.conservator,Conservation Treatment Information > Conservator
core_11-0,conservation.otherParty,conservation.otherparty,Conservation Treatment Information > Other treatment party name
core_11-0,conservation.otherPartyRole,conservation.otherpartyrole,Conservation Treatment Information > Other treatment party role
core_11-0,conservation.otherPartyNote,conservation.otherpartynote,Conservation Treatment Information > Other treatment party note
core_11-0,conservation.examinationStaff,conservation.examinationstaff,Conservation Treatment Information > Examination staff
core_11-0,conservation.examinationPhase,conservation.examinationphase,Conservation Treatment Information > Examination phase of treatment
core_11-0,conservation.examinationDate,conservation.examinationdate,Conservation Treatment Information > Examination date
core_11-0,conservation.examinationNote,conservation.examinationnote,Conservation Treatment Information > Examination note
core_11-0,conservation.fabricationNote,conservation.fabricationnote,Conservation Treatment Information > Fabrication note
core_11-0,conservation.proposedTreatment,conservation.proposedtreatment,Conservation Treatment Information > Proposed treatment
core_11-0,conservation.approvedBy,conservation.approvedby,Conservation Treatment Information > Approved by
core_11-0,conservation.approvedDate,conservation.approveddate,Conservation Treatment Information > Approval date
core_11-0,conservation.treatmentStartDate,conservation.treatmentstartdate,Conservation Treatment Information > Treatment start date
core_11-0,conservation.treatmentEndDate,conservation.treatmentenddate,Conservation Treatment Information > Treatment end date
core_11-0,conservation.treatmentSummary,conservation.treatmentsummary,Conservation Treatment Information > Treatment summary
core_11-0,conservation.proposedAnalysis,conservation.proposedanalysis,Object Analysis Information > Proposed analysis
core_11-0,conservation.researcher,conservation.researcher,Object Analysis Information > Analysis researcher
core_11-0,conservation.proposedAnalysisDate,conservation.proposedanalysisdate,Object Analysis Information > Analysis proposal date
core_11-0,conservation.destAnalysisApprovedDate,conservation.destanalysisapproveddate,Object Analysis Information > Destructive analysis approval date
core_11-0,conservation.destAnalysisApprovalNote,conservation.destanalysisapprovalnote,Object Analysis Information > Destructive analysis approval note
core_11-0,conservation.sampleBy,conservation.sampleby,Object Analysis Information > Destructive analysis sample taken by
core_11-0,conservation.sampleDate,conservation.sampledate,Object Analysis Information > Destructive analysis sample date
core_11-0,conservation.sampleDescription,conservation.sampledescription,Object Analysis Information > Destructive analysis sample description
core_11-0,conservation.sampleReturned,conservation.samplereturned,Object Analysis Information > Destructive analysis sample returned
core_11-0,conservation.sampleReturnedLocation,conservation.samplereturnedlocation,Object Analysis Information > Destructive analysis sample returned location
core_11-0,conservation.analysisMethod,conservation.analysismethod,Object Analysis Information > Analytical methodology
core_11-0,conservation.analysisResults,conservation.analysisresults,Object Analysis Information > Analytical result
core_11-0,consultation.consultationNumber,consultation.consultationnumber,Consultation Information > Consultation number
core_11-0,consultation.consultationDate,consultation.consultationdate,Consultation Information > Initial consultation date
core_11-0,consultation.consultationOutcome,consultation.consultationoutcome,Consultation Information > Consultation outcome
core_11-0,consultation.reason,consultation.reason,Consultation Information > Consultation reason
core_11-0,consultation.note,consultation.note,Consultation Information > Consultation note
core_11-0,consultation.involvedParty,consultation.involvedparty,Consultation Information > Parties involved person
core_11-0,consultation.involvedOnBehalfOf,consultation.involvedonbehalfof,Consultation Information > Parties involved on behalf of
core_11-0,consultation.involvedRole,consultation.involvedrole,Consultation Information > Parties involved role
core_11-0,consultation.consultType,consultation.consulttype,Consultation Information > Consultation log type
core_11-0,consultation.consultParty,consultation.consultparty,Consultation Information > Consultation log recipient
core_11-0,consultation.consultStatus,consultation.consultstatus,Consultation Information > Consultation log status
core_11-0,consultation.consultDate,consultation.consultdate,Consultation Information > Consultation log date
core_11-0,consultation.consultNote,consultation.consultnote,Consultation Information > Consultation log note
core_11-0,deaccession.deaccessionNumber,deaccession.deaccessionnumber,Deaccession Information > Deaccession number
core_11-0,deaccession.deaccessionReason,deaccession.deaccessionreason,Deaccession Information > Deaccession reason
core_11-0,deaccession.deaccessionDate,deaccession.deaccessiondate,Deaccession Information > Deaccession date
core_11-0,deaccession.deaccessionRationale,deaccession.deaccessionrationale,Deaccession Information > Deaccession rationale
core_11-0,deaccession.deaccessionNote,deaccession.deaccessionnote,Deaccession Information > Deaccession note
core_11-0,deaccession.deaccessionApprovalGroup,deaccession.deaccessionapprovalgroup,Deaccession Information > Deaccession approval group > Deaccession approval group
core_11-0,deaccession.deaccessionApprovalIndividual,deaccession.deaccessionapprovalindividual,Deaccession Information > Deaccession approval group > Deaccession approval individual
core_11-0,deaccession.deaccessionApprovalStatus,deaccession.deaccessionapprovalstatus,Deaccession Information > Deaccession approval group > Deaccession approval status
core_11-0,deaccession.deaccessionApprovalDate,deaccession.deaccessionapprovaldate,Deaccession Information > Deaccession approval group > Deaccession approval date
core_11-0,deaccession.deaccessionApprovalNote,deaccession.deaccessionapprovalnote,Deaccession Information > Deaccession approval group > Deaccession approval note
core_11-0,deaccession.involvedParty,deaccession.involvedparty,Deaccession Information > Parties involved person
core_11-0,deaccession.involvedOnBehalfOf,deaccession.involvedonbehalfof,Deaccession Information > Parties involved on behalf of
core_11-0,deaccession.involvedRole,deaccession.involvedrole,Deaccession Information > Parties involved role
core_11-0,deaccession.exitDate,deaccession.exitdate,Proposed Exit Details > Exit date
core_11-0,deaccession.exitRecipient,deaccession.exitrecipient,Proposed Exit Details > Exit recipient
core_11-0,deaccession.exitMethod,deaccession.exitmethod,Proposed Exit Details > Exit method
core_11-0,dutyofcare.dutyOfCareNumber,dutyofcare.dutyofcarenumber,Duty of Care Information > Duty of care number
core_11-0,dutyofcare.dutyOfCareTitle,dutyofcare.dutyofcaretitle,Duty of Care Information > Title
core_11-0,dutyofcare.originationDate,dutyofcare.originationdate,Duty of Care Information > Origination date
core_11-0,dutyofcare.note,dutyofcare.note,Duty of Care Information > Note
core_11-0,dutyofcare.involvedParty,dutyofcare.involvedparty,Duty of Care Information > Parties involved person
core_11-0,dutyofcare.involvedOnBehalfOf,dutyofcare.involvedonbehalfof,Duty of Care Information > Parties involved on behalf of
core_11-0,dutyofcare.involvedRole,dutyofcare.involvedrole,Duty of Care Information > Parties involved roles
core_11-0,dutyofcare.detailType,dutyofcare.detailtype,Duty of Care Information > Duty of care detail type
core_11-0,dutyofcare.detailLevel,dutyofcare.detaillevel,Duty of Care Information > Duty of care detail level
core_11-0,dutyofcare.detailDeterminedBy,dutyofcare.detaildeterminedby,Duty of Care Information > Duty of care detail determined by
core_11-0,dutyofcare.detailDeterminationDate,dutyofcare.detaildeterminationdate,Duty of Care Information > Duty of care detail determination date
core_11-0,dutyofcare.detailNote,dutyofcare.detailnote,Duty of Care Information > Duty of care detail note
core_11-0,exhibition.exhibitionNumber,exhibition.exhibitionnumber,Exhibition Information > Exhibition number
core_11-0,exhibition.type,exhibition.type,Exhibition Information > Type
core_11-0,exhibition.title,exhibition.title,Exhibition Information > Title
core_11-0,exhibition.sponsor,exhibition.sponsor,Exhibition Information > Sponsor
core_11-0,exhibition.organizer,exhibition.organizer,Exhibition Information > Organizer
core_11-0,exhibition.publishTo,exhibition.publishto,Exhibition Information > Publish to
core_11-0,exhibition.venue,exhibition.venue,Exhibition Information > Venue name
core_11-0,exhibition.venueOpeningDate,exhibition.venueopeningdate,Exhibition Information > Venue opening date
core_11-0,exhibition.venueClosingDate,exhibition.venueclosingdate,Exhibition Information > Venue closing date
core_11-0,exhibition.venueAttendance,exhibition.venueattendance,Exhibition Information > Venue attendance
core_11-0,exhibition.venueUrl,exhibition.venueurl,Exhibition Information > Venue web address
core_11-0,exhibition.workingGroupTitle,exhibition.workinggrouptitle,Exhibition Information > Working group title
core_11-0,exhibition.workingGroupNote,exhibition.workinggroupnote,Exhibition Information > Working group note
core_11-0,exhibition.exhibitionPerson,exhibition.exhibitionperson,Exhibition Information > Working group member name
core_11-0,exhibition.exhibitionPersonRole,exhibition.exhibitionpersonrole,Exhibition Information > Working group member role
core_11-0,exhibition.planningNote,exhibition.planningnote,Exhibition Information > Planning note
core_11-0,exhibition.curatorialNote,exhibition.curatorialnote,Exhibition Information > Curatorial note
core_11-0,exhibition.generalNote,exhibition.generalnote,Exhibition Information > General note
core_11-0,exhibition.boilerplateText,exhibition.boilerplatetext,Exhibition Information > Boilerplate text
core_11-0,exhibition.galleryRotationName,exhibition.galleryrotationname,Exhibition Information > Gallery rotation name
core_11-0,exhibition.galleryRotationStartDateGroup,exhibition.galleryrotationstartdategroup,Exhibition Information > Gallery rotation start date
core_11-0,exhibition.galleryRotationEndDateGroup,exhibition.galleryrotationenddategroup,Exhibition Information > Gallery rotation end date
core_11-0,exhibition.galleryRotationNote,exhibition.galleryrotationnote,Exhibition Information > Gallery rotation note
core_11-0,exhibition.exhibitionReference,exhibition.exhibitionreference,Exhibition Information > Bibliographic reference
core_11-0,exhibition.exhibitionReferenceType,exhibition.exhibitionreferencetype,Exhibition Information > Bibliographic reference type
core_11-0,exhibition.exhibitionReferenceNote,exhibition.exhibitionreferencenote,Exhibition Information > Bibliographic reference note
core_11-0,exhibition.exhibitionSectionName,exhibition.exhibitionsectionname,Exhibition Planning Information > Exhibition section name
core_11-0,exhibition.exhibitionSectionLocation,exhibition.exhibitionsectionlocation,Exhibition Planning Information > Exhibition section location
core_11-0,exhibition.exhibitionSectionObjects,exhibition.exhibitionsectionobjects,Exhibition Planning Information > Exhibition section objects
core_11-0,exhibition.exhibitionSectionNote,exhibition.exhibitionsectionnote,Exhibition Planning Information > Exhibition section note
core_11-0,exhibition.exhibitionStatus,exhibition.exhibitionstatus,Exhibition Planning Information > Exhibition status
core_11-0,exhibition.exhibitionStatusDate,exhibition.exhibitionstatusdate,Exhibition Planning Information > Exhibition status date
core_11-0,exhibition.exhibitionStatusNote,exhibition.exhibitionstatusnote,Exhibition Planning Information > Exhibition status note
core_11-0,exhibition.exhibitionObjectNumber,exhibition.exhibitionobjectnumber,Exhibited Object Information > Object number
core_11-0,exhibition.exhibitionObjectName,exhibition.exhibitionobjectname,Exhibited Object Information > Object name
core_11-0,exhibition.exhibitionObjectConsCheckDate,exhibition.exhibitionobjectconscheckdate,Exhibited Object Information > Object cons. check
core_11-0,exhibition.exhibitionObjectConsTreatment,exhibition.exhibitionobjectconstreatment,Exhibited Object Information > Object cons. treatment
core_11-0,exhibition.exhibitionObjectMount,exhibition.exhibitionobjectmount,Exhibited Object Information > Object mount
core_11-0,exhibition.exhibitionObjectSection,exhibition.exhibitionobjectsection,Exhibited Object Information > Object section
core_11-0,exhibition.exhibitionObjectCase,exhibition.exhibitionobjectcase,Exhibited Object Information > Object case
core_11-0,exhibition.exhibitionObjectSeqNum,exhibition.exhibitionobjectseqnum,Exhibited Object Information > Object seq. #
core_11-0,exhibition.exhibitionObjectRotation,exhibition.exhibitionobjectrotation,Exhibited Object Information > Object rotation
core_11-0,exhibition.exhibitionObjectNote,exhibition.exhibitionobjectnote,Exhibited Object Information > Object note
core_11-0,exit.exitNumber,exit.exitnumber,Object Exit Information > Exit number
core_11-0,exit.exitDate,exit.exitdate,Object Exit Information > Exit date
core_11-0,exit.reason,exit.reason,Object Exit Information > Exit reason
core_11-0,exit.method,exit.method,Object Exit Information > Exit method
core_11-0,exit.owner,exit.owner,Object Exit Information > Owner after exit
core_11-0,exit.agent,exit.agent,Object Exit Information > Exit agent name
core_11-0,exit.role,exit.role,Object Exit Information > Exit agent role
core_11-0,exit.exitCountNote,exit.exitcountnote,Object Exit Information > Exit count note
core_11-0,exit.note,exit.note,Object Exit Information > Note
core_11-0,exit.group,exit.group,Object Exit Information > Approval status group
core_11-0,exit.individual,exit.individual,Object Exit Information > Approval status individual
core_11-0,exit.status,exit.status,Object Exit Information > Approval status
core_11-0,exit.date,exit.date,Object Exit Information > Approval status date
core_11-0,exit.approvalStatusNote,exit.approvalstatusnote,Object Exit Information > Approval status note
core_11-0,exit.saleCurrency,exit.salecurrency,Sale Information > Sale/auction currency
core_11-0,exit.saleValue,exit.salevalue,Sale Information > Sale/auction value
core_11-0,exit.saleDate,exit.saledate,Sale Information > Sale/auction date
core_11-0,exit.saleNumber,exit.salenumber,Sale Information > Sale/auction number
core_11-0,exit.saleLot,exit.salelot,Sale Information > Sale/auction lot
core_11-0,exit.saleNote,exit.salenote,Sale Information > Sale/auction note
core_11-0,group.title,group.title,Group Information > Title
core_11-0,group.responsibleDepartment,group.responsibledepartment,Group Information > Responsible department
core_11-0,group.owner,group.owner,Group Information > Group owner
core_11-0,group.groupEarliestSingleDate,group.groupearliestsingledate,Group Information > Earliest/single date
core_11-0,group.groupLatestDate,group.grouplatestdate,Group Information > Latest date
core_11-0,group.scopeNote,group.scopenote,Group Information > Scope note
core_11-0,heldintrust.heldInTrustNumber,heldintrust.heldintrustnumber,Held-in-Trust Information > Held-in-Trust number
core_11-0,heldintrust.owner,heldintrust.owner,Held-in-Trust Information > Owner
core_11-0,heldintrust.plannedReturnDate,heldintrust.plannedreturndate,Held-in-Trust Information > Planned return date
core_11-0,heldintrust.plannedReturnNote,heldintrust.plannedreturnnote,Held-in-Trust Information > Planned return note
core_11-0,heldintrust.agreementDescription,heldintrust.agreementdescription,Held-in-Trust Information > Description of agreement
core_11-0,heldintrust.typeOfAgreement,heldintrust.typeofagreement,Held-in-Trust Information > Type of agreement
core_11-0,heldintrust.agreementRenewalDate,heldintrust.agreementrenewaldate,Held-in-Trust Information > Agreement renewal date
core_11-0,heldintrust.note,heldintrust.note,Held-in-Trust Information > Note
core_11-0,heldintrust.agreementGroup,heldintrust.agreementgroup,Held-in-Trust Information > Held-in-Trust status group
core_11-0,heldintrust.agreementIndividual,heldintrust.agreementindividual,Held-in-Trust Information > Held-in-Trust status individual
core_11-0,heldintrust.agreementStatus,heldintrust.agreementstatus,Held-in-Trust Information > Held-in-Trust status
core_11-0,heldintrust.agreementDate,heldintrust.agreementdate,Held-in-Trust Information > Held-in-Trust status date
core_11-0,heldintrust.agreementNote,heldintrust.agreementnote,Held-in-Trust Information > Held-in-Trust status note
core_11-0,heldintrust.correspondenceSender,heldintrust.correspondencesender,Held-in-Trust Information > Correspondence sender
core_11-0,heldintrust.correspondenceRecipient,heldintrust.correspondencerecipient,Held-in-Trust Information > Correspondence recipient
core_11-0,heldintrust.correspondenceType,heldintrust.correspondencetype,Held-in-Trust Information > Correspondence type
core_11-0,heldintrust.correspondenceDate,heldintrust.correspondencedate,Held-in-Trust Information > Correspondence date
core_11-0,heldintrust.correspondenceSummary,heldintrust.correspondencesummary,Held-in-Trust Information > Correspondence summary
core_11-0,heldintrust.culturalCareNote,heldintrust.culturalcarenote,Cultural Care Information > Cultural care note
core_11-0,heldintrust.limitationType,heldintrust.limitationtype,Cultural Care Information > Access limitation type
core_11-0,heldintrust.limitationLevel,heldintrust.limitationlevel,Cultural Care Information > Access limitation level
core_11-0,heldintrust.limitationDetails,heldintrust.limitationdetails,Cultural Care Information > Access limitation detail
core_11-0,heldintrust.requester,heldintrust.requester,Cultural Care Information > Access limitation requester
core_11-0,heldintrust.requestOnBehalfOf,heldintrust.requestonbehalfof,Cultural Care Information > Access limitation requested on behalf of
core_11-0,heldintrust.requestDate,heldintrust.requestdate,Cultural Care Information > Access limitation request date
core_11-0,insurance.insuranceIndemnityReferenceNumber,insurance.insuranceindemnityreferencenumber,Insurance and Indemnity Information > Reference number
core_11-0,insurance.insuranceIndemnityType,insurance.insuranceindemnitytype,Insurance and Indemnity Information > Type
core_11-0,insurance.insurerIndemnifier,insurance.insurerindemnifier,Insurance and Indemnity Information > Insurer/indemnifier
core_11-0,insurance.insuranceIndemnityPolicyNumber,insurance.insuranceindemnitypolicynumber,Insurance and Indemnity Information > Policy number
core_11-0,insurance.insuranceIndemnityCurrency,insurance.insuranceindemnitycurrency,Insurance and Indemnity Information > Insurance/indemnity price > Insurance/indemnity price currency
core_11-0,insurance.insuranceIndemnityValue,insurance.insuranceindemnityvalue,Insurance and Indemnity Information > Insurance/indemnity price > Insurance/indemnity price value
core_11-0,insurance.minimumLiabilityCurrency,insurance.minimumliabilitycurrency,Insurance and Indemnity Information > Minimum liability price > Minimum liability price currency
core_11-0,insurance.minimumLiabilityValue,insurance.minimumliabilityvalue,Insurance and Indemnity Information > Minimum liability price > Minimum liability price value
core_11-0,insurance.insuranceIndemnityAuthorizer,insurance.insuranceindemnityauthorizer,Insurance and Indemnity Information > Authorization > Authorizer
core_11-0,insurance.insuranceIndemnityAuthorizationDate,insurance.insuranceindemnityauthorizationdate,Insurance and Indemnity Information > Authorization > Authorization date
core_11-0,insurance.insuranceIndemnityStatus,insurance.insuranceindemnitystatus,Insurance and Indemnity Information > Status type
core_11-0,insurance.insuranceIndemnityStatusDate,insurance.insuranceindemnitystatusdate,Insurance and Indemnity Information > Status date
core_11-0,insurance.insuranceIndemnityStatusNote,insurance.insuranceindemnitystatusnote,Insurance and Indemnity Information > Status note
core_11-0,insurance.insuranceIndemnityNote,insurance.insuranceindemnitynote,Insurance and Indemnity Information > Note
core_11-0,insurance.insuranceIndemnityQuoteProvider,insurance.insuranceindemnityquoteprovider,Insurance and Indemnity Information > Quote provider
core_11-0,insurance.insuranceIndemnityQuoteCurrency,insurance.insuranceindemnityquotecurrency,Insurance and Indemnity Information > Quote currency
core_11-0,insurance.insuranceIndemnityQuoteValue,insurance.insuranceindemnityquotevalue,Insurance and Indemnity Information > Quote value
core_11-0,insurance.insuranceIndemnityQuoteDate,insurance.insuranceindemnityquotedate,Insurance and Indemnity Information > Quote date
core_11-0,intake.entryNumber,intake.entrynumber,Object Entry Information > Entry number
core_11-0,intake.entryDate,intake.entrydate,Object Entry Information > Entry date
core_11-0,intake.entryReason,intake.entryreason,Object Entry Information > Entry reason
core_11-0,intake.entryMethod,intake.entrymethod,Object Entry Information > Entry method
core_11-0,intake.returnDate,intake.returndate,Object Entry Information > Return date
core_11-0,intake.currentOwner,intake.currentowner,Object Entry Information > Current owner
core_11-0,intake.depositor,intake.depositor,Object Entry Information > Depositor name
core_11-0,intake.depositorsRequirements,intake.depositorsrequirements,Object Entry Information > Depositor requirements
core_11-0,intake.approvalGroup,intake.approvalgroup,Object Entry Information > Approval group > Approval group
core_11-0,intake.approvalIndividual,intake.approvalindividual,Object Entry Information > Approval group > Approval individual
core_11-0,intake.approvalStatus,intake.approvalstatus,Object Entry Information > Approval group > Approval status
core_11-0,intake.approvalDate,intake.approvaldate,Object Entry Information > Approval group > Approval status date
core_11-0,intake.approvalNote,intake.approvalnote,Object Entry Information > Approval group > Approval note
core_11-0,intake.entryNote,intake.entrynote,Object Entry Information > Entry note
core_11-0,intake.packingNote,intake.packingnote,Object Entry Information > Packing note
core_11-0,intake.fieldCollectionDate,intake.fieldcollectiondate,Object Collection Information > Field collection date
core_11-0,intake.fieldCollectionMethod,intake.fieldcollectionmethod,Object Collection Information > Field collection method
core_11-0,intake.fieldCollectionNote,intake.fieldcollectionnote,Object Collection Information > Field collection note
core_11-0,intake.fieldCollectionNumber,intake.fieldcollectionnumber,Object Collection Information > Field collection number
core_11-0,intake.fieldCollectionPlace,intake.fieldcollectionplace,Object Collection Information > Field collection place
core_11-0,intake.fieldCollectionSource,intake.fieldcollectionsource,Object Collection Information > Field collection source
core_11-0,intake.fieldCollector,intake.fieldcollector,Object Collection Information > Field collector
core_11-0,intake.fieldCollectionEventName,intake.fieldcollectioneventname,Object Collection Information > Field collection event name
core_11-0,intake.valuer,intake.valuer,Valuation Information > Valuer
core_11-0,intake.valuationReferenceNumber,intake.valuationreferencenumber,Valuation Information > Valuation reference number
core_11-0,intake.insurer,intake.insurer,Insurance Information > Insurer
core_11-0,intake.insurancePolicyNumber,intake.insurancepolicynumber,Insurance Information > Insurance policy number
core_11-0,intake.insuranceRenewalDate,intake.insurancerenewaldate,Insurance Information > Insurance renewal date
core_11-0,intake.insuranceReferenceNumber,intake.insurancereferencenumber,Insurance Information > Insurance reference number
core_11-0,intake.insuranceNote,intake.insurancenote,Insurance Information > Insurance note
core_11-0,intake.currentLocation,intake.currentlocation,Location Information > Current location
core_11-0,intake.currentLocationFitness,intake.currentlocationfitness,Location Information > Current location fitness
core_11-0,intake.currentLocationNote,intake.currentlocationnote,Location Information > Current location note
core_11-0,intake.locationDate,intake.locationdate,Location Information > Location date
core_11-0,intake.normalLocation,intake.normallocation,Location Information > Normal location
core_11-0,intake.conditionCheckMethod,intake.conditioncheckmethod,Condition Check Information > Condition check method
core_11-0,intake.conditionCheckReason,intake.conditioncheckreason,Condition Check Information > Condition check reason
core_11-0,intake.conditionCheckerOrAssessor,intake.conditioncheckerorassessor,Condition Check Information > Condition check assessor
core_11-0,intake.conditionCheckDate,intake.conditioncheckdate,Condition Check Information > Condition check date
core_11-0,intake.conditionCheckReferenceNumber,intake.conditioncheckreferencenumber,Condition Check Information > Condition check reference number
core_11-0,intake.conditionCheckNote,intake.conditionchecknote,Condition Check Information > Condition check note
core_11-0,iterationreport.iterationIdentificationNumber,iterationreport.iterationidentificationnumber,Iteration Information > Iteration identification number
core_11-0,iterationreport.iterationCreator,iterationreport.iterationcreator,Iteration Information > Iteration creator/supervisor name
core_11-0,iterationreport.iterationCreatorRole,iterationreport.iterationcreatorrole,Iteration Information > Iteration creator/supervisor role
core_11-0,iterationreport.action,iterationreport.action,Iteration Information > Iteration action type
core_11-0,iterationreport.actionStartDate,iterationreport.actionstartdate,Iteration Information > Iteration action earliest/start date
core_11-0,iterationreport.actionEndDate,iterationreport.actionenddate,Iteration Information > Iteration action end date
core_11-0,iterationreport.installer,iterationreport.installer,Iteration Information > Installer name
core_11-0,iterationreport.installerRole,iterationreport.installerrole,Iteration Information > Installer role/skillset
core_11-0,iterationreport.installerExtent,iterationreport.installerextent,Iteration Information > Installer time spent
core_11-0,iterationreport.installDeinstall,iterationreport.installdeinstall,Iteration Information > Artist present/represented install/deinstall
core_11-0,iterationreport.artistPresent,iterationreport.artistpresent,Iteration Information > Artist present/represented presence
core_11-0,iterationreport.artistOrRepresentative,iterationreport.artistorrepresentative,Iteration Information > Artist or representative
core_11-0,iterationreport.presentExtent,iterationreport.presentextent,Iteration Information > Artist present/represented extent
core_11-0,iterationreport.iterationSuccessful,iterationreport.iterationsuccessful,Iteration Information > Iteration Evaluation > Iteration evaluation successful
core_11-0,iterationreport.iterationEvaluator,iterationreport.iterationevaluator,Iteration Information > Iteration Evaluation > Iteration evaluation evaluator
core_11-0,iterationreport.iterationViewed,iterationreport.iterationviewed,Iteration Information > Iteration Evaluation > Iteration viewed by artist
core_11-0,iterationreport.iterationApproved,iterationreport.iterationapproved,Iteration Information > Iteration Evaluation > Iteration approved by artist
core_11-0,iterationreport.iterationEvaluationNotes,iterationreport.iterationevaluationnotes,Iteration Information > Iteration Evaluation > Iteration evaluation notes
core_11-0,iterationreport.descriptionType,iterationreport.descriptiontype,"Space Information > Space, as installed type"
core_11-0,iterationreport.approvalEntity,iterationreport.approvalentity,"Space Information > Space, as installed approval entity"
core_11-0,iterationreport.approvalDate,iterationreport.approvaldate,"Space Information > Space, as installed approval date"
core_11-0,iterationreport.spaceDescription,iterationreport.spacedescription,"Space Information > Space, as installed description"
core_11-0,iterationreport.exhibitionCopyIdentificationNumber,iterationreport.exhibitioncopyidentificationnumber,Iteration Details > Exhibition copy ID
core_11-0,iterationreport.exhibitionApprovalEntity,iterationreport.exhibitionapprovalentity,Iteration Details > Exhibition approval entity
core_11-0,iterationreport.exhibitionApprovalDate,iterationreport.exhibitionapprovaldate,Iteration Details > Exhibition approval date
core_11-0,iterationreport.installedEquipmentDescription,iterationreport.installedequipmentdescription,Iteration Details > Installed equipment description
core_11-0,iterationreport.installedEquipmentApprovalEntity,iterationreport.installedequipmentapprovalentity,Iteration Details > Installed equipment approval entity
core_11-0,iterationreport.installedEquipmentApprovalDate,iterationreport.installedequipmentapprovaldate,Iteration Details > Installed equipment approval date
core_11-0,iterationreport.technicalSetupType,iterationreport.technicalsetuptype,Iteration Details > Technical setup type
core_11-0,iterationreport.technicalSetupApprovalEntity,iterationreport.technicalsetupapprovalentity,Iteration Details > Technical setup approval entity
core_11-0,iterationreport.technicalSetupApprovalDate,iterationreport.technicalsetupapprovaldate,Iteration Details > Technical setup approval date
core_11-0,iterationreport.technicalSetupDescription,iterationreport.technicalsetupdescription,Iteration Details > Technical setup description
core_11-0,iterationreport.modificationApprovalEntity,iterationreport.modificationapprovalentity,Iteration Details > Iteration-specific modification approval entity
core_11-0,iterationreport.modificationApprovalDate,iterationreport.modificationapprovaldate,Iteration Details > Iteration-specific modification approval date
core_11-0,iterationreport.modificationDescription,iterationreport.modificationdescription,Iteration Details > Iteration-specific modification description
core_11-0,iterationreport.installationApprovalEntity,iterationreport.installationapprovalentity,Iteration Details > Further installation detail approval entity
core_11-0,iterationreport.installationApprovalDate,iterationreport.installationapprovaldate,Iteration Details > Further installation detail approval date
core_11-0,iterationreport.installationDescription,iterationreport.installationdescription,Iteration Details > Further installation detail description
core_11-0,iterationreport.maintenanceType,iterationreport.maintenancetype,Iteration Details > Maintenance type
core_11-0,iterationreport.maintenanceContact,iterationreport.maintenancecontact,Iteration Details > Maintenance contact
core_11-0,iterationreport.maintenanceDate,iterationreport.maintenancedate,Iteration Details > Maintenance date
core_11-0,iterationreport.maintenanceExtent,iterationreport.maintenanceextent,Iteration Details > Maintenance extent
core_11-0,iterationreport.securityRequirements,iterationreport.securityrequirements,Iteration Details > Security requirements
core_11-0,iterationreport.securityApprovalEntity,iterationreport.securityapprovalentity,Iteration Details > Security approval entity
core_11-0,iterationreport.securityApprovalDate,iterationreport.securityapprovaldate,Iteration Details > Security approval date
core_11-0,loanin.loanInNumber,loanin.loaninnumber,Loan In Information > Loan in number
core_11-0,loanin.loanPurpose,loanin.loanpurpose,Loan In Information > Loan purpose
core_11-0,loanin.loanGroup,loanin.loangroup,Loan In Information > Loan status group
core_11-0,loanin.loanIndividual,loanin.loanindividual,Loan In Information > Loan status individual
core_11-0,loanin.loanStatus,loanin.loanstatus,Loan In Information > Loan status
core_11-0,loanin.loanStatusDate,loanin.loanstatusdate,Loan In Information > Loan status date
core_11-0,loanin.loanStatusNote,loanin.loanstatusnote,Loan In Information > Loan status note
core_11-0,loanin.lender,loanin.lender,Loan In Information > Lender name
core_11-0,loanin.lendersContact,loanin.lenderscontact,Loan In Information > Lender contact
core_11-0,loanin.lendersAuthorizer,loanin.lendersauthorizer,Loan In Information > Lender authorizer
core_11-0,loanin.lendersAuthorizationDate,loanin.lendersauthorizationdate,Loan In Information > Lender authorization date
core_11-0,loanin.borrowersContact,loanin.borrowerscontact,Loan In Information > Borrower > Borrower contact
core_11-0,loanin.borrowersAuthorizer,loanin.borrowersauthorizer,Loan In Information > Borrower > Borrower authorizer
core_11-0,loanin.borrowersAuthorizationDate,loanin.borrowersauthorizationdate,Loan In Information > Borrower > Borrower authorization date
core_11-0,loanin.loanInConditions,loanin.loaninconditions,Loan In Information > Conditions of loan
core_11-0,loanin.loanInNote,loanin.loaninnote,Loan In Information > Note
core_11-0,loanin.loanInDate,loanin.loanindate,Loan In Information > Loan in date
core_11-0,loanin.loanReturnDate,loanin.loanreturndate,Loan In Information > Loan return date
core_11-0,loanin.loanRenewalApplicationDate,loanin.loanrenewalapplicationdate,Loan In Information > Loan renewal application date
core_11-0,loanin.creditLine,loanin.creditline,Loan In Information > Credit line
core_11-0,loanout.loanOutNumber,loanout.loanoutnumber,Loan Out Information > Loan out number
core_11-0,loanout.loanPurpose,loanout.loanpurpose,Loan Out Information > Loan purpose
core_11-0,loanout.lendersAuthorizer,loanout.lendersauthorizer,Loan Out Information > Lender > Lender authorizer
core_11-0,loanout.lendersContact,loanout.lenderscontact,Loan Out Information > Lender > Lender contact
core_11-0,loanout.lendersAuthorizationDate,loanout.lendersauthorizationdate,Loan Out Information > Lender > Lender authorization date
core_11-0,loanout.borrower,loanout.borrower,Loan Out Information > Borrower > Borrower name
core_11-0,loanout.borrowersContact,loanout.borrowerscontact,Loan Out Information > Borrower > Borrower contact
core_11-0,loanout.borrowersAuthorizer,loanout.borrowersauthorizer,Loan Out Information > Borrower > Borrower authorizer
core_11-0,loanout.borrowersAuthorizationDate,loanout.borrowersauthorizationdate,Loan Out Information > Borrower > Borrower authorization date
core_11-0,loanout.specialConditionsOfLoan,loanout.specialconditionsofloan,Loan Out Information > Conditions of loan
core_11-0,loanout.loanOutNote,loanout.loanoutnote,Loan Out Information > Note
core_11-0,loanout.loanGroup,loanout.loangroup,Loan Out Information > Loan status group
core_11-0,loanout.loanIndividual,loanout.loanindividual,Loan Out Information > Loan status individual
core_11-0,loanout.loanStatus,loanout.loanstatus,Loan Out Information > Loan status
core_11-0,loanout.loanStatusDate,loanout.loanstatusdate,Loan Out Information > Loan status date
core_11-0,loanout.loanStatusNote,loanout.loanstatusnote,Loan Out Information > Loan status note
core_11-0,loanout.loanOutDate,loanout.loanoutdate,Loan Out Information > Loan out date
core_11-0,loanout.loanReturnDate,loanout.loanreturndate,Loan Out Information > Loan return date
core_11-0,loanout.loanRenewalApplicationDate,loanout.loanrenewalapplicationdate,Loan Out Information > Loan renewal application date
core_11-0,loanout.creditLine,loanout.creditline,Loan Out Information > Credit line
core_11-0,location.termDisplayName,location.termdisplayname,Storage Location Information > Term display name
core_11-0,location.termName,location.termname,Storage Location Information > Term name
core_11-0,location.termQualifier,location.termqualifier,Storage Location Information > Term qualifier
core_11-0,location.termStatus,location.termstatus,Storage Location Information > Term status
core_11-0,location.termType,location.termtype,Storage Location Information > Term type
core_11-0,location.termFlag,location.termflag,Storage Location Information > Term flag
core_11-0,location.termLanguage,location.termlanguage,Storage Location Information > Term language
core_11-0,location.termPrefForLang,location.termprefforlang,Storage Location Information > Term preferred for lang
core_11-0,location.termSource,location.termsource,Storage Location Information > Source > Term source name
core_11-0,location.termSourceDetail,location.termsourcedetail,Storage Location Information > Source > Term source detail
core_11-0,location.termSourceID,location.termsourceid,Storage Location Information > Source > Term source ID
core_11-0,location.termSourceNote,location.termsourcenote,Storage Location Information > Source > Term source note
core_11-0,location.locationType,location.locationtype,Storage Location Information > Storage location type
core_11-0,location.securityNote,location.securitynote,Storage Location Information > Security note
core_11-0,location.address,location.address,Storage Location Information > Address
core_11-0,location.accessNote,location.accessnote,Storage Location Information > Access note
core_11-0,location.conditionNote,location.conditionnote,Storage Location Information > Condition note
core_11-0,location.conditionNoteDate,location.conditionnotedate,Storage Location Information > Condition note date
core_11-0,media.identificationNumber,media.identificationnumber,Media Handling Information > Identification number
core_11-0,media.title,media.title,Media Handling Information > Title
core_11-0,media.publishTo,media.publishto,Media Handling Information > Publish to
core_11-0,media.name,media.name,File Information > Name
core_11-0,media.mimeType,media.mimetype,File Information > Type
core_11-0,media.length,media.length,File Information > Size
core_11-0,media.externalUrl,media.externalurl,Media Handling Information > External URL
core_11-0,media.measuredPart,media.measuredpart,Media Handling Information > Measured part
core_11-0,media.dimensionSummary,media.dimensionsummary,Media Handling Information > Dimension summary
core_11-0,media.dimension,media.dimension,Media Handling Information > Measurement dimension
core_11-0,media.measuredBy,media.measuredby,Media Handling Information > Measured by
core_11-0,media.measurementMethod,media.measurementmethod,Media Handling Information > Measurement method
core_11-0,media.value,media.value,Media Handling Information > Measurement value
core_11-0,media.measurementUnit,media.measurementunit,Media Handling Information > Measurement unit
core_11-0,media.valueQualifier,media.valuequalifier,Media Handling Information > Measurement qualifier
core_11-0,media.valueDate,media.valuedate,Media Handling Information > Measurement date
core_11-0,media.measuredPartNote,media.measuredpartnote,Media Handling Information > Dimension note
core_11-0,media.checksumValue,media.checksumvalue,Media Handling Information > Checksum value
core_11-0,media.checksumType,media.checksumtype,Media Handling Information > Checksum type
core_11-0,media.checksumDate,media.checksumdate,Media Handling Information > Checksum date
core_11-0,media.contributor,media.contributor,Media Handling Information > Contributor
core_11-0,media.creator,media.creator,Media Handling Information > Creator
core_11-0,media.language,media.language,Media Handling Information > Language
core_11-0,media.publisher,media.publisher,Media Handling Information > Publisher
core_11-0,media.relation,media.relation,Media Handling Information > Relation
core_11-0,media.copyrightStatement,media.copyrightstatement,Media Handling Information > Copyright statement
core_11-0,media.type,media.type,Media Handling Information > Type
core_11-0,media.coverage,media.coverage,Media Handling Information > Coverage
core_11-0,media.dateGroup,media.dategroup,Media Handling Information > Date
core_11-0,media.source,media.source,Media Handling Information > Source
core_11-0,media.subject,media.subject,Media Handling Information > Subject
core_11-0,media.rightsHolder,media.rightsholder,Media Handling Information > Rights holder
core_11-0,media.description,media.description,Media Handling Information > Description
core_11-0,media.altText,media.alttext,Media Handling Information > Alt text
core_11-0,media.mediaFileURI,media.mediafileuri,""
core_11-0,movement.movementReferenceNumber,movement.movementreferencenumber,Object Location Information > Reference number
core_11-0,movement.normalLocation,movement.normallocation,Object Location Information > Normal location
core_11-0,movement.currentLocation,movement.currentlocation,Object Location Information > Current location > Current location
core_11-0,movement.currentLocationFitness,movement.currentlocationfitness,Object Location Information > Current location > Current location fitness
core_11-0,movement.currentLocationNote,movement.currentlocationnote,Object Location Information > Current location > Current location note
core_11-0,movement.locationDate,movement.locationdate,Object Location Information > Location date
core_11-0,movement.reasonForMove,movement.reasonformove,Movement Information > Reason for move
core_11-0,movement.movementMethod,movement.movementmethod,Movement Information > Movement method
core_11-0,movement.plannedRemovalDate,movement.plannedremovaldate,Movement Information > Planned removal date
core_11-0,movement.removalDate,movement.removaldate,Movement Information > Removal date
core_11-0,movement.movementContact,movement.movementcontact,Movement Information > Movement contact
core_11-0,movement.movementNote,movement.movementnote,Movement Information > Movement note
core_11-0,movement.inventoryActionRequired,movement.inventoryactionrequired,Inventory Information > Inventory action required
core_11-0,movement.frequencyForInventory,movement.frequencyforinventory,Inventory Information > Inventory frequency
core_11-0,movement.inventoryDate,movement.inventorydate,Inventory Information > Inventory date
core_11-0,movement.nextInventoryDate,movement.nextinventorydate,Inventory Information > Next inventory date
core_11-0,movement.inventoryContact,movement.inventorycontact,Inventory Information > Inventory contact
core_11-0,movement.inventoryNote,movement.inventorynote,Inventory Information > Inventory note
core_11-0,nagprainventory.inventoryNumber,nagprainventory.inventorynumber,Inventory Documentation Information > Inventory/documentation Number
core_11-0,nagprainventory.title,nagprainventory.title,Inventory Documentation Information > Title
core_11-0,nagprainventory.noticeType,nagprainventory.noticetype,Inventory Documentation Information > Notice type
core_11-0,nagprainventory.originationDate,nagprainventory.originationdate,Inventory Documentation Information > Origination date
core_11-0,nagprainventory.consultationNote,nagprainventory.consultationnote,Inventory Documentation Information > Consultation note
core_11-0,nagprainventory.treatmentNote,nagprainventory.treatmentnote,Inventory Documentation Information > Treatment note
core_11-0,nagprainventory.note,nagprainventory.note,Inventory Documentation Information > Note
core_11-0,nagprainventory.involvedParty,nagprainventory.involvedparty,Inventory Documentation Information > Parties involved person
core_11-0,nagprainventory.involvedOnBehalfOf,nagprainventory.involvedonbehalfof,Inventory Documentation Information > Parties involved on behalf of
core_11-0,nagprainventory.involvedRole,nagprainventory.involvedrole,Inventory Documentation Information > Parties involved role
core_11-0,nagprainventory.tribeOrNation,nagprainventory.tribeornation,Inventory Documentation Information > Inventory cultural affiliation tribe/nation
core_11-0,nagprainventory.includeInNotice,nagprainventory.includeinnotice,Inventory Documentation Information > Inventory cultural affiliation include in notice
core_11-0,nagprainventory.determinedBy,nagprainventory.determinedby,Inventory Documentation Information > Inventory cultural affiliation determined by
core_11-0,nagprainventory.determinationDate,nagprainventory.determinationdate,Inventory Documentation Information > Inventory cultural affiliation determination date
core_11-0,nagprainventory.basisOfDetermination,nagprainventory.basisofdetermination,Inventory Documentation Information > Inventory cultural affiliation basis of determination
core_11-0,nagprainventory.determinationNote,nagprainventory.determinationnote,Inventory Documentation Information > Inventory cultural affiliation determination note
core_11-0,nagprainventory.inventoryGroup,nagprainventory.inventorygroup,Inventory Documentation Information > Inventory documentation status group
core_11-0,nagprainventory.inventoryIndividual,nagprainventory.inventoryindividual,Inventory Documentation Information > Inventory documentation status individual
core_11-0,nagprainventory.inventoryStatus,nagprainventory.inventorystatus,Inventory Documentation Information > Inventory documentation status
core_11-0,nagprainventory.inventoryDate,nagprainventory.inventorydate,Inventory Documentation Information > Inventory documentation status date
core_11-0,nagprainventory.inventoryNote,nagprainventory.inventorynote,Inventory Documentation Information > Inventory documentation status note
core_11-0,nagprainventory.geographicPlace,nagprainventory.geographicplace,Context > Place represented name
core_11-0,nagprainventory.geographicPlaceNote,nagprainventory.geographicplacenote,Context > Place represented note
core_11-0,nagprainventory.culture,nagprainventory.culture,Context > Cultural group name
core_11-0,nagprainventory.cultureNote,nagprainventory.culturenote,Context > Cultural group note
core_11-0,nagprainventory.timePeriod,nagprainventory.timeperiod,Context > Time period era
core_11-0,nagprainventory.timePeriodNote,nagprainventory.timeperiodnote,Context > Time period note
core_11-0,nagprainventory.archaeologicalSite,nagprainventory.archaeologicalsite,Context > Archaeological site name
core_11-0,nagprainventory.archaeologicalSiteNote,nagprainventory.archaeologicalsitenote,Context > Archaeological site note
core_11-0,objectexit.exitNumber,objectexit.exitnumber,Object Exit Information > Exit number
core_11-0,objectexit.exitDateGroup,objectexit.exitdategroup,Object Exit Information > Exit date
core_11-0,objectexit.exitReason,objectexit.exitreason,Object Exit Information > Exit reason
core_11-0,objectexit.exitMethod,objectexit.exitmethod,Object Exit Information > Exit method
core_11-0,objectexit.exitQuantity,objectexit.exitquantity,Object Exit Information > Exit quantity
core_11-0,objectexit.currentOwner,objectexit.currentowner,Object Exit Information > Current owner
core_11-0,objectexit.depositor,objectexit.depositor,Object Exit Information > Depositor
core_11-0,objectexit.exitNote,objectexit.exitnote,Object Exit Information > Exit note
core_11-0,objectexit.packingNote,objectexit.packingnote,Object Exit Information > Packing note
core_11-0,objectexit.displosalNewObjectNumber,objectexit.displosalnewobjectnumber,Deaccession and Disposal Information > Disposal new object number
core_11-0,objectexit.deaccessionAuthorizer,objectexit.deaccessionauthorizer,Deaccession and Disposal Information > Deaccession authorizer
core_11-0,objectexit.authorizationDate,objectexit.authorizationdate,Deaccession and Disposal Information > Authorization date
core_11-0,objectexit.deaccessionApprovalGroup,objectexit.deaccessionapprovalgroup,Deaccession and Disposal Information > Deaccession approval group
core_11-0,objectexit.deaccessionApprovalIndividual,objectexit.deaccessionapprovalindividual,Deaccession and Disposal Information > Deaccession approval individual
core_11-0,objectexit.deaccessionApprovalStatus,objectexit.deaccessionapprovalstatus,Deaccession and Disposal Information > Deaccession approval status
core_11-0,objectexit.deaccessionApprovalDate,objectexit.deaccessionapprovaldate,Deaccession and Disposal Information > Deaccession approval status date
core_11-0,objectexit.deaccessionApprovalNote,objectexit.deaccessionapprovalnote,Deaccession and Disposal Information > Deaccession approval note
core_11-0,objectexit.deaccessionDate,objectexit.deaccessiondate,Deaccession and Disposal Information > Deaccession date
core_11-0,objectexit.disposalDate,objectexit.disposaldate,Deaccession and Disposal Information > Disposal date
core_11-0,objectexit.disposalMethod,objectexit.disposalmethod,Deaccession and Disposal Information > Disposal method
core_11-0,objectexit.displosalReason,objectexit.displosalreason,Deaccession and Disposal Information > Disposal reason
core_11-0,objectexit.disposalProposedRecipient,objectexit.disposalproposedrecipient,Deaccession and Disposal Information > Disposal proposed recipient
core_11-0,objectexit.disposalRecipient,objectexit.disposalrecipient,Deaccession and Disposal Information > Disposal recipient
core_11-0,objectexit.disposalCurrency,objectexit.disposalcurrency,Deaccession and Disposal Information > Disposal > Disposal currency
core_11-0,objectexit.displosalValue,objectexit.displosalvalue,Deaccession and Disposal Information > Disposal > Disposal value
core_11-0,objectexit.groupDisposalCurrency,objectexit.groupdisposalcurrency,Deaccession and Disposal Information > Group disposal > Group disposal currency
core_11-0,objectexit.groupDisplosalValue,objectexit.groupdisplosalvalue,Deaccession and Disposal Information > Group disposal > Group disposal value
core_11-0,objectexit.displosalProvisos,objectexit.displosalprovisos,Deaccession and Disposal Information > Disposal provisos
core_11-0,objectexit.displosalNote,objectexit.displosalnote,Deaccession and Disposal Information > Disposal note
core_11-0,organization.termDisplayName,organization.termdisplayname,Organization Information > Term display name
core_11-0,organization.termName,organization.termname,Organization Information > Term name
core_11-0,organization.termQualifier,organization.termqualifier,Organization Information > Term qualifier
core_11-0,organization.termStatus,organization.termstatus,Organization Information > Term status
core_11-0,organization.termType,organization.termtype,Organization Information > Term type
core_11-0,organization.termFlag,organization.termflag,Organization Information > Term flag
core_11-0,organization.termLanguage,organization.termlanguage,Organization Information > Term language
core_11-0,organization.termPrefForLang,organization.termprefforlang,Organization Information > Term preferred for lang
core_11-0,organization.mainBodyName,organization.mainbodyname,Organization Information > Name detail > Term main body name
core_11-0,organization.additionsToName,organization.additionstoname,Organization Information > Name detail > Term name addition
core_11-0,organization.termSource,organization.termsource,Organization Information > Source > Term source name
core_11-0,organization.termSourceDetail,organization.termsourcedetail,Organization Information > Source > Term source detail
core_11-0,organization.termSourceID,organization.termsourceid,Organization Information > Source > Term source ID
core_11-0,organization.termSourceNote,organization.termsourcenote,Organization Information > Source > Term source note
core_11-0,organization.organizationRecordType,organization.organizationrecordtype,Organization Information > Organization type
core_11-0,organization.foundingDateGroup,organization.foundingdategroup,Organization Information > Foundation date
core_11-0,organization.foundingPlace,organization.foundingplace,Organization Information > Foundation place
core_11-0,organization.dissolutionDateGroup,organization.dissolutiondategroup,Organization Information > Dissolution date
core_11-0,organization.nameNote,organization.namenote,Organization Information > Name note
core_11-0,organization.group,organization.group,Organization Information > Group
core_11-0,organization.function,organization.function,Organization Information > Function
core_11-0,organization.historyNote,organization.historynote,Organization Information > History
core_11-0,organization.contactName,organization.contactname,Organization Information > Contact name
core_11-0,organization.contactRole,organization.contactrole,Organization Information > Contact role
core_11-0,organization.contactDateGroup,organization.contactdategroup,Organization Information > Contact date
core_11-0,organization.contactEndDateGroup,organization.contactenddategroup,Organization Information > Contact end date
core_11-0,organization.contactStatus,organization.contactstatus,Organization Information > Contact status
core_11-0,organization.email,organization.email,Contact Information > Organization Information > Address
core_11-0,organization.emailType,organization.emailtype,Contact Information > Organization Information > Type
core_11-0,organization.telephoneNumber,organization.telephonenumber,Contact Information > Organization Information > Number
core_11-0,organization.telephoneNumberType,organization.telephonenumbertype,Contact Information > Organization Information > Type
core_11-0,organization.faxNumber,organization.faxnumber,Contact Information > Organization Information > Number
core_11-0,organization.faxNumberType,organization.faxnumbertype,Contact Information > Organization Information > Type
core_11-0,organization.webAddress,organization.webaddress,Contact Information > Organization Information > URL
core_11-0,organization.webAddressType,organization.webaddresstype,Contact Information > Organization Information > Type
core_11-0,organization.addressPlace1,organization.addressplace1,Contact Information > Organization Information > Line 1
core_11-0,organization.addressPlace2,organization.addressplace2,Contact Information > Organization Information > Line 2
core_11-0,organization.addressMunicipality,organization.addressmunicipality,Contact Information > Organization Information > Municipality
core_11-0,organization.addressStateOrProvince,organization.addressstateorprovince,Contact Information > Organization Information > State/province
core_11-0,organization.addressPostCode,organization.addresspostcode,Contact Information > Organization Information > Postal code
core_11-0,organization.addressCountry,organization.addresscountry,Contact Information > Organization Information > Country
core_11-0,organization.addressType,organization.addresstype,Contact Information > Organization Information > Type
core_11-0,person.termDisplayName,person.termdisplayname,Person Information > Term display name
core_11-0,person.termName,person.termname,Person Information > Term name
core_11-0,person.termQualifier,person.termqualifier,Person Information > Term qualifier
core_11-0,person.termStatus,person.termstatus,Person Information > Term status
core_11-0,person.termType,person.termtype,Person Information > Term type
core_11-0,person.termFlag,person.termflag,Person Information > Term flag
core_11-0,person.termLanguage,person.termlanguage,Person Information > Term language
core_11-0,person.termPrefForLang,person.termprefforlang,Person Information > Term preferred for lang
core_11-0,person.salutation,person.salutation,Person Information > Name detail > Term salutation
core_11-0,person.title,person.title,Person Information > Name detail > Term title
core_11-0,person.foreName,person.forename,Person Information > Name detail > Term forename
core_11-0,person.middleName,person.middlename,Person Information > Name detail > Term middle name
core_11-0,person.surName,person.surname,Person Information > Name detail > Term surname
core_11-0,person.nameAdditions,person.nameadditions,Person Information > Name detail > Term name addition
core_11-0,person.initials,person.initials,Person Information > Name detail > Term initials
core_11-0,person.termSource,person.termsource,Person Information > Source > Term source name
core_11-0,person.termSourceDetail,person.termsourcedetail,Person Information > Source > Term source detail
core_11-0,person.termSourceID,person.termsourceid,Person Information > Source > Term source ID
core_11-0,person.termSourceNote,person.termsourcenote,Person Information > Source > Term source note
core_11-0,person.gender,person.gender,Person Information > Gender
core_11-0,person.occupation,person.occupation,Person Information > Occupation
core_11-0,person.schoolOrStyle,person.schoolorstyle,Person Information > School/style
core_11-0,person.group,person.group,Person Information > Group
core_11-0,person.nationality,person.nationality,Person Information > Nationality
core_11-0,person.nameNote,person.namenote,Person Information > Name note
core_11-0,person.birthDateGroup,person.birthdategroup,Person Information > Birth date
core_11-0,person.birthPlace,person.birthplace,Person Information > Place of birth
core_11-0,person.deathDateGroup,person.deathdategroup,Person Information > Death date
core_11-0,person.deathPlace,person.deathplace,Person Information > Place of death
core_11-0,person.bioNote,person.bionote,Person Information > Biographical note
core_11-0,person.email,person.email,Contact Information > Person Information > Address
core_11-0,person.emailType,person.emailtype,Contact Information > Person Information > Type
core_11-0,person.telephoneNumber,person.telephonenumber,Contact Information > Person Information > Number
core_11-0,person.telephoneNumberType,person.telephonenumbertype,Contact Information > Person Information > Type
core_11-0,person.faxNumber,person.faxnumber,Contact Information > Person Information > Number
core_11-0,person.faxNumberType,person.faxnumbertype,Contact Information > Person Information > Type
core_11-0,person.webAddress,person.webaddress,Contact Information > Person Information > URL
core_11-0,person.webAddressType,person.webaddresstype,Contact Information > Person Information > Type
core_11-0,person.addressPlace1,person.addressplace1,Contact Information > Person Information > Line 1
core_11-0,person.addressPlace2,person.addressplace2,Contact Information > Person Information > Line 2
core_11-0,person.addressMunicipality,person.addressmunicipality,Contact Information > Person Information > Municipality
core_11-0,person.addressStateOrProvince,person.addressstateorprovince,Contact Information > Person Information > State/province
core_11-0,person.addressPostCode,person.addresspostcode,Contact Information > Person Information > Postal code
core_11-0,person.addressCountry,person.addresscountry,Contact Information > Person Information > Country
core_11-0,person.addressType,person.addresstype,Contact Information > Person Information > Type
core_11-0,person.declinedToAnswerPronoun,person.declinedtoanswerpronoun,Maker-Supplied Identity Information > Pronoun supplied declined to answer
core_11-0,person.suppliedPronoun,person.suppliedpronoun,Maker-Supplied Identity Information > Pronoun supplied
core_11-0,person.useRestrictionPronoun,person.userestrictionpronoun,Maker-Supplied Identity Information > Pronoun supplied use restriction
core_11-0,person.declinedToAnswerGender,person.declinedtoanswergender,Maker-Supplied Identity Information > Gender supplied declined to answer
core_11-0,person.suppliedGender,person.suppliedgender,Maker-Supplied Identity Information > Gender supplied
core_11-0,person.useRestrictionGender,person.userestrictiongender,Maker-Supplied Identity Information > Gender supplied use restriction
core_11-0,person.declinedToAnswerRace,person.declinedtoanswerrace,Maker-Supplied Identity Information > Race supplied declined to answer
core_11-0,person.suppliedRace,person.suppliedrace,Maker-Supplied Identity Information > Race supplied
core_11-0,person.useRestrictionRace,person.userestrictionrace,Maker-Supplied Identity Information > Race supplied use restriction
core_11-0,person.declinedToAnswerEthnicity,person.declinedtoanswerethnicity,Maker-Supplied Identity Information > Ethnicity supplied declined to answer
core_11-0,person.suppliedEthnicity,person.suppliedethnicity,Maker-Supplied Identity Information > Ethnicity supplied
core_11-0,person.useRestrictionEthnicity,person.userestrictionethnicity,Maker-Supplied Identity Information > Ethnicity supplied use restriction
core_11-0,person.declinedToAnswerSexuality,person.declinedtoanswersexuality,Maker-Supplied Identity Information > Sexuality supplied declined to answer
core_11-0,person.suppliedSexuality,person.suppliedsexuality,Maker-Supplied Identity Information > Sexuality supplied
core_11-0,person.useRestrictionSexuality,person.userestrictionsexuality,Maker-Supplied Identity Information > Sexuality supplied use restriction
core_11-0,person.declinedToAnswerBirthPlace,person.declinedtoanswerbirthplace,Maker-Supplied Identity Information > Birth place supplied declined to answer
core_11-0,person.suppliedBirthPlace,person.suppliedbirthplace,Maker-Supplied Identity Information > Birth place supplied
core_11-0,person.useRestrictionBirthPlace,person.userestrictionbirthplace,Maker-Supplied Identity Information > Birth place supplied use restriction
core_11-0,person.declinedToAnswerBirthDate,person.declinedtoanswerbirthdate,Maker-Supplied Identity Information > Birth date supplied declined to answer
core_11-0,person.suppliedStructuredBirthDateGroup,person.suppliedstructuredbirthdategroup,Maker-Supplied Identity Information > Birth date supplied
core_11-0,person.useRestrictionBirthDate,person.userestrictionbirthdate,Maker-Supplied Identity Information > Birth date supplied use restriction
core_11-0,person.informationAuthor,person.informationauthor,Maker-Supplied Identity Information > Other information author
core_11-0,person.informationDate,person.informationdate,Maker-Supplied Identity Information > Other information date
core_11-0,person.informationUseRestriction,person.informationuserestriction,Maker-Supplied Identity Information > Other information use restriction
core_11-0,person.otherInformation,person.otherinformation,Maker-Supplied Identity Information > Other information note
core_11-0,person.assocPerson,person.assocperson,Associated Authorities > Associated person
core_11-0,person.assocPersonType,person.assocpersontype,Associated Authorities > Associated person relationship/type
core_11-0,person.assocPersonStructuredDateGroup,person.assocpersonstructureddategroup,Associated Authorities > Associated person date
core_11-0,person.assocPersonCitation,person.assocpersoncitation,Associated Authorities > Associated person citation
core_11-0,person.assocPersonNote,person.assocpersonnote,Associated Authorities > Associated person note
core_11-0,person.assocPeople,person.assocpeople,Associated Authorities > Associated people
core_11-0,person.assocPeopleType,person.assocpeopletype,Associated Authorities > Associated people relationship/type
core_11-0,person.assocPeopleStructuredDateGroup,person.assocpeoplestructureddategroup,Associated Authorities > Associated people date
core_11-0,person.assocPeopleCitation,person.assocpeoplecitation,Associated Authorities > Associated people citation
core_11-0,person.assocPeopleNote,person.assocpeoplenote,Associated Authorities > Associated people note
core_11-0,person.assocOrganization,person.assocorganization,Associated Authorities > Associated organization
core_11-0,person.assocOrganizationType,person.assocorganizationtype,Associated Authorities > Associated organization relationship/type
core_11-0,person.assocOrganizationStructuredDateGroup,person.assocorganizationstructureddategroup,Associated Authorities > Associated organization date
core_11-0,person.assocOrganizationCitation,person.assocorganizationcitation,Associated Authorities > Associated organization citation
core_11-0,person.assocOrganizationNote,person.assocorganizationnote,Associated Authorities > Associated organization note
core_11-0,person.assocConcept,person.assocconcept,Associated Authorities > Associated concept
core_11-0,person.assocConceptType,person.assocconcepttype,Associated Authorities > Associated concept relationship/type
core_11-0,person.assocConceptStructuredDateGroup,person.assocconceptstructureddategroup,Associated Authorities > Associated concept date
core_11-0,person.assocConceptCitation,person.assocconceptcitation,Associated Authorities > Associated concept citation
core_11-0,person.assocConceptNote,person.assocconceptnote,Associated Authorities > Associated concept note
core_11-0,person.assocPlace,person.assocplace,Associated Authorities > Associated place
core_11-0,person.assocPlaceType,person.assocplacetype,Associated Authorities > Associated place relationship/type
core_11-0,person.assocPlaceStructuredDateGroup,person.assocplacestructureddategroup,Associated Authorities > Associated place date
core_11-0,person.assocPlaceCitation,person.assocplacecitation,Associated Authorities > Associated place citation
core_11-0,person.assocPlaceNote,person.assocplacenote,Associated Authorities > Associated place note
core_11-0,person.assocChronology,person.assocchronology,Associated Authorities > Associated event/era
core_11-0,person.assocChronologyType,person.assocchronologytype,Associated Authorities > Associated event/era relationship/type
core_11-0,person.assocChronologyStructuredDateGroup,person.assocchronologystructureddategroup,Associated Authorities > Associated event/era date
core_11-0,person.assocChronologyCitation,person.assocchronologycitation,Associated Authorities > Associated event/era citation
core_11-0,person.assocChronologyNote,person.assocchronologynote,Associated Authorities > Associated event/era note
core_11-0,place.termDisplayName,place.termdisplayname,Place Information > Term display name
core_11-0,place.termName,place.termname,Place Information > Term name
core_11-0,place.termQualifier,place.termqualifier,Place Information > Term qualifier
core_11-0,place.termStatus,place.termstatus,Place Information > Term status
core_11-0,place.termType,place.termtype,Place Information > Term type
core_11-0,place.termFlag,place.termflag,Place Information > Term flag
core_11-0,place.historicalStatus,place.historicalstatus,Place Information > Term historical status
core_11-0,place.termLanguage,place.termlanguage,Place Information > Term language
core_11-0,place.termPrefForLang,place.termprefforlang,Place Information > Term preferred for lang
core_11-0,place.nameAbbrev,place.nameabbrev,Place Information > Term abbreviation
core_11-0,place.nameNote,place.namenote,Place Information > Term note
core_11-0,place.nameDateGroup,place.namedategroup,Place Information > Term date
core_11-0,place.termSource,place.termsource,Place Information > Source > Term source name
core_11-0,place.termSourceDetail,place.termsourcedetail,Place Information > Source > Term source detail
core_11-0,place.termSourceID,place.termsourceid,Place Information > Source > Term source ID
core_11-0,place.termSourceNote,place.termsourcenote,Place Information > Source > Term source note
core_11-0,place.placeType,place.placetype,Place Information > Place type
core_11-0,place.placeSource,place.placesource,Place Information > Place source
core_11-0,place.owner,place.owner,Place Information > Owner
core_11-0,place.ownershipDateGroup,place.ownershipdategroup,Place Information > Ownership date
core_11-0,place.ownershipNote,place.ownershipnote,Place Information > Ownership note
core_11-0,place.placeNote,place.placenote,Place Information > Place note
core_11-0,place.addressPlace1,place.addressplace1,Place Information > Address line 1
core_11-0,place.addressPlace2,place.addressplace2,Place Information > Address line 2
core_11-0,place.addressMunicipality,place.addressmunicipality,Place Information > Address municipality
core_11-0,place.addressStateOrProvince,place.addressstateorprovince,Place Information > Address state/province
core_11-0,place.addressPostCode,place.addresspostcode,Place Information > Address postal code
core_11-0,place.addressCountry,place.addresscountry,Place Information > Address country
core_11-0,place.addressType,place.addresstype,Place Information > Address type
core_11-0,place.vCoordinates,place.vcoordinates,Locality Information > Verbatim coords
core_11-0,place.vLatitude,place.vlatitude,Locality Information > Verbatim latitude
core_11-0,place.vLongitude,place.vlongitude,Locality Information > Verbatim longitude
core_11-0,place.vCoordSys,place.vcoordsys,Locality Information > Coordinate system
core_11-0,place.vSpatialReferenceSystem,place.vspatialreferencesystem,Locality Information > Spatial ref system
core_11-0,place.vElevation,place.velevation,Locality Information > Elevation
core_11-0,place.vDepth,place.vdepth,Locality Information > Depth
core_11-0,place.vDistanceAboveSurface,place.vdistanceabovesurface,Locality Information > Distance above surface
core_11-0,place.vUnitofMeasure,place.vunitofmeasure,Locality Information > Unit of measure
core_11-0,place.minElevationInMeters,place.minelevationinmeters,Locality Information > Min elevation (m)
core_11-0,place.maxElevationInMeters,place.maxelevationinmeters,Locality Information > Max elevation (m)
core_11-0,place.minDepthInMeters,place.mindepthinmeters,Locality Information > Min depth (m)
core_11-0,place.maxDepthInMeters,place.maxdepthinmeters,Locality Information > Max depth (m)
core_11-0,place.minDistanceAboveSurfaceInMeters,place.mindistanceabovesurfaceinmeters,Locality Information > Min distance above surface (m)
core_11-0,place.maxDistanceAboveSurfaceInMeters,place.maxdistanceabovesurfaceinmeters,Locality Information > Max distance above surface (m)
core_11-0,place.vCoordSource,place.vcoordsource,Locality Information > Coordinate source
core_11-0,place.vCoordSourceRefId,place.vcoordsourcerefid,Locality Information > Coordinate source detail
core_11-0,place.decimalLatitude,place.decimallatitude,Georeference Information > Georeference decimal latitude
core_11-0,place.decimalLongitude,place.decimallongitude,Georeference Information > Georeference decimal longitude
core_11-0,place.geodeticDatum,place.geodeticdatum,Georeference Information > Georeference datum
core_11-0,place.coordUncertaintyInMeters,place.coorduncertaintyinmeters,Georeference Information > Georeference uncertainty (m)
core_11-0,place.coordPrecision,place.coordprecision,Georeference Information > Georeference precision
core_11-0,place.pointRadiusSpatialFit,place.pointradiusspatialfit,Georeference Information > Georeference point radius spatial fit
core_11-0,place.footprintWKT,place.footprintwkt,Georeference Information > Georeference footprint WKT
core_11-0,place.footprintSRS,place.footprintsrs,Georeference Information > Georeference footprint SRS
core_11-0,place.footprintSpatialFit,place.footprintspatialfit,Georeference Information > Georeference footprint spatial fit
core_11-0,place.geoReferencedBy,place.georeferencedby,Georeference Information > Georeferenced by
core_11-0,place.geoRefDateGroup,place.georefdategroup,Georeference Information > Georeference date
core_11-0,place.geoRefProtocol,place.georefprotocol,Georeference Information > Georeference protocol
core_11-0,place.geoRefSource,place.georefsource,Georeference Information > Georeference source
core_11-0,place.geoRefVerificationStatus,place.georefverificationstatus,Georeference Information > Georeference verification
core_11-0,place.geoRefRemarks,place.georefremarks,Georeference Information > Georeference remarks
core_11-0,place.geoRefPlaceName,place.georefplacename,Georeference Information > Georeference place name
core_11-0,place.assocPerson,place.assocperson,Associated Authorities > Associated person
core_11-0,place.assocPersonType,place.assocpersontype,Associated Authorities > Associated person relationship/type
core_11-0,place.assocPersonStructuredDateGroup,place.assocpersonstructureddategroup,Associated Authorities > Associated person date
core_11-0,place.assocPersonCitation,place.assocpersoncitation,Associated Authorities > Associated person citation
core_11-0,place.assocPersonNote,place.assocpersonnote,Associated Authorities > Associated person note
core_11-0,place.assocPeople,place.assocpeople,Associated Authorities > Associated people
core_11-0,place.assocPeopleType,place.assocpeopletype,Associated Authorities > Associated people relationship/type
core_11-0,place.assocPeopleStructuredDateGroup,place.assocpeoplestructureddategroup,Associated Authorities > Associated people date
core_11-0,place.assocPeopleCitation,place.assocpeoplecitation,Associated Authorities > Associated people citation
core_11-0,place.assocPeopleNote,place.assocpeoplenote,Associated Authorities > Associated people note
core_11-0,place.assocOrganization,place.assocorganization,Associated Authorities > Associated organization
core_11-0,place.assocOrganizationType,place.assocorganizationtype,Associated Authorities > Associated organization relationship/type
core_11-0,place.assocOrganizationStructuredDateGroup,place.assocorganizationstructureddategroup,Associated Authorities > Associated organization date
core_11-0,place.assocOrganizationCitation,place.assocorganizationcitation,Associated Authorities > Associated organization citation
core_11-0,place.assocOrganizationNote,place.assocorganizationnote,Associated Authorities > Associated organization note
core_11-0,place.assocConcept,place.assocconcept,Associated Authorities > Associated concept
core_11-0,place.assocConceptType,place.assocconcepttype,Associated Authorities > Associated concept relationship/type
core_11-0,place.assocConceptStructuredDateGroup,place.assocconceptstructureddategroup,Associated Authorities > Associated concept date
core_11-0,place.assocConceptCitation,place.assocconceptcitation,Associated Authorities > Associated concept citation
core_11-0,place.assocConceptNote,place.assocconceptnote,Associated Authorities > Associated concept note
core_11-0,place.assocPlace,place.assocplace,Associated Authorities > Associated place
core_11-0,place.assocPlaceType,place.assocplacetype,Associated Authorities > Associated place relationship/type
core_11-0,place.assocPlaceStructuredDateGroup,place.assocplacestructureddategroup,Associated Authorities > Associated place date
core_11-0,place.assocPlaceCitation,place.assocplacecitation,Associated Authorities > Associated place citation
core_11-0,place.assocPlaceNote,place.assocplacenote,Associated Authorities > Associated place note
core_11-0,place.assocChronology,place.assocchronology,Associated Authorities > Associated event/era
core_11-0,place.assocChronologyType,place.assocchronologytype,Associated Authorities > Associated event/era relationship/type
core_11-0,place.assocChronologyStructuredDateGroup,place.assocchronologystructureddategroup,Associated Authorities > Associated event/era date
core_11-0,place.assocChronologyCitation,place.assocchronologycitation,Associated Authorities > Associated event/era citation
core_11-0,place.assocChronologyNote,place.assocchronologynote,Associated Authorities > Associated event/era note
core_11-0,transport.transportReferenceNumber,transport.transportreferencenumber,Transport Information > Transport reference number
core_11-0,transport.transportMethod,transport.transportmethod,Transport Information > Transport method
core_11-0,transport.numberOfCrates,transport.numberofcrates,Transport Information > Number of crates/objects
core_11-0,transport.transporter,transport.transporter,Transport Information > Transporter > Transporter name
core_11-0,transport.transporterContact,transport.transportercontact,Transport Information > Transporter > Transporter contact
core_11-0,transport.transporterContactNumber,transport.transportercontactnumber,Transport Information > Transporter > Transporter contact number
core_11-0,transport.transportAuthorizer,transport.transportauthorizer,Transport Information > Authorization > Transport authorizer
core_11-0,transport.transportAuthorizationDate,transport.transportauthorizationdate,Transport Information > Authorization > Authorization date
core_11-0,transport.transportTrackingNumber,transport.transporttrackingnumber,Transport Information > Tracking number
core_11-0,transport.transportTrackingNumberNote,transport.transporttrackingnumbernote,Transport Information > Tracking number note
core_11-0,transport.departurePoint,transport.departurepoint,Transport Information > Departure > Departure point
core_11-0,transport.transportDepartureDate,transport.transportdeparturedate,Transport Information > Departure > Departure date
core_11-0,transport.transportDepartureTime,transport.transportdeparturetime,Transport Information > Departure > Departure time
core_11-0,transport.destination,transport.destination,Transport Information > Arrival > Arrival point
core_11-0,transport.transportArrivalDate,transport.transportarrivaldate,Transport Information > Arrival > Arrival date
core_11-0,transport.transportArrivalTime,transport.transportarrivaltime,Transport Information > Arrival > Arrival time
core_11-0,transport.courier,transport.courier,Transport Information > Courier name
core_11-0,transport.courierContactNumber,transport.couriercontactnumber,Transport Information > Courier contact number
core_11-0,transport.transportRemarks,transport.transportremarks,Transport Information > Note
core_11-0,transport.transportCostType,transport.transportcosttype,Cost Information > Transport cost type
core_11-0,transport.transportCostResponsibleParty,transport.transportcostresponsibleparty,Cost Information > Transport cost responsible party
core_11-0,transport.insuranceCostResponsibleParty,transport.insurancecostresponsibleparty,Cost Information > Insurance/indemnity cost responsible party
core_11-0,transport.finalShippingCostCurrency,transport.finalshippingcostcurrency,Cost Information > Final shipping cost > Final shipping cost currency
core_11-0,transport.finalShippingCostValue,transport.finalshippingcostvalue,Cost Information > Final shipping cost > Final shipping cost value
core_11-0,transport.customsBroker,transport.customsbroker,Cost Information > Customs broker > Customs broker name
core_11-0,transport.customsBrokerContact,transport.customsbrokercontact,Cost Information > Customs broker > Customs broker contact
core_11-0,transport.customsDeclaredValueCurrency,transport.customsdeclaredvaluecurrency,Cost Information > Declared value for customs > Declared value for customs currency
core_11-0,transport.customsDeclaredValueAmount,transport.customsdeclaredvalueamount,Cost Information > Declared value for customs > Declared value for customs amount
core_11-0,transport.customsFeeCurrency,transport.customsfeecurrency,Cost Information > Customs fee > Customs fee currency
core_11-0,transport.customsFeeValue,transport.customsfeevalue,Cost Information > Customs fee > Customs fee value
core_11-0,transport.customsFeeNote,transport.customsfeenote,Cost Information > Customs fee > Customs fee note
core_11-0,transport.additionalCostsType,transport.additionalcoststype,Cost Information > Additional cost type
core_11-0,transport.additionalCostsCurrency,transport.additionalcostscurrency,Cost Information > Additional cost currency
core_11-0,transport.additionalCostsValue,transport.additionalcostsvalue,Cost Information > Additional cost value
core_11-0,transport.shippingQuoteProvider,transport.shippingquoteprovider,Cost Information > Shipping quote provider
core_11-0,transport.shippingQuoteCurrency,transport.shippingquotecurrency,Cost Information > Shipping quote currency
core_11-0,transport.shippingQuoteValue,transport.shippingquotevalue,Cost Information > Shipping quote value
core_11-0,transport.shippingQuoteDate,transport.shippingquotedate,Cost Information > Shipping quote date
core_11-0,uoc.referenceNumber,uoc.referencenumber,Use of Collections Information > Reference number
core_11-0,uoc.method,uoc.method,Use of Collections Information > Method
core_11-0,uoc.collectionType,uoc.collectiontype,Use of Collections Information > Collection type
core_11-0,uoc.projectId,uoc.projectid,Use of Collections Information > Project ID
core_11-0,uoc.subcollection,uoc.subcollection,Use of Collections Information > Subcollection
core_11-0,uoc.materialType,uoc.materialtype,Use of Collections Information > Material type
core_11-0,uoc.user,uoc.user,Use of Collections Information > User name
core_11-0,uoc.userUocRole,uoc.useruocrole,Use of Collections Information > User role
core_11-0,uoc.userInstitution,uoc.userinstitution,Use of Collections Information > User institution
core_11-0,uoc.userInstitutionRole,uoc.userinstitutionrole,Use of Collections Information > User institution role
core_11-0,uoc.title,uoc.title,Use of Collections Information > Title
core_11-0,uoc.dateRequested,uoc.daterequested,Use of Collections Information > Date requested
core_11-0,uoc.dateCompleted,uoc.datecompleted,Use of Collections Information > Date completed
core_11-0,uoc.occasion,uoc.occasion,Use of Collections Information > Occasion
core_11-0,uoc.projectDescription,uoc.projectdescription,Use of Collections Information > Project description
core_11-0,uoc.authorizedBy,uoc.authorizedby,Use of Collections Information > Authorized by
core_11-0,uoc.authorizationDate,uoc.authorizationdate,Use of Collections Information > Authorization date
core_11-0,uoc.authorizationStatus,uoc.authorizationstatus,Use of Collections Information > Authorization status
core_11-0,uoc.authorizationNote,uoc.authorizationnote,Use of Collections Information > Authorization note
core_11-0,uoc.useDate,uoc.usedate,Use of Collections Information > Start/ongoing date
core_11-0,uoc.useDateTimeNote,uoc.usedatetimenote,Use of Collections Information > Start/ongoing date time note
core_11-0,uoc.useDateNumberOfVisitors,uoc.usedatenumberofvisitors,Use of Collections Information > Start/ongoing date no. of visitors
core_11-0,uoc.useDateHoursSpent,uoc.usedatehoursspent,Use of Collections Information > Start/ongoing date hours spent
core_11-0,uoc.useDateVisitorNote,uoc.usedatevisitornote,Use of Collections Information > Start/ongoing date visitor note
core_11-0,uoc.endDate,uoc.enddate,Use of Collections Information > End date
core_11-0,uoc.staffName,uoc.staffname,Use of Collections Information > Staff name
core_11-0,uoc.staffRole,uoc.staffrole,Use of Collections Information > Staff role
core_11-0,uoc.staffHours,uoc.staffhours,Use of Collections Information > Staff hours spent
core_11-0,uoc.staffNote,uoc.staffnote,Use of Collections Information > Staff note
core_11-0,uoc.location,uoc.location,Use of Collections Information > Location
core_11-0,uoc.feeCurrency,uoc.feecurrency,Use of Collections Information > Fee currency
core_11-0,uoc.feeValue,uoc.feevalue,Use of Collections Information > Fee value
core_11-0,uoc.feePaid,uoc.feepaid,Use of Collections Information > Fee paid
core_11-0,uoc.feeNote,uoc.feenote,Use of Collections Information > Fee note
core_11-0,uoc.note,uoc.note,Use of Collections Information > Note
core_11-0,uoc.provisos,uoc.provisos,Use of Collections Information > Provisos
core_11-0,uoc.obligationsFulfilled,uoc.obligationsfulfilled,Use of Collections Information > Obligations fulfilled
core_11-0,uoc.result,uoc.result,Use of Collections Information > Result
core_11-0,restrictedmedia.identificationNumber,restrictedmedia.identificationnumber,Media Handling Information > Identification number
core_11-0,restrictedmedia.title,restrictedmedia.title,Media Handling Information > Title
core_11-0,restrictedmedia.publishTo,restrictedmedia.publishto,Media Handling Information > Publish to
core_11-0,restrictedmedia.name,restrictedmedia.name,File Information > Name
core_11-0,restrictedmedia.mimeType,restrictedmedia.mimetype,File Information > Type
core_11-0,restrictedmedia.length,restrictedmedia.length,File Information > Size
core_11-0,restrictedmedia.externalUrl,restrictedmedia.externalurl,Media Handling Information > External URL
core_11-0,restrictedmedia.measuredPart,restrictedmedia.measuredpart,Media Handling Information > Measured part
core_11-0,restrictedmedia.dimensionSummary,restrictedmedia.dimensionsummary,Media Handling Information > Dimension summary
core_11-0,restrictedmedia.dimension,restrictedmedia.dimension,Media Handling Information > Measurement dimension
core_11-0,restrictedmedia.measuredBy,restrictedmedia.measuredby,Media Handling Information > Measured by
core_11-0,restrictedmedia.measurementMethod,restrictedmedia.measurementmethod,Media Handling Information > Measurement method
core_11-0,restrictedmedia.value,restrictedmedia.value,Media Handling Information > Measurement value
core_11-0,restrictedmedia.measurementUnit,restrictedmedia.measurementunit,Media Handling Information > Measurement unit
core_11-0,restrictedmedia.valueQualifier,restrictedmedia.valuequalifier,Media Handling Information > Measurement qualifier
core_11-0,restrictedmedia.valueDate,restrictedmedia.valuedate,Media Handling Information > Measurement date
core_11-0,restrictedmedia.measuredPartNote,restrictedmedia.measuredpartnote,Media Handling Information > Dimension note
core_11-0,restrictedmedia.checksumValue,restrictedmedia.checksumvalue,Media Handling Information > Checksum value
core_11-0,restrictedmedia.checksumType,restrictedmedia.checksumtype,Media Handling Information > Checksum type
core_11-0,restrictedmedia.checksumDate,restrictedmedia.checksumdate,Media Handling Information > Checksum date
core_11-0,restrictedmedia.contributor,restrictedmedia.contributor,Media Handling Information > Contributor
core_11-0,restrictedmedia.creator,restrictedmedia.creator,Media Handling Information > Creator
core_11-0,restrictedmedia.language,restrictedmedia.language,Media Handling Information > Language
core_11-0,restrictedmedia.publisher,restrictedmedia.publisher,Media Handling Information > Publisher
core_11-0,restrictedmedia.relation,restrictedmedia.relation,Media Handling Information > Relation
core_11-0,restrictedmedia.copyrightStatement,restrictedmedia.copyrightstatement,Media Handling Information > Copyright statement
core_11-0,restrictedmedia.type,restrictedmedia.type,Media Handling Information > Type
core_11-0,restrictedmedia.coverage,restrictedmedia.coverage,Media Handling Information > Coverage
core_11-0,restrictedmedia.dateGroup,restrictedmedia.dategroup,Media Handling Information > Date
core_11-0,restrictedmedia.source,restrictedmedia.source,Media Handling Information > Source
core_11-0,restrictedmedia.subject,restrictedmedia.subject,Media Handling Information > Subject
core_11-0,restrictedmedia.rightsHolder,restrictedmedia.rightsholder,Media Handling Information > Rights holder
core_11-0,restrictedmedia.description,restrictedmedia.description,Media Handling Information > Description
core_11-0,restrictedmedia.altText,restrictedmedia.alttext,Media Handling Information > Alt text
core_11-0,restrictedmedia.mediaFileURI,restrictedmedia.mediafileuri,""
core_11-0,summarydocumentation.documentationNumber,summarydocumentation.documentationnumber,Summary Documentation Information > Summary/documentation number
core_11-0,summarydocumentation.title,summarydocumentation.title,Summary Documentation Information > Title
core_11-0,summarydocumentation.type,summarydocumentation.type,Summary Documentation Information > Type
core_11-0,summarydocumentation.originationDate,summarydocumentation.originationdate,Summary Documentation Information > Origination date
core_11-0,summarydocumentation.consultationNote,summarydocumentation.consultationnote,Summary Documentation Information > Consultation note
core_11-0,summarydocumentation.treatmentNote,summarydocumentation.treatmentnote,Summary Documentation Information > Treatment note
core_11-0,summarydocumentation.note,summarydocumentation.note,Summary Documentation Information > Note
core_11-0,summarydocumentation.involvedParty,summarydocumentation.involvedparty,Summary Documentation Information > Parties involved person
core_11-0,summarydocumentation.involvedOnBehalfOf,summarydocumentation.involvedonbehalfof,Summary Documentation Information > Parties involved on behalf of
core_11-0,summarydocumentation.involvedRole,summarydocumentation.involvedrole,Summary Documentation Information > Parties involved role
core_11-0,summarydocumentation.tribeOrNation,summarydocumentation.tribeornation,Summary Documentation Information > Summary affiliation tribe/nation
core_11-0,summarydocumentation.includeInNotice,summarydocumentation.includeinnotice,Summary Documentation Information > Summary affiliation include in notice
core_11-0,summarydocumentation.determinedBy,summarydocumentation.determinedby,Summary Documentation Information > Summary affiliation determined by
core_11-0,summarydocumentation.determinationDate,summarydocumentation.determinationdate,Summary Documentation Information > Summary affiliation determination date
core_11-0,summarydocumentation.basisOfDetermination,summarydocumentation.basisofdetermination,Summary Documentation Information > Summary affiliation basis of determination
core_11-0,summarydocumentation.determinationNote,summarydocumentation.determinationnote,Summary Documentation Information > Summary affiliation determination note
core_11-0,summarydocumentation.statusGroupType,summarydocumentation.statusgrouptype,Summary Documentation Information > Summary documentation status group
core_11-0,summarydocumentation.statusIndividual,summarydocumentation.statusindividual,Summary Documentation Information > Summary documentation status individual
core_11-0,summarydocumentation.status,summarydocumentation.status,Summary Documentation Information > Summary documentation status
core_11-0,summarydocumentation.statusDate,summarydocumentation.statusdate,Summary Documentation Information > Summary documentation status date
core_11-0,summarydocumentation.statusNote,summarydocumentation.statusnote,Summary Documentation Information > Summary documentation status note
core_11-0,summarydocumentation.geographicPlace,summarydocumentation.geographicplace,Context > Place represented name
core_11-0,summarydocumentation.geographicPlaceNote,summarydocumentation.geographicplacenote,Context > Place represented note
core_11-0,summarydocumentation.culture,summarydocumentation.culture,Context > Cultural group name
core_11-0,summarydocumentation.cultureNote,summarydocumentation.culturenote,Context > Cultural group note
core_11-0,summarydocumentation.timePeriod,summarydocumentation.timeperiod,Context > Time period era
core_11-0,summarydocumentation.timePeriodNote,summarydocumentation.timeperiodnote,Context > Time period note
core_11-0,summarydocumentation.archaeologicalSite,summarydocumentation.archaeologicalsite,Context > Archaeological site name
core_11-0,summarydocumentation.archaeologicalSiteNote,summarydocumentation.archaeologicalsitenote,Context > Archaeological site note
core_11-0,valuation.valuationcontrolRefNumber,valuation.valuationcontrolrefnumber,Object Valuation Information > Reference number
core_11-0,valuation.valueCurrency,valuation.valuecurrency,Object Valuation Information > Amount currency
core_11-0,valuation.valueAmount,valuation.valueamount,Object Valuation Information > Amount value
core_11-0,valuation.valueDate,valuation.valuedate,Object Valuation Information > Date
core_11-0,valuation.valueRenewalDate,valuation.valuerenewaldate,Object Valuation Information > Renewal date
core_11-0,valuation.valueSource,valuation.valuesource,Object Valuation Information > Source
core_11-0,valuation.valueType,valuation.valuetype,Object Valuation Information > Type
core_11-0,valuation.valueNote,valuation.valuenote,Object Valuation Information > Note
core_11-0,work.termDisplayName,work.termdisplayname,Work Information > Term display name
core_11-0,work.termName,work.termname,Work Information > Term name
core_11-0,work.termQualifier,work.termqualifier,Work Information > Term qualifier
core_11-0,work.termStatus,work.termstatus,Work Information > Term status
core_11-0,work.termType,work.termtype,Work Information > Term type
core_11-0,work.termFlag,work.termflag,Work Information > Term flag
core_11-0,work.termLanguage,work.termlanguage,Work Information > Term language
core_11-0,work.termPrefForLang,work.termprefforlang,Work Information > Term preferred for lang
core_11-0,work.termSource,work.termsource,Work Information > Source > Term source name
core_11-0,work.termSourceDetail,work.termsourcedetail,Work Information > Source > Term source detail
core_11-0,work.termSourceID,work.termsourceid,Work Information > Source > Term source ID
core_11-0,work.termSourceNote,work.termsourcenote,Work Information > Source > Term source note
core_11-0,work.workType,work.worktype,Work Information > Work type
core_11-0,work.workDateGroup,work.workdategroup,Work Information > Work date
core_11-0,work.workHistoryNote,work.workhistorynote,Work Information > History note
core_11-0,work.creator,work.creator,Work Information > Creator name
core_11-0,work.creatorType,work.creatortype,Work Information > Creator type
core_11-0,work.publisher,work.publisher,Work Information > Publisher name
core_11-0,work.publisherType,work.publishertype,Work Information > Publisher type
core_11-0,work.addressPlace1,work.addressplace1,Work Information > Address line 1
core_11-0,work.addressPlace2,work.addressplace2,Work Information > Address line 2
core_11-0,work.addressMunicipality,work.addressmunicipality,Work Information > Address municipality
core_11-0,work.addressStateOrProvince,work.addressstateorprovince,Work Information > Address state/province
core_11-0,work.addressPostCode,work.addresspostcode,Work Information > Address postal code
core_11-0,work.addressCountry,work.addresscountry,Work Information > Address country
core_11-0,work.addressType,work.addresstype,Work Information > Address type
publicart_8-0,acquisition.acquisitionReferenceNumber,acquisition.acquisitionreferencenumber,Acquisition Information > Reference number
publicart_8-0,acquisition.alternativeIdentifier,acquisition.alternativeidentifier,Acquisition Information > Alternative identifier
publicart_8-0,acquisition.alternativeIdentifierNote,acquisition.alternativeidentifiernote,Acquisition Information > Alternative identifier note
publicart_8-0,acquisition.accessionDate,acquisition.accessiondate,Acquisition Information > Accession date
publicart_8-0,acquisition.acquisitionAuthorizer,acquisition.acquisitionauthorizer,Acquisition Information > Authorization > Authorizer
publicart_8-0,acquisition.acquisitionAuthorizerDate,acquisition.acquisitionauthorizerdate,Acquisition Information > Authorization > Authorization date
publicart_8-0,acquisition.acquisitionDate,acquisition.acquisitiondate,Acquisition Information > Acquisition date
publicart_8-0,acquisition.acquisitionMethod,acquisition.acquisitionmethod,Acquisition Information > Acquisition method
publicart_8-0,acquisition.acquisitionSource,acquisition.acquisitionsource,Acquisition Information > Acquisition source
publicart_8-0,acquisition.owner,acquisition.owner,Acquisition Information > Owner
publicart_8-0,acquisition.acquisitionDescription,acquisition.acquisitiondescription,Acquisition Information > Acquisition description
publicart_8-0,acquisition.acquisitionReason,acquisition.acquisitionreason,Acquisition Information > Acquisition reason
publicart_8-0,acquisition.approvalGroup,acquisition.approvalgroup,Acquisition Information > Approval group > Approval group
publicart_8-0,acquisition.approvalIndividual,acquisition.approvalindividual,Acquisition Information > Approval group > Approval individual
publicart_8-0,acquisition.approvalStatus,acquisition.approvalstatus,Acquisition Information > Approval group > Approval status
publicart_8-0,acquisition.approvalDate,acquisition.approvaldate,Acquisition Information > Approval group > Approval status date
publicart_8-0,acquisition.approvalNote,acquisition.approvalnote,Acquisition Information > Approval group > Approval note
publicart_8-0,acquisition.acquisitionNote,acquisition.acquisitionnote,Acquisition Information > Note
publicart_8-0,acquisition.acquisitionFundingCurrency,acquisition.acquisitionfundingcurrency,Acquisition Information > Funding currency
publicart_8-0,acquisition.acquisitionFundingValue,acquisition.acquisitionfundingvalue,Acquisition Information > Funding value
publicart_8-0,acquisition.acquisitionFundingSource,acquisition.acquisitionfundingsource,Acquisition Information > Funding source
publicart_8-0,acquisition.acquisitionFundingSourceProvisos,acquisition.acquisitionfundingsourceprovisos,Acquisition Information > Funding source provisos
publicart_8-0,acquisition.creditLine,acquisition.creditline,Acquisition Information > Credit line
publicart_8-0,acquisition.commissioningBody,acquisition.commissioningbody,Commission Information > Commissioning body
publicart_8-0,acquisition.commissionDate,acquisition.commissiondate,Commission Information > Commission date
publicart_8-0,acquisition.commissionBudgetType,acquisition.commissionbudgettype,Commission Information > Budget type
publicart_8-0,acquisition.commissionBudgetTypeNote,acquisition.commissionbudgettypenote,Commission Information > Budget note
publicart_8-0,acquisition.commissionProjectedValueCurrency,acquisition.commissionprojectedvaluecurrency,Commission Information > Projected value > Projected value currency
publicart_8-0,acquisition.commissionProjectedValueAmount,acquisition.commissionprojectedvalueamount,Commission Information > Projected value > Projected value amount
publicart_8-0,acquisition.commissionActualValueCurrency,acquisition.commissionactualvaluecurrency,Commission Information > Actual value > Actual value currency
publicart_8-0,acquisition.commissionActualValueAmount,acquisition.commissionactualvalueamount,Commission Information > Actual value > Actual value amount
publicart_8-0,citation.termDisplayName,citation.termdisplayname,Citation Information > Term display name
publicart_8-0,citation.termStatus,citation.termstatus,Citation Information > Term status
publicart_8-0,citation.termType,citation.termtype,Citation Information > Term type
publicart_8-0,citation.termFlag,citation.termflag,Citation Information > Term flag
publicart_8-0,citation.termLanguage,citation.termlanguage,Citation Information > Term language
publicart_8-0,citation.termPrefForLang,citation.termprefforlang,Citation Information > Term preferred for lang
publicart_8-0,citation.termFullCitation,citation.termfullcitation,Citation Information > Term full citation
publicart_8-0,citation.termTitle,citation.termtitle,Citation Information > Term title
publicart_8-0,citation.termSubTitle,citation.termsubtitle,Citation Information > Term subtitle
publicart_8-0,citation.termSectionTitle,citation.termsectiontitle,Citation Information > Term section title
publicart_8-0,citation.termVolume,citation.termvolume,Citation Information > Term volume
publicart_8-0,citation.termIssue,citation.termissue,Citation Information > Term issue
publicart_8-0,citation.termSource,citation.termsource,Citation Information > Source > Term source name
publicart_8-0,citation.termSourceDetail,citation.termsourcedetail,Citation Information > Source > Term source detail
publicart_8-0,citation.termSourceID,citation.termsourceid,Citation Information > Source > Term source ID
publicart_8-0,citation.termSourceNote,citation.termsourcenote,Citation Information > Source > Term source note
publicart_8-0,citation.publisher,citation.publisher,Citation Information > Publisher
publicart_8-0,citation.publicationPlace,citation.publicationplace,Citation Information > Publication place
publicart_8-0,citation.publicationDate,citation.publicationdate,Citation Information > Publication date
publicart_8-0,citation.edition,citation.edition,Citation Information > Publication edition
publicart_8-0,citation.pages,citation.pages,Citation Information > Publication page(s)
publicart_8-0,citation.agent,citation.agent,Citation Information > Agent name
publicart_8-0,citation.role,citation.role,Citation Information > Agent role
publicart_8-0,citation.note,citation.note,Citation Information > Agent note
publicart_8-0,citation.citationNote,citation.citationnote,Citation Information > Note
publicart_8-0,citation.resourceIdent,citation.resourceident,Citation Information > Resource identifier
publicart_8-0,citation.type,citation.type,Citation Information > Resource identifier type
publicart_8-0,citation.captureDate,citation.capturedate,Citation Information > Resource identifier capture date
publicart_8-0,citation.relatedTerm,citation.relatedterm,Citation Information > Related term
publicart_8-0,citation.relationType,citation.relationtype,Citation Information > Related term type
publicart_8-0,collectionobject.objectNumber,collectionobject.objectnumber,Object Identification Information > Artwork ID
publicart_8-0,collectionobject.responsibleDepartment,collectionobject.responsibledepartment,Object Identification Information > Program name
publicart_8-0,collectionobject.publicartCollection,collectionobject.publicartcollection,Object Identification Information > Collection
publicart_8-0,collectionobject.recordStatus,collectionobject.recordstatus,Object Identification Information > Record status
publicart_8-0,collectionobject.publishTo,collectionobject.publishto,Object Identification Information > Publish to
publicart_8-0,collectionobject.inventoryStatus,collectionobject.inventorystatus,Object Identification Information > Installation type
publicart_8-0,collectionobject.briefDescription,collectionobject.briefdescription,Object Identification Information > Artwork description
publicart_8-0,collectionobject.contentConcept,collectionobject.contentconcept,Object Identification Information > Artwork tag
publicart_8-0,collectionobject.distinguishingFeatures,collectionobject.distinguishingfeatures,Object Identification Information > Distinguishing features
publicart_8-0,collectionobject.comment,collectionobject.comment,Object Identification Information > Comment
publicart_8-0,collectionobject.computedCurrentLocation,collectionobject.computedcurrentlocation,Object Identification Information > Computed current location
publicart_8-0,collectionobject.homeLocation,collectionobject.homelocation,Object Identification Information > Home location
publicart_8-0,collectionobject.homeLocationNote,collectionobject.homelocationnote,Object Identification Information > Home location note
publicart_8-0,collectionobject.title,collectionobject.title,Object Identification Information > Title
publicart_8-0,collectionobject.titleLanguage,collectionobject.titlelanguage,Object Identification Information > Title language
publicart_8-0,collectionobject.titleType,collectionobject.titletype,Object Identification Information > Title type
publicart_8-0,collectionobject.titleTranslation,collectionobject.titletranslation,Object Identification Information > Title translation
publicart_8-0,collectionobject.titleTranslationLanguage,collectionobject.titletranslationlanguage,Object Identification Information > Title translation language
publicart_8-0,collectionobject.objectName,collectionobject.objectname,Object Identification Information > Work type
publicart_8-0,collectionobject.objectNameNote,collectionobject.objectnamenote,Object Identification Information > Work type note
publicart_8-0,collectionobject.objectCount,collectionobject.objectcount,Object Identification Information > Object count value
publicart_8-0,collectionobject.objectCountUnit,collectionobject.objectcountunit,Object Identification Information > Object count unit
publicart_8-0,collectionobject.objectCountType,collectionobject.objectcounttype,Object Identification Information > Object count type
publicart_8-0,collectionobject.objectCountCountedBy,collectionobject.objectcountcountedby,Object Identification Information > Object count counted by
publicart_8-0,collectionobject.objectCountDate,collectionobject.objectcountdate,Object Identification Information > Object count date
publicart_8-0,collectionobject.objectCountNote,collectionobject.objectcountnote,Object Identification Information > Object count note
publicart_8-0,collectionobject.owner,collectionobject.owner,Object Identification Information > Owner
publicart_8-0,collectionobject.material,collectionobject.material,Object Description Information > Material
publicart_8-0,collectionobject.materialComponentNote,collectionobject.materialcomponentnote,Object Description Information > Material note
publicart_8-0,collectionobject.measuredPart,collectionobject.measuredpart,Object Description Information > Measured part
publicart_8-0,collectionobject.dimensionSummary,collectionobject.dimensionsummary,Object Description Information > Dimension summary
publicart_8-0,collectionobject.dimension,collectionobject.dimension,Object Description Information > Measurement dimension
publicart_8-0,collectionobject.value,collectionobject.value,Object Description Information > Measurement value
publicart_8-0,collectionobject.measurementUnit,collectionobject.measurementunit,Object Description Information > Measurement unit
publicart_8-0,collectionobject.inscriptionContent,collectionobject.inscriptioncontent,Object Description Information > Textual Inscription > Textual inscription content
publicart_8-0,collectionobject.inscriptionContentInscriber,collectionobject.inscriptioncontentinscriber,Object Description Information > Textual Inscription > Textual inscription inscriber
publicart_8-0,collectionobject.inscriptionContentPosition,collectionobject.inscriptioncontentposition,Object Description Information > Textual Inscription > Textual inscription position
publicart_8-0,collectionobject.inscriptionContentType,collectionobject.inscriptioncontenttype,Object Description Information > Textual Inscription > Textual inscription type
publicart_8-0,collectionobject.publicartProductionDate,collectionobject.publicartproductiondate,Object Production Information > Artwork date
publicart_8-0,collectionobject.publicartProductionDateType,collectionobject.publicartproductiondatetype,Object Production Information > Artwork date type
publicart_8-0,collectionobject.publicartProductionPerson,collectionobject.publicartproductionperson,Object Production Information > Artwork creator name
publicart_8-0,collectionobject.publicartProductionPersonRole,collectionobject.publicartproductionpersonrole,Object Production Information > Artwork creator role
publicart_8-0,collectionobject.publicartProductionPersonType,collectionobject.publicartproductionpersontype,Object Production Information > Artwork creator type
publicart_8-0,collectionobject.objectProductionNote,collectionobject.objectproductionnote,Object Production Information > Production note
publicart_8-0,collectionobject.annotationType,collectionobject.annotationtype,Object Production Information > Annotation type
publicart_8-0,collectionobject.annotationDate,collectionobject.annotationdate,Object Production Information > Annotation date
publicart_8-0,collectionobject.annotationAuthor,collectionobject.annotationauthor,Object Production Information > Annotation author
publicart_8-0,collectionobject.annotationNote,collectionobject.annotationnote,Object Production Information > Annotation note
publicart_8-0,concept.termDisplayName,concept.termdisplayname,Concept Information > Term display name
publicart_8-0,concept.termName,concept.termname,Concept Information > Term name
publicart_8-0,concept.termQualifier,concept.termqualifier,Concept Information > Term qualifier
publicart_8-0,concept.termStatus,concept.termstatus,Concept Information > Term status
publicart_8-0,concept.termType,concept.termtype,Concept Information > Term type
publicart_8-0,concept.termFlag,concept.termflag,Concept Information > Term flag
publicart_8-0,concept.historicalStatus,concept.historicalstatus,Concept Information > Term historical status
publicart_8-0,concept.termLanguage,concept.termlanguage,Concept Information > Term language
publicart_8-0,concept.termPrefForLang,concept.termprefforlang,Concept Information > Term preferred for lang
publicart_8-0,concept.termSource,concept.termsource,Concept Information > Source > Term source name
publicart_8-0,concept.termSourceDetail,concept.termsourcedetail,Concept Information > Source > Term source detail
publicart_8-0,concept.termSourceID,concept.termsourceid,Concept Information > Source > Term source ID
publicart_8-0,concept.termSourceNote,concept.termsourcenote,Concept Information > Source > Term source note
publicart_8-0,concept.scopeNote,concept.scopenote,Concept Information > Scope note
publicart_8-0,conditioncheck.conditionCheckRefNumber,conditioncheck.conditioncheckrefnumber,Condition Check/Technical Assessment Information > Reference number
publicart_8-0,conditioncheck.conditionCheckAssessmentDate,conditioncheck.conditioncheckassessmentdate,Condition Check/Technical Assessment Information > Check/assessment date
publicart_8-0,conditioncheck.conditionCheckMethod,conditioncheck.conditioncheckmethod,Condition Check/Technical Assessment Information > Method
publicart_8-0,conditioncheck.conditionCheckReason,conditioncheck.conditioncheckreason,Condition Check/Technical Assessment Information > Reason
publicart_8-0,conditioncheck.conditionChecker,conditioncheck.conditionchecker,Condition Check/Technical Assessment Information > Checker/assessor
publicart_8-0,conditioncheck.conditionCheckNote,conditioncheck.conditionchecknote,Condition Check/Technical Assessment Information > Note
publicart_8-0,conditioncheck.objectAuditCategory,conditioncheck.objectauditcategory,Object Condition Information > Object audit category
publicart_8-0,conditioncheck.conservationTreatmentPriority,conditioncheck.conservationtreatmentpriority,Object Condition Information > Conservation treatment priority
publicart_8-0,conditioncheck.nextConditionCheckDate,conditioncheck.nextconditioncheckdate,Object Condition Information > Next check/assessment date
publicart_8-0,conditioncheck.completeness,conditioncheck.completeness,Object Condition Information > Completeness description
publicart_8-0,conditioncheck.completenessDate,conditioncheck.completenessdate,Object Condition Information > Completeness date
publicart_8-0,conditioncheck.completenessNote,conditioncheck.completenessnote,Object Condition Information > Completeness note
publicart_8-0,conditioncheck.techAssessment,conditioncheck.techassessment,Object Condition Information > Technical assessment description
publicart_8-0,conditioncheck.techAssessmentDate,conditioncheck.techassessmentdate,Object Condition Information > Technical assessment date
publicart_8-0,conditioncheck.condition,conditioncheck.condition,Object Condition Information > Condition description
publicart_8-0,conditioncheck.conditionDate,conditioncheck.conditiondate,Object Condition Information > Condition date
publicart_8-0,conditioncheck.conditionNote,conditioncheck.conditionnote,Object Condition Information > Condition note
publicart_8-0,conditioncheck.envConditionNote,conditioncheck.envconditionnote,Object Condition Information > Environmental condition note
publicart_8-0,conditioncheck.envConditionNoteDate,conditioncheck.envconditionnotedate,Object Condition Information > Environmental condition date
publicart_8-0,conditioncheck.displayRecommendations,conditioncheck.displayrecommendations,Object Recommendation/Requirement Information > Display recommendation
publicart_8-0,conditioncheck.handlingRecommendations,conditioncheck.handlingrecommendations,Object Recommendation/Requirement Information > Handling recommendation
publicart_8-0,conditioncheck.installationRecommendations,conditioncheck.installationrecommendations,Object Recommendation/Requirement Information > Installation recommendation
publicart_8-0,conditioncheck.envRecommendations,conditioncheck.envrecommendations,Object Recommendation/Requirement Information > Environmental recommendation
publicart_8-0,conditioncheck.specialRequirements,conditioncheck.specialrequirements,Object Recommendation/Requirement Information > Special requirement
publicart_8-0,conditioncheck.legalRequirements,conditioncheck.legalrequirements,Object Recommendation/Requirement Information > Legal requirement
publicart_8-0,conditioncheck.legalReqsHeld,conditioncheck.legalreqsheld,Object Recommendation/Requirement Information > Legal/license requirement held description
publicart_8-0,conditioncheck.legalReqsHeldBeginDate,conditioncheck.legalreqsheldbegindate,Object Recommendation/Requirement Information > Legal/license requirement held begin date
publicart_8-0,conditioncheck.legalReqsHeldEndDate,conditioncheck.legalreqsheldenddate,Object Recommendation/Requirement Information > Legal/license requirement held end date
publicart_8-0,conditioncheck.legalReqsHeldRenewDate,conditioncheck.legalreqsheldrenewdate,Object Recommendation/Requirement Information > Legal/license requirement held renewal date
publicart_8-0,conservation.conservationNumber,conservation.conservationnumber,Conservation Treatment Information > Reference number
publicart_8-0,conservation.status,conservation.status,Conservation Treatment Information > Procedural status
publicart_8-0,conservation.statusDate,conservation.statusdate,Conservation Treatment Information > Procedural status date
publicart_8-0,conservation.conservationPriorityLevel,conservation.conservationprioritylevel,Conservation Treatment Information > Priority level
publicart_8-0,conservation.treatmentPurpose,conservation.treatmentpurpose,Conservation Treatment Information > Treatment purpose
publicart_8-0,conservation.conservator,conservation.conservator,Conservation Treatment Information > Conservator
publicart_8-0,conservation.otherParty,conservation.otherparty,Conservation Treatment Information > Other treatment party name
publicart_8-0,conservation.otherPartyRole,conservation.otherpartyrole,Conservation Treatment Information > Other treatment party role
publicart_8-0,conservation.otherPartyNote,conservation.otherpartynote,Conservation Treatment Information > Other treatment party note
publicart_8-0,conservation.examinationStaff,conservation.examinationstaff,Conservation Treatment Information > Examination staff
publicart_8-0,conservation.examinationPhase,conservation.examinationphase,Conservation Treatment Information > Examination phase of treatment
publicart_8-0,conservation.examinationDate,conservation.examinationdate,Conservation Treatment Information > Examination date
publicart_8-0,conservation.examinationNote,conservation.examinationnote,Conservation Treatment Information > Examination note
publicart_8-0,conservation.fabricationNote,conservation.fabricationnote,Conservation Treatment Information > Fabrication note
publicart_8-0,conservation.proposedTreatment,conservation.proposedtreatment,Conservation Treatment Information > Proposed treatment
publicart_8-0,conservation.proposedTreatmentStartDate,conservation.proposedtreatmentstartdate,Conservation Treatment Information > Proposed treatment start date
publicart_8-0,conservation.proposedTreatmentEndDate,conservation.proposedtreatmentenddate,Conservation Treatment Information > Proposed treatment end date
publicart_8-0,conservation.proposedTreatmentEstCurrency,conservation.proposedtreatmentestcurrency,Conservation Treatment Information > Proposed treatment estimate > Proposed treatment estimate currency
publicart_8-0,conservation.proposedTreatmentEstValue,conservation.proposedtreatmentestvalue,Conservation Treatment Information > Proposed treatment estimate > Proposed treatment estimate value
publicart_8-0,conservation.proposedTreatmentContractRestrictions,conservation.proposedtreatmentcontractrestrictions,Conservation Treatment Information > Proposed treatment contract restrictions
publicart_8-0,conservation.approvedBy,conservation.approvedby,Conservation Treatment Information > Approved by
publicart_8-0,conservation.approvedDate,conservation.approveddate,Conservation Treatment Information > Approval date
publicart_8-0,conservation.treatmentSummary,conservation.treatmentsummary,Conservation Treatment Information > Treatment summary
publicart_8-0,conservation.treatmentStartDate,conservation.treatmentstartdate,Conservation Treatment Information > Treatment start date
publicart_8-0,conservation.treatmentEndDate,conservation.treatmentenddate,Conservation Treatment Information > Treatment end date
publicart_8-0,conservation.treatmentCostCurrency,conservation.treatmentcostcurrency,Conservation Treatment Information > Treatment cost > Treatment cost currency
publicart_8-0,conservation.treatmentCostValue,conservation.treatmentcostvalue,Conservation Treatment Information > Treatment cost > Treatment cost value
publicart_8-0,conservation.proposedAnalysis,conservation.proposedanalysis,Object Analysis Information > Proposed analysis
publicart_8-0,conservation.researcher,conservation.researcher,Object Analysis Information > Analysis researcher
publicart_8-0,conservation.proposedAnalysisDate,conservation.proposedanalysisdate,Object Analysis Information > Analysis proposal date
publicart_8-0,conservation.analysisMethod,conservation.analysismethod,Object Analysis Information > Analytical methodology
publicart_8-0,conservation.analysisResults,conservation.analysisresults,Object Analysis Information > Analytical result
publicart_8-0,conservation.analysisRecommendations,conservation.analysisrecommendations,Object Analysis Information > Analyst recommendations
publicart_8-0,deaccession.deaccessionNumber,deaccession.deaccessionnumber,Deaccession Information > Deaccession number
publicart_8-0,deaccession.deaccessionReason,deaccession.deaccessionreason,Deaccession Information > Deaccession reason
publicart_8-0,deaccession.deaccessionDate,deaccession.deaccessiondate,Deaccession Information > Deaccession date
publicart_8-0,deaccession.deaccessionRationale,deaccession.deaccessionrationale,Deaccession Information > Deaccession rationale
publicart_8-0,deaccession.deaccessionNote,deaccession.deaccessionnote,Deaccession Information > Deaccession note
publicart_8-0,deaccession.deaccessionApprovalGroup,deaccession.deaccessionapprovalgroup,Deaccession Information > Deaccession approval group > Deaccession approval group
publicart_8-0,deaccession.deaccessionApprovalIndividual,deaccession.deaccessionapprovalindividual,Deaccession Information > Deaccession approval group > Deaccession approval individual
publicart_8-0,deaccession.deaccessionApprovalStatus,deaccession.deaccessionapprovalstatus,Deaccession Information > Deaccession approval group > Deaccession approval status
publicart_8-0,deaccession.deaccessionApprovalDate,deaccession.deaccessionapprovaldate,Deaccession Information > Deaccession approval group > Deaccession approval date
publicart_8-0,deaccession.deaccessionApprovalNote,deaccession.deaccessionapprovalnote,Deaccession Information > Deaccession approval group > Deaccession approval note
publicart_8-0,deaccession.involvedParty,deaccession.involvedparty,Deaccession Information > Parties involved person
publicart_8-0,deaccession.involvedOnBehalfOf,deaccession.involvedonbehalfof,Deaccession Information > Parties involved on behalf of
publicart_8-0,deaccession.involvedRole,deaccession.involvedrole,Deaccession Information > Parties involved role
publicart_8-0,deaccession.exitDate,deaccession.exitdate,Proposed Exit Details > Exit date
publicart_8-0,deaccession.exitRecipient,deaccession.exitrecipient,Proposed Exit Details > Exit recipient
publicart_8-0,deaccession.exitMethod,deaccession.exitmethod,Proposed Exit Details > Exit method
publicart_8-0,exhibition.exhibitionNumber,exhibition.exhibitionnumber,Exhibition Information > Exhibition number
publicart_8-0,exhibition.type,exhibition.type,Exhibition Information > Type
publicart_8-0,exhibition.title,exhibition.title,Exhibition Information > Title
publicart_8-0,exhibition.exhibitionSupport,exhibition.exhibitionsupport,Exhibition Information > Support name
publicart_8-0,exhibition.exhibitionSupportNote,exhibition.exhibitionsupportnote,Exhibition Information > Support note
publicart_8-0,exhibition.organizer,exhibition.organizer,Exhibition Information > Organizer
publicart_8-0,exhibition.publishTo,exhibition.publishto,Exhibition Information > Publish to
publicart_8-0,exhibition.venue,exhibition.venue,Exhibition Information > Venue name
publicart_8-0,exhibition.venueOpeningDate,exhibition.venueopeningdate,Exhibition Information > Venue opening date
publicart_8-0,exhibition.venueClosingDate,exhibition.venueclosingdate,Exhibition Information > Venue closing date
publicart_8-0,exhibition.venueAttendance,exhibition.venueattendance,Exhibition Information > Venue attendance
publicart_8-0,exhibition.venueUrl,exhibition.venueurl,Exhibition Information > Venue web address
publicart_8-0,exhibition.planningNote,exhibition.planningnote,Exhibition Information > Planning note
publicart_8-0,exhibition.curatorialNote,exhibition.curatorialnote,Exhibition Information > Curatorial note
publicart_8-0,exhibition.generalNote,exhibition.generalnote,Exhibition Information > General note
publicart_8-0,exhibition.boilerplateText,exhibition.boilerplatetext,Exhibition Information > Boilerplate text
publicart_8-0,exhibition.galleryRotationName,exhibition.galleryrotationname,Exhibition Information > Gallery rotation name
publicart_8-0,exhibition.galleryRotationStartDateGroup,exhibition.galleryrotationstartdategroup,Exhibition Information > Gallery rotation start date
publicart_8-0,exhibition.galleryRotationEndDateGroup,exhibition.galleryrotationenddategroup,Exhibition Information > Gallery rotation end date
publicart_8-0,exhibition.galleryRotationNote,exhibition.galleryrotationnote,Exhibition Information > Gallery rotation note
publicart_8-0,exit.exitNumber,exit.exitnumber,Object Exit Information > Exit number
publicart_8-0,exit.exitDate,exit.exitdate,Object Exit Information > Exit date
publicart_8-0,exit.reason,exit.reason,Object Exit Information > Exit reason
publicart_8-0,exit.method,exit.method,Object Exit Information > Exit method
publicart_8-0,exit.owner,exit.owner,Object Exit Information > Owner after exit
publicart_8-0,exit.agent,exit.agent,Object Exit Information > Exit agent name
publicart_8-0,exit.role,exit.role,Object Exit Information > Exit agent role
publicart_8-0,exit.exitCountNote,exit.exitcountnote,Object Exit Information > Exit count note
publicart_8-0,exit.note,exit.note,Object Exit Information > Note
publicart_8-0,exit.group,exit.group,Object Exit Information > Approval status group
publicart_8-0,exit.individual,exit.individual,Object Exit Information > Approval status individual
publicart_8-0,exit.status,exit.status,Object Exit Information > Approval status
publicart_8-0,exit.date,exit.date,Object Exit Information > Approval status date
publicart_8-0,exit.approvalStatusNote,exit.approvalstatusnote,Object Exit Information > Approval status note
publicart_8-0,exit.saleCurrency,exit.salecurrency,Sale Information > Sale/auction currency
publicart_8-0,exit.saleValue,exit.salevalue,Sale Information > Sale/auction value
publicart_8-0,exit.saleDate,exit.saledate,Sale Information > Sale/auction date
publicart_8-0,exit.saleNumber,exit.salenumber,Sale Information > Sale/auction number
publicart_8-0,exit.saleLot,exit.salelot,Sale Information > Sale/auction lot
publicart_8-0,exit.saleNote,exit.salenote,Sale Information > Sale/auction note
publicart_8-0,group.title,group.title,Group Information > Title
publicart_8-0,group.responsibleDepartment,group.responsibledepartment,Group Information > Program Name
publicart_8-0,group.owner,group.owner,Group Information > Group owner
publicart_8-0,group.groupEarliestSingleDate,group.groupearliestsingledate,Group Information > Earliest/single date
publicart_8-0,group.groupLatestDate,group.grouplatestdate,Group Information > Latest date
publicart_8-0,group.scopeNote,group.scopenote,Group Information > Scope note
publicart_8-0,group.checklistType,group.checklisttype,Checklist Information > Checklist type
publicart_8-0,group.checklistOpenDate,group.checklistopendate,Checklist Information > Checklist start date
publicart_8-0,group.checklistCloseDate,group.checklistclosedate,Checklist Information > Checklist close date
publicart_8-0,group.checklistNote,group.checklistnote,Checklist Information > Checklist note
publicart_8-0,group.checklistItem,group.checklistitem,Checklist Information > Checklist item description
publicart_8-0,group.checklistAssignee,group.checklistassignee,Checklist Information > Checklist item assigned to
publicart_8-0,group.checklistStatus,group.checkliststatus,Checklist Information > Checklist item status
publicart_8-0,group.checklistStatusDate,group.checkliststatusdate,Checklist Information > Checklist item status date
publicart_8-0,intake.entryNumber,intake.entrynumber,Object Entry Information > Entry number
publicart_8-0,intake.entryDate,intake.entrydate,Object Entry Information > Entry date
publicart_8-0,intake.entryReason,intake.entryreason,Object Entry Information > Entry reason
publicart_8-0,intake.entryMethod,intake.entrymethod,Object Entry Information > Entry method
publicart_8-0,intake.returnDate,intake.returndate,Object Entry Information > Return date
publicart_8-0,intake.currentOwner,intake.currentowner,Object Entry Information > Current owner
publicart_8-0,intake.depositor,intake.depositor,Object Entry Information > Depositor name
publicart_8-0,intake.depositorsRequirements,intake.depositorsrequirements,Object Entry Information > Depositor requirements
publicart_8-0,intake.approvalGroup,intake.approvalgroup,Object Entry Information > Approval group > Approval group
publicart_8-0,intake.approvalIndividual,intake.approvalindividual,Object Entry Information > Approval group > Approval individual
publicart_8-0,intake.approvalStatus,intake.approvalstatus,Object Entry Information > Approval group > Approval status
publicart_8-0,intake.approvalDate,intake.approvaldate,Object Entry Information > Approval group > Approval status date
publicart_8-0,intake.approvalNote,intake.approvalnote,Object Entry Information > Approval group > Approval note
publicart_8-0,intake.entryNote,intake.entrynote,Object Entry Information > Entry note
publicart_8-0,intake.packingNote,intake.packingnote,Object Entry Information > Packing note
publicart_8-0,intake.currentLocation,intake.currentlocation,Location Information > Current location
publicart_8-0,intake.currentLocationFitness,intake.currentlocationfitness,Location Information > Current location fitness
publicart_8-0,intake.currentLocationNote,intake.currentlocationnote,Location Information > Current location note
publicart_8-0,intake.locationDate,intake.locationdate,Location Information > Location date
publicart_8-0,intake.normalLocation,intake.normallocation,Location Information > Normal location
publicart_8-0,intake.conditionCheckMethod,intake.conditioncheckmethod,Condition Check Information > Condition check method
publicart_8-0,intake.conditionCheckReason,intake.conditioncheckreason,Condition Check Information > Condition check reason
publicart_8-0,intake.conditionCheckerOrAssessor,intake.conditioncheckerorassessor,Condition Check Information > Condition check assessor
publicart_8-0,intake.conditionCheckDate,intake.conditioncheckdate,Condition Check Information > Condition check date
publicart_8-0,intake.conditionCheckReferenceNumber,intake.conditioncheckreferencenumber,Condition Check Information > Condition check reference number
publicart_8-0,intake.conditionCheckNote,intake.conditionchecknote,Condition Check Information > Condition check note
publicart_8-0,loanin.loanInNumber,loanin.loaninnumber,Loan In Information > Loan in number
publicart_8-0,loanin.loanPurpose,loanin.loanpurpose,Loan In Information > Loan purpose
publicart_8-0,loanin.loanGroup,loanin.loangroup,Loan In Information > Loan status group
publicart_8-0,loanin.loanIndividual,loanin.loanindividual,Loan In Information > Loan status individual
publicart_8-0,loanin.loanStatus,loanin.loanstatus,Loan In Information > Loan status
publicart_8-0,loanin.loanStatusDate,loanin.loanstatusdate,Loan In Information > Loan status date
publicart_8-0,loanin.loanStatusNote,loanin.loanstatusnote,Loan In Information > Loan status note
publicart_8-0,loanin.lender,loanin.lender,Loan In Information > Lender name
publicart_8-0,loanin.lendersContact,loanin.lenderscontact,Loan In Information > Lender contact
publicart_8-0,loanin.lendersAuthorizationDate,loanin.lendersauthorizationdate,Loan In Information > Lender authorization date
publicart_8-0,loanin.loanInConditions,loanin.loaninconditions,Loan In Information > Conditions of loan
publicart_8-0,loanin.loanInNote,loanin.loaninnote,Loan In Information > Note
publicart_8-0,loanin.loanInDate,loanin.loanindate,Loan In Information > Loan in date
publicart_8-0,loanin.loanReturnDate,loanin.loanreturndate,Loan In Information > Loan return date
publicart_8-0,loanin.creditLine,loanin.creditline,Loan In Information > Credit line
publicart_8-0,loanout.loanOutNumber,loanout.loanoutnumber,Loan Out Information > Loan out number
publicart_8-0,loanout.loanPurpose,loanout.loanpurpose,Loan Out Information > Loan purpose
publicart_8-0,loanout.lendersAuthorizer,loanout.lendersauthorizer,Loan Out Information > Lender > Lender authorizer
publicart_8-0,loanout.lendersContact,loanout.lenderscontact,Loan Out Information > Lender > Lender contact
publicart_8-0,loanout.lendersAuthorizationDate,loanout.lendersauthorizationdate,Loan Out Information > Lender > Lender authorization date
publicart_8-0,loanout.borrower,loanout.borrower,Loan Out Information > Borrower > Borrower name
publicart_8-0,loanout.borrowersContact,loanout.borrowerscontact,Loan Out Information > Borrower > Borrower contact
publicart_8-0,loanout.borrowersAuthorizer,loanout.borrowersauthorizer,Loan Out Information > Borrower > Borrower authorizer
publicart_8-0,loanout.borrowersAuthorizationDate,loanout.borrowersauthorizationdate,Loan Out Information > Borrower > Borrower authorization date
publicart_8-0,loanout.specialConditionsOfLoan,loanout.specialconditionsofloan,Loan Out Information > Conditions of loan
publicart_8-0,loanout.loanOutNote,loanout.loanoutnote,Loan Out Information > Note
publicart_8-0,loanout.loanGroup,loanout.loangroup,Loan Out Information > Loan status group
publicart_8-0,loanout.loanIndividual,loanout.loanindividual,Loan Out Information > Loan status individual
publicart_8-0,loanout.loanStatus,loanout.loanstatus,Loan Out Information > Loan status
publicart_8-0,loanout.loanStatusDate,loanout.loanstatusdate,Loan Out Information > Loan status date
publicart_8-0,loanout.loanStatusNote,loanout.loanstatusnote,Loan Out Information > Loan status note
publicart_8-0,loanout.loanOutDate,loanout.loanoutdate,Loan Out Information > Loan out date
publicart_8-0,loanout.loanReturnDate,loanout.loanreturndate,Loan Out Information > Loan return date
publicart_8-0,loanout.loanRenewalApplicationDate,loanout.loanrenewalapplicationdate,Loan Out Information > Loan renewal application date
publicart_8-0,loanout.creditLine,loanout.creditline,Loan Out Information > Credit line
publicart_8-0,location.termDisplayName,location.termdisplayname,Storage Location Information > Term display name
publicart_8-0,location.termName,location.termname,Storage Location Information > Term name
publicart_8-0,location.termQualifier,location.termqualifier,Storage Location Information > Term qualifier
publicart_8-0,location.termStatus,location.termstatus,Storage Location Information > Term status
publicart_8-0,location.termType,location.termtype,Storage Location Information > Term type
publicart_8-0,location.termFlag,location.termflag,Storage Location Information > Term flag
publicart_8-0,location.termLanguage,location.termlanguage,Storage Location Information > Term language
publicart_8-0,location.termPrefForLang,location.termprefforlang,Storage Location Information > Term preferred for lang
publicart_8-0,location.termSource,location.termsource,Storage Location Information > Source > Term source name
publicart_8-0,location.termSourceDetail,location.termsourcedetail,Storage Location Information > Source > Term source detail
publicart_8-0,location.termSourceID,location.termsourceid,Storage Location Information > Source > Term source ID
publicart_8-0,location.termSourceNote,location.termsourcenote,Storage Location Information > Source > Term source note
publicart_8-0,location.locationType,location.locationtype,Storage Location Information > Storage location type
publicart_8-0,location.securityNote,location.securitynote,Storage Location Information > Security note
publicart_8-0,location.accessNote,location.accessnote,Storage Location Information > Access note
publicart_8-0,location.conditionNote,location.conditionnote,Storage Location Information > Condition note
publicart_8-0,location.conditionNoteDate,location.conditionnotedate,Storage Location Information > Condition note date
publicart_8-0,location.addressPlace1,location.addressplace1,Storage Location Information > Address line 1
publicart_8-0,location.addressPlace2,location.addressplace2,Storage Location Information > Address line 2
publicart_8-0,location.addressMunicipality,location.addressmunicipality,Storage Location Information > Address municipality
publicart_8-0,location.addressCounty,location.addresscounty,Storage Location Information > Address county
publicart_8-0,location.addressStateOrProvince,location.addressstateorprovince,Storage Location Information > Address state/province
publicart_8-0,location.addressPostCode,location.addresspostcode,Storage Location Information > Address postal code
publicart_8-0,location.addressCountry,location.addresscountry,Storage Location Information > Address country
publicart_8-0,location.addressType,location.addresstype,Storage Location Information > Address type
publicart_8-0,location.decimalLatitude,location.decimallatitude,Georeference Information > Decimal latitude
publicart_8-0,location.decimalLongitude,location.decimallongitude,Georeference Information > Decimal longitude
publicart_8-0,media.identificationNumber,media.identificationnumber,Media Handling Information > Identification number
publicart_8-0,media.title,media.title,Media Handling Information > Title
publicart_8-0,media.name,media.name,File Information > Name
publicart_8-0,media.mimeType,media.mimetype,File Information > Type
publicart_8-0,media.length,media.length,File Information > Size
publicart_8-0,media.externalUrl,media.externalurl,Media Handling Information > External URL
publicart_8-0,media.contributor,media.contributor,Media Handling Information > Contributor
publicart_8-0,media.creator,media.creator,Media Handling Information > Creator
publicart_8-0,media.copyrightStatement,media.copyrightstatement,Media Handling Information > Copyright statement
publicart_8-0,media.type,media.type,Media Handling Information > Type
publicart_8-0,media.publishTo,media.publishto,Media Handling Information > Publish to
publicart_8-0,media.dateGroup,media.dategroup,Media Handling Information > Date
publicart_8-0,media.source,media.source,Media Handling Information > Source
publicart_8-0,media.publicartRightsHolder,media.publicartrightsholder,Media Handling Information > Rights holder
publicart_8-0,media.description,media.description,Media Handling Information > Description
publicart_8-0,media.altText,media.alttext,Media Handling Information > Alt text
publicart_8-0,media.mediaFileURI,media.mediafileuri,""
publicart_8-0,movement.movementReferenceNumber,movement.movementreferencenumber,Object Location Information > Reference number
publicart_8-0,movement.currentLocation,movement.currentlocation,Object Location Information > Current location > Current location
publicart_8-0,movement.currentLocationFitness,movement.currentlocationfitness,Object Location Information > Current location > Current location fitness
publicart_8-0,movement.currentLocationNote,movement.currentlocationnote,Object Location Information > Current location > Current location note
publicart_8-0,movement.locationDate,movement.locationdate,Object Location Information > Location date
publicart_8-0,movement.reasonForMove,movement.reasonformove,Movement Information > Reason for move
publicart_8-0,movement.movementMethod,movement.movementmethod,Movement Information > Movement method
publicart_8-0,movement.plannedRemovalDate,movement.plannedremovaldate,Movement Information > Planned removal date
publicart_8-0,movement.removalDate,movement.removaldate,Movement Information > Removal date
publicart_8-0,movement.movementContact,movement.movementcontact,Movement Information > Movement contact
publicart_8-0,movement.movementNote,movement.movementnote,Movement Information > Movement note
publicart_8-0,objectexit.exitNumber,objectexit.exitnumber,Object Exit Information > Exit number
publicart_8-0,objectexit.exitDateGroup,objectexit.exitdategroup,Object Exit Information > Exit date
publicart_8-0,objectexit.exitReason,objectexit.exitreason,Object Exit Information > Exit reason
publicart_8-0,objectexit.exitMethod,objectexit.exitmethod,Object Exit Information > Exit method
publicart_8-0,objectexit.currentOwner,objectexit.currentowner,Object Exit Information > Current owner
publicart_8-0,objectexit.depositor,objectexit.depositor,Object Exit Information > Depositor
publicart_8-0,objectexit.exitNote,objectexit.exitnote,Object Exit Information > Exit note
publicart_8-0,objectexit.packingNote,objectexit.packingnote,Object Exit Information > Packing note
publicart_8-0,objectexit.displosalNewObjectNumber,objectexit.displosalnewobjectnumber,Deaccession and Disposal Information > Disposal new object number
publicart_8-0,objectexit.deaccessionAuthorizer,objectexit.deaccessionauthorizer,Deaccession and Disposal Information > Deaccession authorizer
publicart_8-0,objectexit.authorizationDate,objectexit.authorizationdate,Deaccession and Disposal Information > Authorization date
publicart_8-0,objectexit.deaccessionApprovalGroup,objectexit.deaccessionapprovalgroup,Deaccession and Disposal Information > Deaccession approval group
publicart_8-0,objectexit.deaccessionApprovalIndividual,objectexit.deaccessionapprovalindividual,Deaccession and Disposal Information > Deaccession approval individual
publicart_8-0,objectexit.deaccessionApprovalStatus,objectexit.deaccessionapprovalstatus,Deaccession and Disposal Information > Deaccession approval status
publicart_8-0,objectexit.deaccessionApprovalDate,objectexit.deaccessionapprovaldate,Deaccession and Disposal Information > Deaccession approval status date
publicart_8-0,objectexit.deaccessionApprovalNote,objectexit.deaccessionapprovalnote,Deaccession and Disposal Information > Deaccession approval note
publicart_8-0,objectexit.deaccessionDate,objectexit.deaccessiondate,Deaccession and Disposal Information > Deaccession date
publicart_8-0,objectexit.disposalDate,objectexit.disposaldate,Deaccession and Disposal Information > Disposal date
publicart_8-0,objectexit.disposalMethod,objectexit.disposalmethod,Deaccession and Disposal Information > Disposal method
publicart_8-0,objectexit.displosalReason,objectexit.displosalreason,Deaccession and Disposal Information > Disposal reason
publicart_8-0,objectexit.disposalProposedRecipient,objectexit.disposalproposedrecipient,Deaccession and Disposal Information > Disposal proposed recipient
publicart_8-0,objectexit.disposalRecipient,objectexit.disposalrecipient,Deaccession and Disposal Information > Disposal recipient
publicart_8-0,objectexit.groupDisposalCurrency,objectexit.groupdisposalcurrency,Deaccession and Disposal Information > Group disposal > Group disposal currency
publicart_8-0,objectexit.groupDisplosalValue,objectexit.groupdisplosalvalue,Deaccession and Disposal Information > Group disposal > Group disposal value
publicart_8-0,objectexit.displosalProvisos,objectexit.displosalprovisos,Deaccession and Disposal Information > Disposal provisos
publicart_8-0,objectexit.displosalNote,objectexit.displosalnote,Deaccession and Disposal Information > Disposal note
publicart_8-0,organization.termDisplayName,organization.termdisplayname,Organization Information > Term display name
publicart_8-0,organization.termName,organization.termname,Organization Information > Term name
publicart_8-0,organization.termQualifier,organization.termqualifier,Organization Information > Term qualifier
publicart_8-0,organization.termStatus,organization.termstatus,Organization Information > Term status
publicart_8-0,organization.termType,organization.termtype,Organization Information > Term type
publicart_8-0,organization.termFlag,organization.termflag,Organization Information > Term flag
publicart_8-0,organization.termLanguage,organization.termlanguage,Organization Information > Term language
publicart_8-0,organization.termPrefForLang,organization.termprefforlang,Organization Information > Term preferred for lang
publicart_8-0,organization.mainBodyName,organization.mainbodyname,Organization Information > Name detail > Term main body name
publicart_8-0,organization.additionsToName,organization.additionstoname,Organization Information > Name detail > Term name addition
publicart_8-0,organization.termSource,organization.termsource,Organization Information > Source > Term source name
publicart_8-0,organization.termSourceDetail,organization.termsourcedetail,Organization Information > Source > Term source detail
publicart_8-0,organization.termSourceID,organization.termsourceid,Organization Information > Source > Term source ID
publicart_8-0,organization.termSourceNote,organization.termsourcenote,Organization Information > Source > Term source note
publicart_8-0,organization.organizationRecordType,organization.organizationrecordtype,Organization Information > Organization type
publicart_8-0,organization.placementType,organization.placementtype,Organization Information > Placement type
publicart_8-0,organization.foundingDateGroup,organization.foundingdategroup,Organization Information > Foundation date
publicart_8-0,organization.foundingPlace,organization.foundingplace,Organization Information > Foundation place
publicart_8-0,organization.dissolutionDateGroup,organization.dissolutiondategroup,Organization Information > Dissolution date
publicart_8-0,organization.currentPlace,organization.currentplace,Organization Information > Current place
publicart_8-0,organization.nameNote,organization.namenote,Organization Information > Name note
publicart_8-0,organization.historyNote,organization.historynote,Organization Information > History
publicart_8-0,organization.socialMediaHandle,organization.socialmediahandle,Organization Information > Social media handle
publicart_8-0,organization.socialMediaHandleType,organization.socialmediahandletype,Organization Information > Social media type
publicart_8-0,organization.email,organization.email,Contact Information > Organization Information > Address
publicart_8-0,organization.emailType,organization.emailtype,Contact Information > Organization Information > Type
publicart_8-0,organization.telephoneNumber,organization.telephonenumber,Contact Information > Organization Information > Number
publicart_8-0,organization.telephoneNumberType,organization.telephonenumbertype,Contact Information > Organization Information > Type
publicart_8-0,organization.faxNumber,organization.faxnumber,Contact Information > Organization Information > Number
publicart_8-0,organization.faxNumberType,organization.faxnumbertype,Contact Information > Organization Information > Type
publicart_8-0,organization.webAddress,organization.webaddress,Contact Information > Organization Information > URL
publicart_8-0,organization.webAddressType,organization.webaddresstype,Contact Information > Organization Information > Type
publicart_8-0,organization.addressPlace1,organization.addressplace1,Contact Information > Organization Information > Line 1
publicart_8-0,organization.addressPlace2,organization.addressplace2,Contact Information > Organization Information > Line 2
publicart_8-0,organization.addressMunicipality,organization.addressmunicipality,Contact Information > Organization Information > Municipality
publicart_8-0,organization.addressStateOrProvince,organization.addressstateorprovince,Contact Information > Organization Information > State/province
publicart_8-0,organization.addressPostCode,organization.addresspostcode,Contact Information > Organization Information > Postal code
publicart_8-0,organization.addressCountry,organization.addresscountry,Contact Information > Organization Information > Country
publicart_8-0,organization.addressType,organization.addresstype,Contact Information > Organization Information > Type
publicart_8-0,person.termDisplayName,person.termdisplayname,Person Information > Term display name
publicart_8-0,person.termName,person.termname,Person Information > Term name
publicart_8-0,person.termQualifier,person.termqualifier,Person Information > Term qualifier
publicart_8-0,person.termStatus,person.termstatus,Person Information > Term status
publicart_8-0,person.termType,person.termtype,Person Information > Term type
publicart_8-0,person.termFlag,person.termflag,Person Information > Term flag
publicart_8-0,person.termLanguage,person.termlanguage,Person Information > Term language
publicart_8-0,person.termPrefForLang,person.termprefforlang,Person Information > Term preferred for lang
publicart_8-0,person.salutation,person.salutation,Person Information > Name detail > Term salutation
publicart_8-0,person.title,person.title,Person Information > Name detail > Term title
publicart_8-0,person.foreName,person.forename,Person Information > Name detail > Term forename
publicart_8-0,person.middleName,person.middlename,Person Information > Name detail > Term middle name
publicart_8-0,person.surName,person.surname,Person Information > Name detail > Term surname
publicart_8-0,person.nameAdditions,person.nameadditions,Person Information > Name detail > Term name addition
publicart_8-0,person.initials,person.initials,Person Information > Name detail > Term initials
publicart_8-0,person.termSource,person.termsource,Person Information > Source > Term source name
publicart_8-0,person.termSourceDetail,person.termsourcedetail,Person Information > Source > Term source detail
publicart_8-0,person.termSourceID,person.termsourceid,Person Information > Source > Term source ID
publicart_8-0,person.termSourceNote,person.termsourcenote,Person Information > Source > Term source note
publicart_8-0,person.birthDateGroup,person.birthdategroup,Person Information > Birth date
publicart_8-0,person.birthPlace,person.birthplace,Person Information > Place of birth
publicart_8-0,person.deathDateGroup,person.deathdategroup,Person Information > Death date
publicart_8-0,person.deathPlace,person.deathplace,Person Information > Place of death
publicart_8-0,person.organization,person.organization,Person Information > Person's organization
publicart_8-0,person.socialMediaHandle,person.socialmediahandle,Person Information > Social media handle
publicart_8-0,person.socialMediaHandleType,person.socialmediahandletype,Person Information > Social media type
publicart_8-0,person.bioNote,person.bionote,Person Information > Biographical note
publicart_8-0,person.email,person.email,Contact Information > Person Information > Address
publicart_8-0,person.emailType,person.emailtype,Contact Information > Person Information > Type
publicart_8-0,person.telephoneNumber,person.telephonenumber,Contact Information > Person Information > Number
publicart_8-0,person.telephoneNumberType,person.telephonenumbertype,Contact Information > Person Information > Type
publicart_8-0,person.faxNumber,person.faxnumber,Contact Information > Person Information > Number
publicart_8-0,person.faxNumberType,person.faxnumbertype,Contact Information > Person Information > Type
publicart_8-0,person.webAddress,person.webaddress,Contact Information > Person Information > URL
publicart_8-0,person.webAddressType,person.webaddresstype,Contact Information > Person Information > Type
publicart_8-0,person.addressPlace1,person.addressplace1,Contact Information > Person Information > Line 1
publicart_8-0,person.addressPlace2,person.addressplace2,Contact Information > Person Information > Line 2
publicart_8-0,person.addressMunicipality,person.addressmunicipality,Contact Information > Person Information > Municipality
publicart_8-0,person.addressStateOrProvince,person.addressstateorprovince,Contact Information > Person Information > State/province
publicart_8-0,person.addressPostCode,person.addresspostcode,Contact Information > Person Information > Postal code
publicart_8-0,person.addressCountry,person.addresscountry,Contact Information > Person Information > Country
publicart_8-0,person.addressType,person.addresstype,Contact Information > Person Information > Type
publicart_8-0,person.declinedToAnswerPronoun,person.declinedtoanswerpronoun,Maker-Supplied Identity Information > Pronoun supplied declined to answer
publicart_8-0,person.suppliedPronoun,person.suppliedpronoun,Maker-Supplied Identity Information > Pronoun supplied
publicart_8-0,person.useRestrictionPronoun,person.userestrictionpronoun,Maker-Supplied Identity Information > Pronoun supplied use restriction
publicart_8-0,person.declinedToAnswerGender,person.declinedtoanswergender,Maker-Supplied Identity Information > Gender supplied declined to answer
publicart_8-0,person.suppliedGender,person.suppliedgender,Maker-Supplied Identity Information > Gender supplied
publicart_8-0,person.useRestrictionGender,person.userestrictiongender,Maker-Supplied Identity Information > Gender supplied use restriction
publicart_8-0,person.declinedToAnswerRace,person.declinedtoanswerrace,Maker-Supplied Identity Information > Race supplied declined to answer
publicart_8-0,person.suppliedRace,person.suppliedrace,Maker-Supplied Identity Information > Race supplied
publicart_8-0,person.useRestrictionRace,person.userestrictionrace,Maker-Supplied Identity Information > Race supplied use restriction
publicart_8-0,person.declinedToAnswerEthnicity,person.declinedtoanswerethnicity,Maker-Supplied Identity Information > Ethnicity supplied declined to answer
publicart_8-0,person.suppliedEthnicity,person.suppliedethnicity,Maker-Supplied Identity Information > Ethnicity supplied
publicart_8-0,person.useRestrictionEthnicity,person.userestrictionethnicity,Maker-Supplied Identity Information > Ethnicity supplied use restriction
publicart_8-0,person.declinedToAnswerSexuality,person.declinedtoanswersexuality,Maker-Supplied Identity Information > Sexuality supplied declined to answer
publicart_8-0,person.suppliedSexuality,person.suppliedsexuality,Maker-Supplied Identity Information > Sexuality supplied
publicart_8-0,person.useRestrictionSexuality,person.userestrictionsexuality,Maker-Supplied Identity Information > Sexuality supplied use restriction
publicart_8-0,person.declinedToAnswerBirthPlace,person.declinedtoanswerbirthplace,Maker-Supplied Identity Information > Birth place supplied declined to answer
publicart_8-0,person.suppliedBirthPlace,person.suppliedbirthplace,Maker-Supplied Identity Information > Birth place supplied
publicart_8-0,person.useRestrictionBirthPlace,person.userestrictionbirthplace,Maker-Supplied Identity Information > Birth place supplied use restriction
publicart_8-0,person.declinedToAnswerBirthDate,person.declinedtoanswerbirthdate,Maker-Supplied Identity Information > Birth date supplied declined to answer
publicart_8-0,person.suppliedStructuredBirthDateGroup,person.suppliedstructuredbirthdategroup,Maker-Supplied Identity Information > Birth date supplied
publicart_8-0,person.useRestrictionBirthDate,person.userestrictionbirthdate,Maker-Supplied Identity Information > Birth date supplied use restriction
publicart_8-0,person.informationAuthor,person.informationauthor,Maker-Supplied Identity Information > Other information author
publicart_8-0,person.informationDate,person.informationdate,Maker-Supplied Identity Information > Other information date
publicart_8-0,person.informationUseRestriction,person.informationuserestriction,Maker-Supplied Identity Information > Other information use restriction
publicart_8-0,person.otherInformation,person.otherinformation,Maker-Supplied Identity Information > Other information note
publicart_8-0,place.termDisplayName,place.termdisplayname,Place Information > Term display name
publicart_8-0,place.termName,place.termname,Place Information > Term name
publicart_8-0,place.termQualifier,place.termqualifier,Place Information > Term qualifier
publicart_8-0,place.termStatus,place.termstatus,Place Information > Term status
publicart_8-0,place.termType,place.termtype,Place Information > Term type
publicart_8-0,place.termFlag,place.termflag,Place Information > Term flag
publicart_8-0,place.historicalStatus,place.historicalstatus,Place Information > Term historical status
publicart_8-0,place.termLanguage,place.termlanguage,Place Information > Term language
publicart_8-0,place.termPrefForLang,place.termprefforlang,Place Information > Term preferred for lang
publicart_8-0,place.nameAbbrev,place.nameabbrev,Place Information > Name detail > Term abbreviation
publicart_8-0,place.nameNote,place.namenote,Place Information > Name detail > Term note
publicart_8-0,place.nameDateGroup,place.namedategroup,Place Information > Name detail > Term date
publicart_8-0,place.termSource,place.termsource,Place Information > Source > Term source name
publicart_8-0,place.termSourceDetail,place.termsourcedetail,Place Information > Source > Term source detail
publicart_8-0,place.termSourceID,place.termsourceid,Place Information > Source > Term source ID
publicart_8-0,place.termSourceNote,place.termsourcenote,Place Information > Source > Term source note
publicart_8-0,place.placementType,place.placementtype,Place Information > Placement type
publicart_8-0,place.publicArtPlaceType,place.publicartplacetype,Place Information > Place type
publicart_8-0,place.placementEnvironment,place.placementenvironment,Place Information > Placement environment
publicart_8-0,place.owner,place.owner,Place Information > Owner
publicart_8-0,place.ownerType,place.ownertype,Place Information > Owner type
publicart_8-0,place.ownershipDateGroup,place.ownershipdategroup,Place Information > Ownership date
publicart_8-0,place.ownershipNote,place.ownershipnote,Place Information > Ownership note
publicart_8-0,place.placeNote,place.placenote,Place Information > Place note
publicart_8-0,place.addressPlace1,place.addressplace1,Place Information > Address line 1
publicart_8-0,place.addressPlace2,place.addressplace2,Place Information > Address line 2
publicart_8-0,place.addressMunicipality,place.addressmunicipality,Place Information > Address municipality
publicart_8-0,place.addressCounty,place.addresscounty,Place Information > Address county
publicart_8-0,place.addressStateOrProvince,place.addressstateorprovince,Place Information > Address state/province
publicart_8-0,place.addressPostCode,place.addresspostcode,Place Information > Address postal code
publicart_8-0,place.addressCountry,place.addresscountry,Place Information > Address country
publicart_8-0,place.addressType,place.addresstype,Place Information > Address type
publicart_8-0,place.decimalLatitude,place.decimallatitude,Georeference Information > Georeference decimal latitude
publicart_8-0,place.decimalLongitude,place.decimallongitude,Georeference Information > Georeference decimal longitude
publicart_8-0,place.geodeticDatum,place.geodeticdatum,Georeference Information > Georeference datum
publicart_8-0,place.coordUncertaintyInMeters,place.coorduncertaintyinmeters,Georeference Information > Georeference uncertainty (m)
publicart_8-0,place.coordPrecision,place.coordprecision,Georeference Information > Georeference precision
publicart_8-0,place.pointRadiusSpatialFit,place.pointradiusspatialfit,Georeference Information > Georeference point radius spatial fit
publicart_8-0,place.footprintWKT,place.footprintwkt,Georeference Information > Georeference footprint WKT
publicart_8-0,place.footprintSRS,place.footprintsrs,Georeference Information > Georeference footprint SRS
publicart_8-0,place.footprintSpatialFit,place.footprintspatialfit,Georeference Information > Georeference footprint spatial fit
publicart_8-0,place.geoReferencedBy,place.georeferencedby,Georeference Information > Georeferenced by
publicart_8-0,place.geoRefDateGroup,place.georefdategroup,Georeference Information > Georeference date
publicart_8-0,place.geoRefProtocol,place.georefprotocol,Georeference Information > Georeference protocol
publicart_8-0,place.geoRefSource,place.georefsource,Georeference Information > Georeference source
publicart_8-0,place.geoRefVerificationStatus,place.georefverificationstatus,Georeference Information > Georeference verification
publicart_8-0,place.geoRefRemarks,place.georefremarks,Georeference Information > Georeference remarks
publicart_8-0,place.geoRefPlaceName,place.georefplacename,Georeference Information > Georeference place name
publicart_8-0,valuation.valuationcontrolRefNumber,valuation.valuationcontrolrefnumber,Object Valuation Information > Reference number
publicart_8-0,valuation.valueCurrency,valuation.valuecurrency,Object Valuation Information > Amount currency
publicart_8-0,valuation.valueAmount,valuation.valueamount,Object Valuation Information > Amount value
publicart_8-0,valuation.valueDate,valuation.valuedate,Object Valuation Information > Date
publicart_8-0,valuation.valueRenewalDate,valuation.valuerenewaldate,Object Valuation Information > Renewal date
publicart_8-0,valuation.valueSource,valuation.valuesource,Object Valuation Information > Source
publicart_8-0,valuation.valueSourceRole,valuation.valuesourcerole,Object Valuation Information > Source role
publicart_8-0,valuation.valueType,valuation.valuetype,Object Valuation Information > Type
publicart_8-0,valuation.valueNote,valuation.valuenote,Object Valuation Information > Note
publicart_8-0,valuation.insurer,valuation.insurer,Insurer
publicart_8-0,valuation.insuranceNote,valuation.insurancenote,Insurance note
publicart_8-0,valuation.insurancePolicyNumber,valuation.insurancepolicynumber,Insurance policy number
publicart_8-0,valuation.insuranceRenewalDate,valuation.insurancerenewaldate,Insurance renewal date
publicart_8-0,work.termDisplayName,work.termdisplayname,Work Information > Term display name
publicart_8-0,work.termName,work.termname,Work Information > Term name
publicart_8-0,work.termQualifier,work.termqualifier,Work Information > Term qualifier
publicart_8-0,work.termStatus,work.termstatus,Work Information > Term status
publicart_8-0,work.termType,work.termtype,Work Information > Term type
publicart_8-0,work.termFlag,work.termflag,Work Information > Term flag
publicart_8-0,work.termLanguage,work.termlanguage,Work Information > Term language
publicart_8-0,work.termPrefForLang,work.termprefforlang,Work Information > Term preferred for lang
publicart_8-0,work.termSource,work.termsource,Work Information > Source > Term source name
publicart_8-0,work.termSourceDetail,work.termsourcedetail,Work Information > Source > Term source detail
publicart_8-0,work.termSourceID,work.termsourceid,Work Information > Source > Term source ID
publicart_8-0,work.termSourceNote,work.termsourcenote,Work Information > Source > Term source note
publicart_8-0,work.workType,work.worktype,Work Information > Work type
publicart_8-0,work.workDateGroup,work.workdategroup,Work Information > Work date
publicart_8-0,work.creator,work.creator,Work Information > Creator name
publicart_8-0,work.creatorType,work.creatortype,Work Information > Creator type
publicart_8-0,work.addressPlace1,work.addressplace1,Work Information > Address line 1
publicart_8-0,work.addressPlace2,work.addressplace2,Work Information > Address line 2
publicart_8-0,work.addressMunicipality,work.addressmunicipality,Work Information > Address municipality
publicart_8-0,work.addressCounty,work.addresscounty,Work Information > Address county
publicart_8-0,work.addressStateOrProvince,work.addressstateorprovince,Work Information > Address state/province
publicart_8-0,work.addressPostCode,work.addresspostcode,Work Information > Address postal code
publicart_8-0,work.addressCountry,work.addresscountry,Work Information > Address country
publicart_8-0,work.addressType,work.addresstype,Work Information > Address type
bonsai_8-0,acquisition.acquisitionReferenceNumber,acquisition.acquisitionreferencenumber,Acquisition Information > Reference number
bonsai_8-0,acquisition.alternativeIdentifier,acquisition.alternativeidentifier,Acquisition Information > Alternative identifier
bonsai_8-0,acquisition.alternativeIdentifierNote,acquisition.alternativeidentifiernote,Acquisition Information > Alternative identifier note
bonsai_8-0,acquisition.accessionDateGroup,acquisition.accessiondategroup,Acquisition Information > Accession date
bonsai_8-0,acquisition.acquisitionAuthorizer,acquisition.acquisitionauthorizer,Acquisition Information > Authorization > Authorizer
bonsai_8-0,acquisition.acquisitionAuthorizerDate,acquisition.acquisitionauthorizerdate,Acquisition Information > Authorization > Authorization date
bonsai_8-0,acquisition.acquisitionDateGroup,acquisition.acquisitiondategroup,Acquisition Information > Acquisition date
bonsai_8-0,acquisition.acquisitionSource,acquisition.acquisitionsource,Acquisition Information > Acquisition source
bonsai_8-0,acquisition.owner,acquisition.owner,Acquisition Information > Owner
bonsai_8-0,acquisition.transferOfTitleNumber,acquisition.transferoftitlenumber,Acquisition Information > Transfer of title number
bonsai_8-0,acquisition.acquisitionMethod,acquisition.acquisitionmethod,Acquisition Information > Acquisition method
bonsai_8-0,acquisition.acquisitionDescription,acquisition.acquisitiondescription,Acquisition Information > Acquisition description
bonsai_8-0,acquisition.acquisitionReason,acquisition.acquisitionreason,Acquisition Information > Acquisition reason
bonsai_8-0,acquisition.approvalGroup,acquisition.approvalgroup,Acquisition Information > Approval group > Approval group
bonsai_8-0,acquisition.approvalIndividual,acquisition.approvalindividual,Acquisition Information > Approval group > Approval individual
bonsai_8-0,acquisition.approvalStatus,acquisition.approvalstatus,Acquisition Information > Approval group > Approval status
bonsai_8-0,acquisition.approvalDate,acquisition.approvaldate,Acquisition Information > Approval group > Approval status date
bonsai_8-0,acquisition.approvalNote,acquisition.approvalnote,Acquisition Information > Approval group > Approval note
bonsai_8-0,acquisition.acquisitionNote,acquisition.acquisitionnote,Acquisition Information > Note
bonsai_8-0,acquisition.acquisitionProvisos,acquisition.acquisitionprovisos,Acquisition Information > Provisos
bonsai_8-0,acquisition.acquisitionFundingCurrency,acquisition.acquisitionfundingcurrency,Acquisition Information > Funding currency
bonsai_8-0,acquisition.acquisitionFundingValue,acquisition.acquisitionfundingvalue,Acquisition Information > Funding value
bonsai_8-0,acquisition.acquisitionFundingSource,acquisition.acquisitionfundingsource,Acquisition Information > Funding source
bonsai_8-0,acquisition.acquisitionFundingSourceProvisos,acquisition.acquisitionfundingsourceprovisos,Acquisition Information > Funding source provisos
bonsai_8-0,acquisition.involvedParty,acquisition.involvedparty,Acquisition Information > Parties involved person
bonsai_8-0,acquisition.involvedOnBehalfOf,acquisition.involvedonbehalfof,Acquisition Information > Parties involved on behalf of
bonsai_8-0,acquisition.involvedRole,acquisition.involvedrole,Acquisition Information > Parties involved role
bonsai_8-0,acquisition.creditLine,acquisition.creditline,Acquisition Information > Credit line
bonsai_8-0,acquisition.groupPurchasePriceCurrency,acquisition.grouppurchasepricecurrency,Price Information > Group purchase price > Group purchase price currency
bonsai_8-0,acquisition.groupPurchasePriceValue,acquisition.grouppurchasepricevalue,Price Information > Group purchase price > Group purchase price value
bonsai_8-0,acquisition.objectOfferPriceCurrency,acquisition.objectofferpricecurrency,Price Information > Object offer price > Object offer price currency
bonsai_8-0,acquisition.objectOfferPriceValue,acquisition.objectofferpricevalue,Price Information > Object offer price > Object offer price value
bonsai_8-0,acquisition.objectPurchaseOfferPriceCurrency,acquisition.objectpurchaseofferpricecurrency,Price Information > Object purchaser offer price > Object purchaser offer price currency
bonsai_8-0,acquisition.objectPurchaseOfferPriceValue,acquisition.objectpurchaseofferpricevalue,Price Information > Object purchaser offer price > Object purchaser offer price value
bonsai_8-0,acquisition.objectPurchasePriceCurrency,acquisition.objectpurchasepricecurrency,Price Information > Object purchase price > Object purchase price currency
bonsai_8-0,acquisition.objectPurchasePriceValue,acquisition.objectpurchasepricevalue,Price Information > Object purchase price > Object purchase price value
bonsai_8-0,acquisition.originalObjectPurchasePriceCurrency,acquisition.originalobjectpurchasepricecurrency,Price Information > Original object purchase price > Original object purchase price currency
bonsai_8-0,acquisition.originalObjectPurchasePriceValue,acquisition.originalobjectpurchasepricevalue,Price Information > Original object purchase price > Original object purchase price value
bonsai_8-0,acquisition.fieldCollectionEventName,acquisition.fieldcollectioneventname,Object Collection Information > Field collection event name
bonsai_8-0,citation.termDisplayName,citation.termdisplayname,Citation Information > Term display name
bonsai_8-0,citation.termStatus,citation.termstatus,Citation Information > Term status
bonsai_8-0,citation.termType,citation.termtype,Citation Information > Term type
bonsai_8-0,citation.termFlag,citation.termflag,Citation Information > Term flag
bonsai_8-0,citation.termLanguage,citation.termlanguage,Citation Information > Term language
bonsai_8-0,citation.termPrefForLang,citation.termprefforlang,Citation Information > Term preferred for lang
bonsai_8-0,citation.termFullCitation,citation.termfullcitation,Citation Information > Term full citation
bonsai_8-0,citation.termTitle,citation.termtitle,Citation Information > Term title
bonsai_8-0,citation.termSubTitle,citation.termsubtitle,Citation Information > Term subtitle
bonsai_8-0,citation.termSectionTitle,citation.termsectiontitle,Citation Information > Term section title
bonsai_8-0,citation.termVolume,citation.termvolume,Citation Information > Term volume
bonsai_8-0,citation.termIssue,citation.termissue,Citation Information > Term issue
bonsai_8-0,citation.termSource,citation.termsource,Citation Information > Source > Term source name
bonsai_8-0,citation.termSourceDetail,citation.termsourcedetail,Citation Information > Source > Term source detail
bonsai_8-0,citation.termSourceID,citation.termsourceid,Citation Information > Source > Term source ID
bonsai_8-0,citation.termSourceNote,citation.termsourcenote,Citation Information > Source > Term source note
bonsai_8-0,citation.publisher,citation.publisher,Citation Information > Publisher
bonsai_8-0,citation.publicationPlace,citation.publicationplace,Citation Information > Publication place
bonsai_8-0,citation.publicationDate,citation.publicationdate,Citation Information > Publication date
bonsai_8-0,citation.edition,citation.edition,Citation Information > Publication edition
bonsai_8-0,citation.pages,citation.pages,Citation Information > Publication page(s)
bonsai_8-0,citation.agent,citation.agent,Citation Information > Agent name
bonsai_8-0,citation.role,citation.role,Citation Information > Agent role
bonsai_8-0,citation.note,citation.note,Citation Information > Agent note
bonsai_8-0,citation.citationNote,citation.citationnote,Citation Information > Note
bonsai_8-0,citation.resourceIdent,citation.resourceident,Citation Information > Resource identifier
bonsai_8-0,citation.type,citation.type,Citation Information > Resource identifier type
bonsai_8-0,citation.captureDate,citation.capturedate,Citation Information > Resource identifier capture date
bonsai_8-0,citation.relatedTerm,citation.relatedterm,Citation Information > Related term
bonsai_8-0,citation.relationType,citation.relationtype,Citation Information > Related term type
bonsai_8-0,collectionobject.objectNumber,collectionobject.objectnumber,Object Identification Information > Identification number
bonsai_8-0,collectionobject.taxon,collectionobject.taxon,Object Identification Information > Scientific name
bonsai_8-0,collectionobject.commonName,collectionobject.commonname,Object Identification Information > Common name
bonsai_8-0,collectionobject.japaneseName,collectionobject.japanesename,Object Identification Information > Japanese name
bonsai_8-0,collectionobject.nativeSpecies,collectionobject.nativespecies,Object Identification Information > Native species?
bonsai_8-0,collectionobject.collection,collectionobject.collection,Object Identification Information > Collection
bonsai_8-0,collectionobject.namedCollection,collectionobject.namedcollection,Object Identification Information > Named collection
bonsai_8-0,collectionobject.recordStatus,collectionobject.recordstatus,Object Identification Information > Record status
bonsai_8-0,collectionobject.sponsor,collectionobject.sponsor,Object Identification Information > Sponsor
bonsai_8-0,collectionobject.sponsorStartDate,collectionobject.sponsorstartdate,Object Identification Information > Sponsor start date
bonsai_8-0,collectionobject.sponsorEndDate,collectionobject.sponsorenddate,Object Identification Information > Sponsor end date
bonsai_8-0,collectionobject.publishTo,collectionobject.publishto,Object Identification Information > Publish to
bonsai_8-0,collectionobject.inventoryStatus,collectionobject.inventorystatus,Object Identification Information > Inventory status
bonsai_8-0,collectionobject.briefDescription,collectionobject.briefdescription,Object Identification Information > Brief description
bonsai_8-0,collectionobject.distinguishingFeatures,collectionobject.distinguishingfeatures,Object Identification Information > Distinguishing features
bonsai_8-0,collectionobject.comment,collectionobject.comment,Object Identification Information > Comment
bonsai_8-0,collectionobject.assignedVolunteer,collectionobject.assignedvolunteer,Object Identification Information > Assigned volunteer
bonsai_8-0,collectionobject.computedCurrentLocation,collectionobject.computedcurrentlocation,Object Identification Information > Computed current location
bonsai_8-0,collectionobject.homeLocation,collectionobject.homelocation,Object Identification Information > Home location
bonsai_8-0,collectionobject.homeLocationNote,collectionobject.homelocationnote,Object Identification Information > Home location note
bonsai_8-0,collectionobject.annotationType,collectionobject.annotationtype,Object Identification Information > Annotation type
bonsai_8-0,collectionobject.annotationDate,collectionobject.annotationdate,Object Identification Information > Annotation date
bonsai_8-0,collectionobject.annotationAuthor,collectionobject.annotationauthor,Object Identification Information > Annotation author
bonsai_8-0,collectionobject.annotationNote,collectionobject.annotationnote,Object Identification Information > Annotation note
bonsai_8-0,collectionobject.title,collectionobject.title,Object Identification Information > Title
bonsai_8-0,collectionobject.titleLanguage,collectionobject.titlelanguage,Object Identification Information > Title language
bonsai_8-0,collectionobject.titleType,collectionobject.titletype,Object Identification Information > Title type
bonsai_8-0,collectionobject.titleTranslation,collectionobject.titletranslation,Object Identification Information > Title translation
bonsai_8-0,collectionobject.titleTranslationLanguage,collectionobject.titletranslationlanguage,Object Identification Information > Title translation language
bonsai_8-0,collectionobject.copyNumber,collectionobject.copynumber,Object Description Information > Copy number
bonsai_8-0,collectionobject.potStyle,collectionobject.potstyle,Object Description Information > Pot style
bonsai_8-0,collectionobject.treeType,collectionobject.treetype,Object Description Information > Tree type
bonsai_8-0,collectionobject.physicalDescription,collectionobject.physicaldescription,Object Description Information > Physical description
bonsai_8-0,collectionobject.color,collectionobject.color,Object Description Information > Color
bonsai_8-0,collectionobject.measuredPart,collectionobject.measuredpart,Object Description Information > Measured part
bonsai_8-0,collectionobject.dimensionSummary,collectionobject.dimensionsummary,Object Description Information > Dimension summary
bonsai_8-0,collectionobject.dimension,collectionobject.dimension,Object Description Information > Measurement dimension
bonsai_8-0,collectionobject.measuredBy,collectionobject.measuredby,Object Description Information > Measured by
bonsai_8-0,collectionobject.measurementMethod,collectionobject.measurementmethod,Object Description Information > Measurement method
bonsai_8-0,collectionobject.value,collectionobject.value,Object Description Information > Measurement value
bonsai_8-0,collectionobject.measurementUnit,collectionobject.measurementunit,Object Description Information > Measurement unit
bonsai_8-0,collectionobject.valueQualifier,collectionobject.valuequalifier,Object Description Information > Measurement qualifier
bonsai_8-0,collectionobject.valueDate,collectionobject.valuedate,Object Description Information > Measurement date
bonsai_8-0,collectionobject.measuredPartNote,collectionobject.measuredpartnote,Object Description Information > Dimension note
bonsai_8-0,collectionobject.flowersJan,collectionobject.flowersjan,Object Description Information > Accession Attributes > Flowers > Flowers Jan
bonsai_8-0,collectionobject.flowersFeb,collectionobject.flowersfeb,Object Description Information > Accession Attributes > Flowers > Flowers Feb
bonsai_8-0,collectionobject.flowersMar,collectionobject.flowersmar,Object Description Information > Accession Attributes > Flowers > Flowers Mar
bonsai_8-0,collectionobject.flowersApr,collectionobject.flowersapr,Object Description Information > Accession Attributes > Flowers > Flowers Apr
bonsai_8-0,collectionobject.flowersMay,collectionobject.flowersmay,Object Description Information > Accession Attributes > Flowers > Flowers May
bonsai_8-0,collectionobject.flowersJun,collectionobject.flowersjun,Object Description Information > Accession Attributes > Flowers > Flowers Jun
bonsai_8-0,collectionobject.flowersJul,collectionobject.flowersjul,Object Description Information > Accession Attributes > Flowers > Flowers Jul
bonsai_8-0,collectionobject.flowersAug,collectionobject.flowersaug,Object Description Information > Accession Attributes > Flowers > Flowers Aug
bonsai_8-0,collectionobject.flowersSep,collectionobject.flowerssep,Object Description Information > Accession Attributes > Flowers > Flowers Sep
bonsai_8-0,collectionobject.flowersOct,collectionobject.flowersoct,Object Description Information > Accession Attributes > Flowers > Flowers Oct
bonsai_8-0,collectionobject.flowersNov,collectionobject.flowersnov,Object Description Information > Accession Attributes > Flowers > Flowers Nov
bonsai_8-0,collectionobject.flowersDec,collectionobject.flowersdec,Object Description Information > Accession Attributes > Flowers > Flowers Dec
bonsai_8-0,collectionobject.fruitsJan,collectionobject.fruitsjan,Object Description Information > Accession Attributes > Fruits > Fruits Jan
bonsai_8-0,collectionobject.fruitsFeb,collectionobject.fruitsfeb,Object Description Information > Accession Attributes > Fruits > Fruits Feb
bonsai_8-0,collectionobject.fruitsMar,collectionobject.fruitsmar,Object Description Information > Accession Attributes > Fruits > Fruits Mar
bonsai_8-0,collectionobject.fruitsApr,collectionobject.fruitsapr,Object Description Information > Accession Attributes > Fruits > Fruits Apr
bonsai_8-0,collectionobject.fruitsMay,collectionobject.fruitsmay,Object Description Information > Accession Attributes > Fruits > Fruits May
bonsai_8-0,collectionobject.fruitsJun,collectionobject.fruitsjun,Object Description Information > Accession Attributes > Fruits > Fruits Jun
bonsai_8-0,collectionobject.fruitsJul,collectionobject.fruitsjul,Object Description Information > Accession Attributes > Fruits > Fruits Jul
bonsai_8-0,collectionobject.fruitsAug,collectionobject.fruitsaug,Object Description Information > Accession Attributes > Fruits > Fruits Aug
bonsai_8-0,collectionobject.fruitsSep,collectionobject.fruitssep,Object Description Information > Accession Attributes > Fruits > Fruits Sep
bonsai_8-0,collectionobject.fruitsOct,collectionobject.fruitsoct,Object Description Information > Accession Attributes > Fruits > Fruits Oct
bonsai_8-0,collectionobject.fruitsNov,collectionobject.fruitsnov,Object Description Information > Accession Attributes > Fruits > Fruits Nov
bonsai_8-0,collectionobject.fruitsDec,collectionobject.fruitsdec,Object Description Information > Accession Attributes > Fruits > Fruits Dec
bonsai_8-0,collectionobject.contentDescription,collectionobject.contentdescription,Object Description Information > Content > Content description
bonsai_8-0,collectionobject.contentLanguage,collectionobject.contentlanguage,Object Description Information > Content > Content language
bonsai_8-0,collectionobject.contentActivity,collectionobject.contentactivity,Object Description Information > Content > Content activity
bonsai_8-0,collectionobject.contentConcept,collectionobject.contentconcept,Object Description Information > Content > Content concept
bonsai_8-0,collectionobject.contentPosition,collectionobject.contentposition,Object Description Information > Content > Content position
bonsai_8-0,collectionobject.contentObject,collectionobject.contentobject,Object Description Information > Content > Content object name
bonsai_8-0,collectionobject.contentObjectType,collectionobject.contentobjecttype,Object Description Information > Content > Content object type
bonsai_8-0,collectionobject.contentPeople,collectionobject.contentpeople,Object Description Information > Content > Content people
bonsai_8-0,collectionobject.contentPerson,collectionobject.contentperson,Object Description Information > Content > Content person
bonsai_8-0,collectionobject.contentPlace,collectionobject.contentplace,Object Description Information > Content > Content place
bonsai_8-0,collectionobject.contentScript,collectionobject.contentscript,Object Description Information > Content > Content script
bonsai_8-0,collectionobject.contentOrganization,collectionobject.contentorganization,Object Description Information > Content > Content organization
bonsai_8-0,collectionobject.contentEventName,collectionobject.contenteventname,Object Description Information > Content > Content event name
bonsai_8-0,collectionobject.contentEventNameType,collectionobject.contenteventnametype,Object Description Information > Content > Content event type
bonsai_8-0,collectionobject.contentOther,collectionobject.contentother,Object Description Information > Content > Content other name
bonsai_8-0,collectionobject.contentOtherType,collectionobject.contentothertype,Object Description Information > Content > Content other type
bonsai_8-0,collectionobject.contentNote,collectionobject.contentnote,Object Description Information > Content > Content note
bonsai_8-0,collectionobject.inscriptionContent,collectionobject.inscriptioncontent,Object Description Information > Textual Inscription > Textual inscription content
bonsai_8-0,collectionobject.inscriptionContentInscriber,collectionobject.inscriptioncontentinscriber,Object Description Information > Textual Inscription > Textual inscription inscriber
bonsai_8-0,collectionobject.inscriptionContentLanguage,collectionobject.inscriptioncontentlanguage,Object Description Information > Textual Inscription > Textual inscription language
bonsai_8-0,collectionobject.inscriptionContentDateGroup,collectionobject.inscriptioncontentdategroup,Object Description Information > Textual Inscription > Textual inscription date
bonsai_8-0,collectionobject.inscriptionContentPosition,collectionobject.inscriptioncontentposition,Object Description Information > Textual Inscription > Textual inscription position
bonsai_8-0,collectionobject.inscriptionContentScript,collectionobject.inscriptioncontentscript,Object Description Information > Textual Inscription > Textual inscription script
bonsai_8-0,collectionobject.inscriptionContentType,collectionobject.inscriptioncontenttype,Object Description Information > Textual Inscription > Textual inscription type
bonsai_8-0,collectionobject.inscriptionContentMethod,collectionobject.inscriptioncontentmethod,Object Description Information > Textual Inscription > Textual inscription method
bonsai_8-0,collectionobject.inscriptionContentInterpretation,collectionobject.inscriptioncontentinterpretation,Object Description Information > Textual Inscription > Textual inscription interpretation
bonsai_8-0,collectionobject.inscriptionContentTranslation,collectionobject.inscriptioncontenttranslation,Object Description Information > Textual Inscription > Textual inscription translation
bonsai_8-0,collectionobject.inscriptionContentTransliteration,collectionobject.inscriptioncontenttransliteration,Object Description Information > Textual Inscription > Textual inscription transliteration
bonsai_8-0,collectionobject.inscriptionDescription,collectionobject.inscriptiondescription,Object Description Information > Non-Textual Inscription > Non-textual inscription description
bonsai_8-0,collectionobject.inscriptionDescriptionInscriber,collectionobject.inscriptiondescriptioninscriber,Object Description Information > Non-Textual Inscription > Non-textual inscription inscriber
bonsai_8-0,collectionobject.inscriptionDescriptionDateGroup,collectionobject.inscriptiondescriptiondategroup,Object Description Information > Non-Textual Inscription > Non-textual inscription date
bonsai_8-0,collectionobject.inscriptionDescriptionPosition,collectionobject.inscriptiondescriptionposition,Object Description Information > Non-Textual Inscription > Non-textual inscription position
bonsai_8-0,collectionobject.inscriptionDescriptionType,collectionobject.inscriptiondescriptiontype,Object Description Information > Non-Textual Inscription > Non-textual inscription type
bonsai_8-0,collectionobject.inscriptionDescriptionMethod,collectionobject.inscriptiondescriptionmethod,Object Description Information > Non-Textual Inscription > Non-textual inscription method
bonsai_8-0,collectionobject.inscriptionDescriptionInterpretation,collectionobject.inscriptiondescriptioninterpretation,Object Description Information > Non-Textual Inscription > Non-textual inscription interpretation
bonsai_8-0,collectionobject.objectProductionDateGroup,collectionobject.objectproductiondategroup,Object Production Information > Production date
bonsai_8-0,collectionobject.technique,collectionobject.technique,Object Production Information > Production technique
bonsai_8-0,collectionobject.techniqueType,collectionobject.techniquetype,Object Production Information > Production technique type
bonsai_8-0,collectionobject.objectProductionPlace,collectionobject.objectproductionplace,Object Production Information > Production place
bonsai_8-0,collectionobject.objectProductionPlaceRole,collectionobject.objectproductionplacerole,Object Production Information > Production place role
bonsai_8-0,collectionobject.objectProductionReason,collectionobject.objectproductionreason,Object Production Information > Production reason
bonsai_8-0,collectionobject.objectProductionPerson,collectionobject.objectproductionperson,Object Production Information > Production person
bonsai_8-0,collectionobject.objectProductionPersonRole,collectionobject.objectproductionpersonrole,Object Production Information > Production person role
bonsai_8-0,collectionobject.objectProductionOrganization,collectionobject.objectproductionorganization,Object Production Information > Production organization
bonsai_8-0,collectionobject.objectProductionOrganizationRole,collectionobject.objectproductionorganizationrole,Object Production Information > Production organization role
bonsai_8-0,collectionobject.objectProductionAgent,collectionobject.objectproductionagent,Object Production Information > Production agent (verbatim)
bonsai_8-0,collectionobject.objectProductionNote,collectionobject.objectproductionnote,Object Production Information > Production note
bonsai_8-0,collectionobject.assocActivity,collectionobject.assocactivity,Object History and Association Information > Associations > Associated activity
bonsai_8-0,collectionobject.assocActivityType,collectionobject.assocactivitytype,Object History and Association Information > Associations > Associated activity type
bonsai_8-0,collectionobject.assocActivityNote,collectionobject.assocactivitynote,Object History and Association Information > Associations > Associated activity note
bonsai_8-0,collectionobject.assocObject,collectionobject.assocobject,Object History and Association Information > Associations > Associated object
bonsai_8-0,collectionobject.assocObjectType,collectionobject.assocobjecttype,Object History and Association Information > Associations > Associated object type
bonsai_8-0,collectionobject.assocObjectNote,collectionobject.assocobjectnote,Object History and Association Information > Associations > Associated object note
bonsai_8-0,collectionobject.assocConcept,collectionobject.assocconcept,Object History and Association Information > Associations > Associated concept
bonsai_8-0,collectionobject.assocConceptType,collectionobject.assocconcepttype,Object History and Association Information > Associations > Associated concept type
bonsai_8-0,collectionobject.assocConceptNote,collectionobject.assocconceptnote,Object History and Association Information > Associations > Associated concept note
bonsai_8-0,collectionobject.assocCulturalContext,collectionobject.assocculturalcontext,Object History and Association Information > Associations > Associated cultural affinity
bonsai_8-0,collectionobject.assocCulturalContextType,collectionobject.assocculturalcontexttype,Object History and Association Information > Associations > Associated cultural affinity type
bonsai_8-0,collectionobject.assocCulturalContextNote,collectionobject.assocculturalcontextnote,Object History and Association Information > Associations > Associated cultural affinity note
bonsai_8-0,collectionobject.assocOrganization,collectionobject.assocorganization,Object History and Association Information > Associations > Associated organization
bonsai_8-0,collectionobject.assocOrganizationType,collectionobject.assocorganizationtype,Object History and Association Information > Associations > Associated organization type
bonsai_8-0,collectionobject.assocOrganizationNote,collectionobject.assocorganizationnote,Object History and Association Information > Associations > Associated organization note
bonsai_8-0,collectionobject.assocPeople,collectionobject.assocpeople,Object History and Association Information > Associations > Associated people
bonsai_8-0,collectionobject.assocPeopleType,collectionobject.assocpeopletype,Object History and Association Information > Associations > Associated people type
bonsai_8-0,collectionobject.assocPeopleNote,collectionobject.assocpeoplenote,Object History and Association Information > Associations > Associated people note
bonsai_8-0,collectionobject.assocPerson,collectionobject.assocperson,Object History and Association Information > Associations > Associated person
bonsai_8-0,collectionobject.assocPersonType,collectionobject.assocpersontype,Object History and Association Information > Associations > Associated person type
bonsai_8-0,collectionobject.assocPersonNote,collectionobject.assocpersonnote,Object History and Association Information > Associations > Associated person note
bonsai_8-0,collectionobject.assocPlace,collectionobject.assocplace,Object History and Association Information > Associations > Associated place
bonsai_8-0,collectionobject.assocPlaceType,collectionobject.assocplacetype,Object History and Association Information > Associations > Associated place type
bonsai_8-0,collectionobject.assocPlaceNote,collectionobject.assocplacenote,Object History and Association Information > Associations > Associated place note
bonsai_8-0,collectionobject.assocEventName,collectionobject.assoceventname,Object History and Association Information > Associations > Associated event > Associated event
bonsai_8-0,collectionobject.assocEventNameType,collectionobject.assoceventnametype,Object History and Association Information > Associations > Associated event > Associated event type
bonsai_8-0,collectionobject.assocEventOrganization,collectionobject.assoceventorganization,Object History and Association Information > Associations > Associated event organization
bonsai_8-0,collectionobject.assocEventPeople,collectionobject.assoceventpeople,Object History and Association Information > Associations > Associated event people
bonsai_8-0,collectionobject.assocEventPerson,collectionobject.assoceventperson,Object History and Association Information > Associations > Associated event person
bonsai_8-0,collectionobject.assocEventPlace,collectionobject.assoceventplace,Object History and Association Information > Associations > Associated event place
bonsai_8-0,collectionobject.assocEventNote,collectionobject.assoceventnote,Object History and Association Information > Associations > Associated event note
bonsai_8-0,collectionobject.assocStructuredDateGroup,collectionobject.assocstructureddategroup,Object History and Association Information > Associations > Associated date value
bonsai_8-0,collectionobject.assocDateType,collectionobject.assocdatetype,Object History and Association Information > Associations > Associated date type
bonsai_8-0,collectionobject.assocDateNote,collectionobject.assocdatenote,Object History and Association Information > Associations > Associated date note
bonsai_8-0,collectionobject.objectHistoryNote,collectionobject.objecthistorynote,Object History and Association Information > Object history note
bonsai_8-0,collectionobject.usage,collectionobject.usage,Object History and Association Information > Usage
bonsai_8-0,collectionobject.usageNote,collectionobject.usagenote,Object History and Association Information > Usage note
bonsai_8-0,collectionobject.owner,collectionobject.owner,Object History and Association Information > Owner
bonsai_8-0,collectionobject.ownershipDateGroup,collectionobject.ownershipdategroup,Object History and Association Information > Ownership date
bonsai_8-0,collectionobject.ownershipCategory,collectionobject.ownershipcategory,Object History and Association Information > Ownership category
bonsai_8-0,collectionobject.ownershipPlace,collectionobject.ownershipplace,Object History and Association Information > Ownership place
bonsai_8-0,collectionobject.ownershipExchangeMethod,collectionobject.ownershipexchangemethod,Object History and Association Information > Ownership exchange > Ownership exchange method
bonsai_8-0,collectionobject.ownershipExchangeNote,collectionobject.ownershipexchangenote,Object History and Association Information > Ownership exchange > Ownership exchange note
bonsai_8-0,collectionobject.ownershipExchangePriceCurrency,collectionobject.ownershipexchangepricecurrency,Object History and Association Information > Ownership exchange > Ownership exchange price currency
bonsai_8-0,collectionobject.ownershipExchangePriceValue,collectionobject.ownershipexchangepricevalue,Object History and Association Information > Ownership exchange > Ownership exchange price value
bonsai_8-0,collectionobject.ownersPersonalExperience,collectionobject.ownerspersonalexperience,Object Owner's Contribution Information > Owner's personal experience
bonsai_8-0,collectionobject.ownersPersonalResponse,collectionobject.ownerspersonalresponse,Object Owner's Contribution Information > Owner's personal response
bonsai_8-0,collectionobject.ownersReference,collectionobject.ownersreference,Object Owner's Contribution Information > Owner's reference
bonsai_8-0,collectionobject.ownersContributionNote,collectionobject.ownerscontributionnote,Object Owner's Contribution Information > Owner's contribution note
bonsai_8-0,collectionobject.viewersRole,collectionobject.viewersrole,Object Viewer's Contribution Information > Viewer's role
bonsai_8-0,collectionobject.viewersPersonalExperience,collectionobject.viewerspersonalexperience,Object Viewer's Contribution Information > Viewer's personal experience
bonsai_8-0,collectionobject.viewersPersonalResponse,collectionobject.viewerspersonalresponse,Object Viewer's Contribution Information > Viewer's personal response
bonsai_8-0,collectionobject.viewersReference,collectionobject.viewersreference,Object Viewer's Contribution Information > Viewer's reference
bonsai_8-0,collectionobject.viewersContributionNote,collectionobject.viewerscontributionnote,Object Viewer's Contribution Information > Viewer's contribution note
bonsai_8-0,collectionobject.reference,collectionobject.reference,Reference Information > Reference
bonsai_8-0,collectionobject.referenceNote,collectionobject.referencenote,Reference Information > Reference note
bonsai_8-0,collectionobject.relatedLink,collectionobject.relatedlink,Reference Information > Published related link url
bonsai_8-0,collectionobject.descriptiveTitle,collectionobject.descriptivetitle,Reference Information > Published related link descriptive title
bonsai_8-0,collectionobject.fieldCollectionDateGroup,collectionobject.fieldcollectiondategroup,Object Collection Information > Field collection date
bonsai_8-0,collectionobject.fieldCollectionMethod,collectionobject.fieldcollectionmethod,Object Collection Information > Field collection method
bonsai_8-0,collectionobject.fieldCollectionPlace,collectionobject.fieldcollectionplace,Object Collection Information > Field collection place
bonsai_8-0,collectionobject.fieldCollectionSource,collectionobject.fieldcollectionsource,Object Collection Information > Field collection source
bonsai_8-0,collectionobject.fieldCollector,collectionobject.fieldcollector,Object Collection Information > Field collector
bonsai_8-0,collectionobject.fieldCollectionFeature,collectionobject.fieldcollectionfeature,Object Collection Information > Field collection feature
bonsai_8-0,collectionobject.fieldCollectionNote,collectionobject.fieldcollectionnote,Object Collection Information > Field collection note
bonsai_8-0,concept.termDisplayName,concept.termdisplayname,Concept Information > Term display name
bonsai_8-0,concept.termName,concept.termname,Concept Information > Term name
bonsai_8-0,concept.termQualifier,concept.termqualifier,Concept Information > Term qualifier
bonsai_8-0,concept.termStatus,concept.termstatus,Concept Information > Term status
bonsai_8-0,concept.termType,concept.termtype,Concept Information > Term type
bonsai_8-0,concept.termFlag,concept.termflag,Concept Information > Term flag
bonsai_8-0,concept.historicalStatus,concept.historicalstatus,Concept Information > Term historical status
bonsai_8-0,concept.termLanguage,concept.termlanguage,Concept Information > Term language
bonsai_8-0,concept.termPrefForLang,concept.termprefforlang,Concept Information > Term preferred for lang
bonsai_8-0,concept.termSource,concept.termsource,Concept Information > Source > Term source name
bonsai_8-0,concept.termSourceDetail,concept.termsourcedetail,Concept Information > Source > Term source detail
bonsai_8-0,concept.termSourceID,concept.termsourceid,Concept Information > Source > Term source ID
bonsai_8-0,concept.termSourceNote,concept.termsourcenote,Concept Information > Source > Term source note
bonsai_8-0,concept.conceptRecordType,concept.conceptrecordtype,Concept Information > Concept type
bonsai_8-0,concept.scopeNote,concept.scopenote,Concept Information > Scope note > Scope note
bonsai_8-0,concept.scopeNoteSource,concept.scopenotesource,Concept Information > Scope note > Scope note source
bonsai_8-0,concept.scopeNoteSourceDetail,concept.scopenotesourcedetail,Concept Information > Scope note > Scope note source detail
bonsai_8-0,concept.citationSource,concept.citationsource,Concept Information > Citation source
bonsai_8-0,concept.citationSourceDetail,concept.citationsourcedetail,Concept Information > Citation source detail
bonsai_8-0,concept.additionalSource,concept.additionalsource,Concept Information > Additional source
bonsai_8-0,concept.additionalSourceDetail,concept.additionalsourcedetail,Concept Information > Additional source detail
bonsai_8-0,concept.additionalSourceID,concept.additionalsourceid,Concept Information > Additional source ID
bonsai_8-0,concept.additionalSourceNote,concept.additionalsourcenote,Concept Information > Additional source note
bonsai_8-0,conditioncheck.conditionCheckRefNumber,conditioncheck.conditioncheckrefnumber,Condition Check/Technical Assessment Information > Reference number
bonsai_8-0,conditioncheck.conditionCheckAssessmentDate,conditioncheck.conditioncheckassessmentdate,Condition Check/Technical Assessment Information > Check/assessment date
bonsai_8-0,conditioncheck.conditionChecker,conditioncheck.conditionchecker,Condition Check/Technical Assessment Information > Checker/assessor
bonsai_8-0,conditioncheck.conditionCheckNote,conditioncheck.conditionchecknote,Condition Check/Technical Assessment Information > Note
bonsai_8-0,conditioncheck.objectAuditCategory,conditioncheck.objectauditcategory,Object Condition Information > Object audit category
bonsai_8-0,conditioncheck.conservationTreatmentPriority,conditioncheck.conservationtreatmentpriority,Object Condition Information > Conservation treatment priority
bonsai_8-0,conditioncheck.nextConditionCheckDate,conditioncheck.nextconditioncheckdate,Object Condition Information > Next check/assessment date
bonsai_8-0,conditioncheck.completeness,conditioncheck.completeness,Object Condition Information > Completeness description
bonsai_8-0,conditioncheck.completenessDate,conditioncheck.completenessdate,Object Condition Information > Completeness date
bonsai_8-0,conditioncheck.completenessNote,conditioncheck.completenessnote,Object Condition Information > Completeness note
bonsai_8-0,conditioncheck.techAssessment,conditioncheck.techassessment,Object Condition Information > Technical assessment description
bonsai_8-0,conditioncheck.techAssessmentDate,conditioncheck.techassessmentdate,Object Condition Information > Technical assessment date
bonsai_8-0,conditioncheck.condition,conditioncheck.condition,Object Condition Information > Condition description
bonsai_8-0,conditioncheck.conditionDate,conditioncheck.conditiondate,Object Condition Information > Condition date
bonsai_8-0,conditioncheck.conditionNote,conditioncheck.conditionnote,Object Condition Information > Condition note
bonsai_8-0,conditioncheck.displayRecommendations,conditioncheck.displayrecommendations,Object Recommendation/Requirement Information > Display recommendation
bonsai_8-0,conditioncheck.handlingRecommendations,conditioncheck.handlingrecommendations,Object Recommendation/Requirement Information > Handling recommendation
bonsai_8-0,conditioncheck.envRecommendations,conditioncheck.envrecommendations,Object Recommendation/Requirement Information > Environmental recommendation
bonsai_8-0,conditioncheck.specialRequirements,conditioncheck.specialrequirements,Object Recommendation/Requirement Information > Special requirement
bonsai_8-0,conditioncheck.legalRequirements,conditioncheck.legalrequirements,Object Recommendation/Requirement Information > Legal requirement
bonsai_8-0,conditioncheck.legalReqsHeld,conditioncheck.legalreqsheld,Object Recommendation/Requirement Information > Legal/license requirement held description
bonsai_8-0,conditioncheck.legalReqsHeldBeginDate,conditioncheck.legalreqsheldbegindate,Object Recommendation/Requirement Information > Legal/license requirement held begin date
bonsai_8-0,conditioncheck.legalReqsHeldEndDate,conditioncheck.legalreqsheldenddate,Object Recommendation/Requirement Information > Legal/license requirement held end date
bonsai_8-0,conditioncheck.legalReqsHeldNumber,conditioncheck.legalreqsheldnumber,Object Recommendation/Requirement Information > Legal/license requirement held number
bonsai_8-0,conditioncheck.legalReqsHeldRenewDate,conditioncheck.legalreqsheldrenewdate,Object Recommendation/Requirement Information > Legal/license requirement held renewal date
bonsai_8-0,conditioncheck.salvagePriorityCode,conditioncheck.salvageprioritycode,Object Recommendation/Requirement Information > Salvage priority code
bonsai_8-0,conditioncheck.salvagePriorityCodeDate,conditioncheck.salvageprioritycodedate,Object Recommendation/Requirement Information > Salvage priority date
bonsai_8-0,conservation.conservationNumber,conservation.conservationnumber,Conservation Treatment Information > Reference number
bonsai_8-0,conservation.status,conservation.status,Conservation Treatment Information > Procedural status
bonsai_8-0,conservation.statusDate,conservation.statusdate,Conservation Treatment Information > Procedural status date
bonsai_8-0,conservation.treatmentPurpose,conservation.treatmentpurpose,Conservation Treatment Information > Treatment purpose
bonsai_8-0,conservation.treatmentPerformed,conservation.treatmentperformed,Conservation Treatment Information > Treatment performed
bonsai_8-0,conservation.conservator,conservation.conservator,Conservation Treatment Information > Treatment performed by
bonsai_8-0,conservation.otherParty,conservation.otherparty,Conservation Treatment Information > Other treatment party name
bonsai_8-0,conservation.otherPartyRole,conservation.otherpartyrole,Conservation Treatment Information > Other treatment party role
bonsai_8-0,conservation.otherPartyNote,conservation.otherpartynote,Conservation Treatment Information > Other treatment party note
bonsai_8-0,conservation.proposedTreatment,conservation.proposedtreatment,Conservation Treatment Information > Proposed treatment
bonsai_8-0,conservation.approvedBy,conservation.approvedby,Conservation Treatment Information > Approved by
bonsai_8-0,conservation.approvedDate,conservation.approveddate,Conservation Treatment Information > Approval date
bonsai_8-0,conservation.treatmentStartDate,conservation.treatmentstartdate,Conservation Treatment Information > Treatment start date
bonsai_8-0,conservation.treatmentEndDate,conservation.treatmentenddate,Conservation Treatment Information > Treatment end date
bonsai_8-0,conservation.treatmentSummary,conservation.treatmentsummary,Conservation Treatment Information > Treatment summary
bonsai_8-0,conservation.futureTreatment,conservation.futuretreatment,Object Analysis Information > Future treatment
bonsai_8-0,conservation.futureTreatmentDate,conservation.futuretreatmentdate,Object Analysis Information > Future treatment date
bonsai_8-0,conservation.futureTreatmentNote,conservation.futuretreatmentnote,Object Analysis Information > Future treatment note
bonsai_8-0,conservation.destAnalysisApprovedDate,conservation.destanalysisapproveddate,Object Analysis Information > Destructive analysis approval date
bonsai_8-0,conservation.destAnalysisApprovalNote,conservation.destanalysisapprovalnote,Object Analysis Information > Destructive analysis approval note
bonsai_8-0,conservation.sampleBy,conservation.sampleby,Object Analysis Information > Destructive analysis sample taken by
bonsai_8-0,conservation.sampleDate,conservation.sampledate,Object Analysis Information > Destructive analysis sample date
bonsai_8-0,conservation.sampleDescription,conservation.sampledescription,Object Analysis Information > Destructive analysis sample description
bonsai_8-0,conservation.sampleReturned,conservation.samplereturned,Object Analysis Information > Destructive analysis sample returned
bonsai_8-0,conservation.sampleReturnedLocation,conservation.samplereturnedlocation,Object Analysis Information > Destructive analysis sample returned location
bonsai_8-0,conservation.analysisMethod,conservation.analysismethod,Object Analysis Information > Analytical methodology
bonsai_8-0,conservation.analysisResults,conservation.analysisresults,Object Analysis Information > Analytical result
bonsai_8-0,conservation.fertilizerUsed,conservation.fertilizerused,Living Plant Information > Fertilization > Fertilizer used
bonsai_8-0,conservation.appliedBy,conservation.appliedby,Living Plant Information > Fertilization > Fertilizer applied by
bonsai_8-0,conservation.nitrogenPercent,conservation.nitrogenpercent,Living Plant Information > Fertilization > Fertilizer nitrogen %
bonsai_8-0,conservation.phosphorusPercent,conservation.phosphoruspercent,Living Plant Information > Fertilization > Fertilizer phosphorus %
bonsai_8-0,conservation.potassiumPercent,conservation.potassiumpercent,Living Plant Information > Fertilization > Fertilizer potassium %
bonsai_8-0,conservation.applicationDate,conservation.applicationdate,Living Plant Information > Fertilization > Fertilizer application date
bonsai_8-0,conservation.amountApplied,conservation.amountapplied,Living Plant Information > Fertilization > Fertilizer amount applied
bonsai_8-0,conservation.fertilizationNotes,conservation.fertilizationnotes,Living Plant Information > Fertilization > Fertilization note
bonsai_8-0,conservation.nextApplicationDate,conservation.nextapplicationdate,Living Plant Information > Fertilization > Fertilizer next application date
bonsai_8-0,conservation.fertilizerToBeUsed,conservation.fertilizertobeused,Living Plant Information > Fertilization > Fertilizer to be used
bonsai_8-0,conservation.pestOrDiseaseObserved,conservation.pestordiseaseobserved,Living Plant Information > Pest and Disease > Pest/disease observed
bonsai_8-0,conservation.identifiedBy,conservation.identifiedby,Living Plant Information > Pest and Disease > Pest/disease identified by
bonsai_8-0,conservation.dateObserved,conservation.dateobserved,Living Plant Information > Pest and Disease > Pest/disease date observed
bonsai_8-0,conservation.treatmentDate,conservation.treatmentdate,Living Plant Information > Pest and Disease > Pest/disease treatment date
bonsai_8-0,conservation.futureTreatmentDate,conservation.futuretreatmentdate,Living Plant Information > Pest and Disease > Pest/disease future treatment date
bonsai_8-0,conservation.treatedBy,conservation.treatedby,Living Plant Information > Pest and Disease > Pest/disease treated by
bonsai_8-0,conservation.treatedWith,conservation.treatedwith,Living Plant Information > Pest and Disease > Pest/disease treated with
bonsai_8-0,conservation.futureTreatment,conservation.futuretreatment,Living Plant Information > Pest and Disease > Pest/disease future treatment
bonsai_8-0,conservation.futureTreatmentNotes,conservation.futuretreatmentnotes,Living Plant Information > Pest and Disease > Pest/disease future treatment note
bonsai_8-0,conservation.dateRepotted,conservation.daterepotted,Living Plant Information > Repotting > Date repotted
bonsai_8-0,conservation.nextRepotting,conservation.nextrepotting,Living Plant Information > Repotting > Next repotting
bonsai_8-0,conservation.soilMix,conservation.soilmix,Living Plant Information > Repotting > Repotting soil mix
bonsai_8-0,conservation.description,conservation.description,Living Plant Information > Repotting > Repotting description
bonsai_8-0,conservation.container,conservation.container,Living Plant Information > Repotting > Repotting container
bonsai_8-0,conservation.performedBy,conservation.performedby,Living Plant Information > Repotting > Repotting performed by
bonsai_8-0,conservation.plannedTreatment,conservation.plannedtreatment,Living Plant Information > Repotting > Repotting planned treatment
bonsai_8-0,exhibition.exhibitionNumber,exhibition.exhibitionnumber,Exhibition Information > Exhibition number
bonsai_8-0,exhibition.type,exhibition.type,Exhibition Information > Type
bonsai_8-0,exhibition.title,exhibition.title,Exhibition Information > Title
bonsai_8-0,exhibition.sponsor,exhibition.sponsor,Exhibition Information > Sponsor
bonsai_8-0,exhibition.organizer,exhibition.organizer,Exhibition Information > Organizer
bonsai_8-0,exhibition.publishTo,exhibition.publishto,Exhibition Information > Publish to
bonsai_8-0,exhibition.venue,exhibition.venue,Exhibition Information > Venue name
bonsai_8-0,exhibition.venueOpeningDate,exhibition.venueopeningdate,Exhibition Information > Venue opening date
bonsai_8-0,exhibition.venueClosingDate,exhibition.venueclosingdate,Exhibition Information > Venue closing date
bonsai_8-0,exhibition.venueAttendance,exhibition.venueattendance,Exhibition Information > Venue attendance
bonsai_8-0,exhibition.venueUrl,exhibition.venueurl,Exhibition Information > Venue web address
bonsai_8-0,exhibition.workingGroupTitle,exhibition.workinggrouptitle,Exhibition Information > Working group title
bonsai_8-0,exhibition.workingGroupNote,exhibition.workinggroupnote,Exhibition Information > Working group note
bonsai_8-0,exhibition.exhibitionPerson,exhibition.exhibitionperson,Exhibition Information > Working group member name
bonsai_8-0,exhibition.exhibitionPersonRole,exhibition.exhibitionpersonrole,Exhibition Information > Working group member role
bonsai_8-0,exhibition.planningNote,exhibition.planningnote,Exhibition Information > Planning note
bonsai_8-0,exhibition.curatorialNote,exhibition.curatorialnote,Exhibition Information > Curatorial note
bonsai_8-0,exhibition.generalNote,exhibition.generalnote,Exhibition Information > General note
bonsai_8-0,exhibition.boilerplateText,exhibition.boilerplatetext,Exhibition Information > Boilerplate text
bonsai_8-0,exhibition.galleryRotationName,exhibition.galleryrotationname,Exhibition Information > Gallery rotation name
bonsai_8-0,exhibition.galleryRotationStartDateGroup,exhibition.galleryrotationstartdategroup,Exhibition Information > Gallery rotation start date
bonsai_8-0,exhibition.galleryRotationEndDateGroup,exhibition.galleryrotationenddategroup,Exhibition Information > Gallery rotation end date
bonsai_8-0,exhibition.galleryRotationNote,exhibition.galleryrotationnote,Exhibition Information > Gallery rotation note
bonsai_8-0,exhibition.exhibitionReference,exhibition.exhibitionreference,Exhibition Information > Bibliographic reference
bonsai_8-0,exhibition.exhibitionReferenceType,exhibition.exhibitionreferencetype,Exhibition Information > Bibliographic reference type
bonsai_8-0,exhibition.exhibitionReferenceNote,exhibition.exhibitionreferencenote,Exhibition Information > Bibliographic reference note
bonsai_8-0,exhibition.exhibitionSectionName,exhibition.exhibitionsectionname,Exhibition Planning Information > Exhibition section name
bonsai_8-0,exhibition.exhibitionSectionLocation,exhibition.exhibitionsectionlocation,Exhibition Planning Information > Exhibition section location
bonsai_8-0,exhibition.exhibitionSectionObjects,exhibition.exhibitionsectionobjects,Exhibition Planning Information > Exhibition section objects
bonsai_8-0,exhibition.exhibitionSectionNote,exhibition.exhibitionsectionnote,Exhibition Planning Information > Exhibition section note
bonsai_8-0,exhibition.exhibitionStatus,exhibition.exhibitionstatus,Exhibition Planning Information > Exhibition status
bonsai_8-0,exhibition.exhibitionStatusDate,exhibition.exhibitionstatusdate,Exhibition Planning Information > Exhibition status date
bonsai_8-0,exhibition.exhibitionStatusNote,exhibition.exhibitionstatusnote,Exhibition Planning Information > Exhibition status note
bonsai_8-0,exhibition.exhibitionObjectNumber,exhibition.exhibitionobjectnumber,Exhibited Object Information > Object number
bonsai_8-0,exhibition.exhibitionObjectName,exhibition.exhibitionobjectname,Exhibited Object Information > Object name
bonsai_8-0,exhibition.exhibitionObjectConsCheckDate,exhibition.exhibitionobjectconscheckdate,Exhibited Object Information > Object cons. check
bonsai_8-0,exhibition.exhibitionObjectConsTreatment,exhibition.exhibitionobjectconstreatment,Exhibited Object Information > Object cons. treatment
bonsai_8-0,exhibition.exhibitionObjectSection,exhibition.exhibitionobjectsection,Exhibited Object Information > Object section
bonsai_8-0,exhibition.exhibitionObjectCase,exhibition.exhibitionobjectcase,Exhibited Object Information > Object case
bonsai_8-0,exhibition.exhibitionObjectSeqNum,exhibition.exhibitionobjectseqnum,Exhibited Object Information > Object seq. #
bonsai_8-0,exhibition.exhibitionObjectRotation,exhibition.exhibitionobjectrotation,Exhibited Object Information > Object rotation
bonsai_8-0,exhibition.exhibitionObjectNote,exhibition.exhibitionobjectnote,Exhibited Object Information > Object note
bonsai_8-0,group.title,group.title,Group Information > Title
bonsai_8-0,group.responsibleDepartment,group.responsibledepartment,Group Information > Responsible department
bonsai_8-0,group.owner,group.owner,Group Information > Group owner
bonsai_8-0,group.groupEarliestSingleDate,group.groupearliestsingledate,Group Information > Earliest/single date
bonsai_8-0,group.groupLatestDate,group.grouplatestdate,Group Information > Latest date
bonsai_8-0,group.scopeNote,group.scopenote,Group Information > Scope note
bonsai_8-0,insurance.insuranceIndemnityReferenceNumber,insurance.insuranceindemnityreferencenumber,Insurance and Indemnity Information > Reference number
bonsai_8-0,insurance.insuranceIndemnityType,insurance.insuranceindemnitytype,Insurance and Indemnity Information > Type
bonsai_8-0,insurance.insurerIndemnifier,insurance.insurerindemnifier,Insurance and Indemnity Information > Insurer/indemnifier
bonsai_8-0,insurance.insuranceIndemnityPolicyNumber,insurance.insuranceindemnitypolicynumber,Insurance and Indemnity Information > Policy number
bonsai_8-0,insurance.insuranceIndemnityCurrency,insurance.insuranceindemnitycurrency,Insurance and Indemnity Information > Insurance/indemnity price > Insurance/indemnity price currency
bonsai_8-0,insurance.insuranceIndemnityValue,insurance.insuranceindemnityvalue,Insurance and Indemnity Information > Insurance/indemnity price > Insurance/indemnity price value
bonsai_8-0,insurance.minimumLiabilityCurrency,insurance.minimumliabilitycurrency,Insurance and Indemnity Information > Minimum liability price > Minimum liability price currency
bonsai_8-0,insurance.minimumLiabilityValue,insurance.minimumliabilityvalue,Insurance and Indemnity Information > Minimum liability price > Minimum liability price value
bonsai_8-0,insurance.insuranceIndemnityAuthorizer,insurance.insuranceindemnityauthorizer,Insurance and Indemnity Information > Authorization > Authorizer
bonsai_8-0,insurance.insuranceIndemnityAuthorizationDate,insurance.insuranceindemnityauthorizationdate,Insurance and Indemnity Information > Authorization > Authorization date
bonsai_8-0,insurance.insuranceIndemnityStatus,insurance.insuranceindemnitystatus,Insurance and Indemnity Information > Status type
bonsai_8-0,insurance.insuranceIndemnityStatusDate,insurance.insuranceindemnitystatusdate,Insurance and Indemnity Information > Status date
bonsai_8-0,insurance.insuranceIndemnityStatusNote,insurance.insuranceindemnitystatusnote,Insurance and Indemnity Information > Status note
bonsai_8-0,insurance.insuranceIndemnityNote,insurance.insuranceindemnitynote,Insurance and Indemnity Information > Note
bonsai_8-0,insurance.insuranceIndemnityQuoteProvider,insurance.insuranceindemnityquoteprovider,Insurance and Indemnity Information > Quote provider
bonsai_8-0,insurance.insuranceIndemnityQuoteCurrency,insurance.insuranceindemnityquotecurrency,Insurance and Indemnity Information > Quote currency
bonsai_8-0,insurance.insuranceIndemnityQuoteValue,insurance.insuranceindemnityquotevalue,Insurance and Indemnity Information > Quote value
bonsai_8-0,insurance.insuranceIndemnityQuoteDate,insurance.insuranceindemnityquotedate,Insurance and Indemnity Information > Quote date
bonsai_8-0,intake.entryNumber,intake.entrynumber,Object Entry Information > Entry number
bonsai_8-0,intake.entryDate,intake.entrydate,Object Entry Information > Entry date
bonsai_8-0,intake.entryReason,intake.entryreason,Object Entry Information > Entry reason
bonsai_8-0,intake.entryMethod,intake.entrymethod,Object Entry Information > Entry method
bonsai_8-0,intake.returnDate,intake.returndate,Object Entry Information > Return date
bonsai_8-0,intake.currentOwner,intake.currentowner,Object Entry Information > Current owner
bonsai_8-0,intake.depositor,intake.depositor,Object Entry Information > Depositor name
bonsai_8-0,intake.depositorsRequirements,intake.depositorsrequirements,Object Entry Information > Depositor requirements
bonsai_8-0,intake.approvalGroup,intake.approvalgroup,Object Entry Information > Approval group > Approval group
bonsai_8-0,intake.approvalIndividual,intake.approvalindividual,Object Entry Information > Approval group > Approval individual
bonsai_8-0,intake.approvalStatus,intake.approvalstatus,Object Entry Information > Approval group > Approval status
bonsai_8-0,intake.approvalDate,intake.approvaldate,Object Entry Information > Approval group > Approval status date
bonsai_8-0,intake.approvalNote,intake.approvalnote,Object Entry Information > Approval group > Approval note
bonsai_8-0,intake.entryNote,intake.entrynote,Object Entry Information > Entry note
bonsai_8-0,intake.packingNote,intake.packingnote,Object Entry Information > Packing note
bonsai_8-0,intake.fieldCollectionDate,intake.fieldcollectiondate,Object Collection Information > Field collection date
bonsai_8-0,intake.fieldCollectionMethod,intake.fieldcollectionmethod,Object Collection Information > Field collection method
bonsai_8-0,intake.fieldCollectionNote,intake.fieldcollectionnote,Object Collection Information > Field collection note
bonsai_8-0,intake.fieldCollectionNumber,intake.fieldcollectionnumber,Object Collection Information > Field collection number
bonsai_8-0,intake.fieldCollectionPlace,intake.fieldcollectionplace,Object Collection Information > Field collection place
bonsai_8-0,intake.fieldCollectionSource,intake.fieldcollectionsource,Object Collection Information > Field collection source
bonsai_8-0,intake.fieldCollector,intake.fieldcollector,Object Collection Information > Field collector
bonsai_8-0,intake.fieldCollectionEventName,intake.fieldcollectioneventname,Object Collection Information > Field collection event name
bonsai_8-0,intake.valuer,intake.valuer,Valuation Information > Valuer
bonsai_8-0,intake.valuationReferenceNumber,intake.valuationreferencenumber,Valuation Information > Valuation reference number
bonsai_8-0,intake.insurer,intake.insurer,Insurance Information > Insurer
bonsai_8-0,intake.insurancePolicyNumber,intake.insurancepolicynumber,Insurance Information > Insurance policy number
bonsai_8-0,intake.insuranceRenewalDate,intake.insurancerenewaldate,Insurance Information > Insurance renewal date
bonsai_8-0,intake.insuranceReferenceNumber,intake.insurancereferencenumber,Insurance Information > Insurance reference number
bonsai_8-0,intake.insuranceNote,intake.insurancenote,Insurance Information > Insurance note
bonsai_8-0,intake.currentLocation,intake.currentlocation,Location Information > Current location
bonsai_8-0,intake.currentLocationFitness,intake.currentlocationfitness,Location Information > Current location fitness
bonsai_8-0,intake.currentLocationNote,intake.currentlocationnote,Location Information > Current location note
bonsai_8-0,intake.locationDate,intake.locationdate,Location Information > Location date
bonsai_8-0,intake.normalLocation,intake.normallocation,Location Information > Normal location
bonsai_8-0,intake.conditionCheckMethod,intake.conditioncheckmethod,Condition Check Information > Condition check method
bonsai_8-0,intake.conditionCheckReason,intake.conditioncheckreason,Condition Check Information > Condition check reason
bonsai_8-0,intake.conditionCheckerOrAssessor,intake.conditioncheckerorassessor,Condition Check Information > Condition check assessor
bonsai_8-0,intake.conditionCheckDate,intake.conditioncheckdate,Condition Check Information > Condition check date
bonsai_8-0,intake.conditionCheckReferenceNumber,intake.conditioncheckreferencenumber,Condition Check Information > Condition check reference number
bonsai_8-0,intake.conditionCheckNote,intake.conditionchecknote,Condition Check Information > Condition check note
bonsai_8-0,loanin.loanInNumber,loanin.loaninnumber,Loan In Information > Loan in number
bonsai_8-0,loanin.loanPurpose,loanin.loanpurpose,Loan In Information > Loan purpose
bonsai_8-0,loanin.loanGroup,loanin.loangroup,Loan In Information > Loan status group
bonsai_8-0,loanin.loanIndividual,loanin.loanindividual,Loan In Information > Loan status individual
bonsai_8-0,loanin.loanStatus,loanin.loanstatus,Loan In Information > Loan status
bonsai_8-0,loanin.loanStatusDate,loanin.loanstatusdate,Loan In Information > Loan status date
bonsai_8-0,loanin.loanStatusNote,loanin.loanstatusnote,Loan In Information > Loan status note
bonsai_8-0,loanin.lender,loanin.lender,Loan In Information > Lender name
bonsai_8-0,loanin.lendersContact,loanin.lenderscontact,Loan In Information > Lender contact
bonsai_8-0,loanin.lendersAuthorizer,loanin.lendersauthorizer,Loan In Information > Lender authorizer
bonsai_8-0,loanin.lendersAuthorizationDate,loanin.lendersauthorizationdate,Loan In Information > Lender authorization date
bonsai_8-0,loanin.borrowersContact,loanin.borrowerscontact,Loan In Information > Borrower > Borrower contact
bonsai_8-0,loanin.borrowersAuthorizer,loanin.borrowersauthorizer,Loan In Information > Borrower > Borrower authorizer
bonsai_8-0,loanin.borrowersAuthorizationDate,loanin.borrowersauthorizationdate,Loan In Information > Borrower > Borrower authorization date
bonsai_8-0,loanin.loanInConditions,loanin.loaninconditions,Loan In Information > Conditions of loan
bonsai_8-0,loanin.loanInNote,loanin.loaninnote,Loan In Information > Note
bonsai_8-0,loanin.loanInDate,loanin.loanindate,Loan In Information > Loan in date
bonsai_8-0,loanin.loanReturnDate,loanin.loanreturndate,Loan In Information > Loan return date
bonsai_8-0,loanin.loanRenewalApplicationDate,loanin.loanrenewalapplicationdate,Loan In Information > Loan renewal application date
bonsai_8-0,loanin.creditLine,loanin.creditline,Loan In Information > Credit line
bonsai_8-0,loanout.loanOutNumber,loanout.loanoutnumber,Loan Out Information > Loan out number
bonsai_8-0,loanout.loanPurpose,loanout.loanpurpose,Loan Out Information > Loan purpose
bonsai_8-0,loanout.lendersAuthorizer,loanout.lendersauthorizer,Loan Out Information > Lender > Lender authorizer
bonsai_8-0,loanout.lendersContact,loanout.lenderscontact,Loan Out Information > Lender > Lender contact
bonsai_8-0,loanout.lendersAuthorizationDate,loanout.lendersauthorizationdate,Loan Out Information > Lender > Lender authorization date
bonsai_8-0,loanout.borrower,loanout.borrower,Loan Out Information > Borrower > Borrower name
bonsai_8-0,loanout.borrowersContact,loanout.borrowerscontact,Loan Out Information > Borrower > Borrower contact
bonsai_8-0,loanout.borrowersAuthorizer,loanout.borrowersauthorizer,Loan Out Information > Borrower > Borrower authorizer
bonsai_8-0,loanout.borrowersAuthorizationDate,loanout.borrowersauthorizationdate,Loan Out Information > Borrower > Borrower authorization date
bonsai_8-0,loanout.specialConditionsOfLoan,loanout.specialconditionsofloan,Loan Out Information > Conditions of loan
bonsai_8-0,loanout.loanOutNote,loanout.loanoutnote,Loan Out Information > Note
bonsai_8-0,loanout.loanGroup,loanout.loangroup,Loan Out Information > Loan status group
bonsai_8-0,loanout.loanIndividual,loanout.loanindividual,Loan Out Information > Loan status individual
bonsai_8-0,loanout.loanStatus,loanout.loanstatus,Loan Out Information > Loan status
bonsai_8-0,loanout.loanStatusDate,loanout.loanstatusdate,Loan Out Information > Loan status date
bonsai_8-0,loanout.loanStatusNote,loanout.loanstatusnote,Loan Out Information > Loan status note
bonsai_8-0,loanout.loanOutDate,loanout.loanoutdate,Loan Out Information > Loan out date
bonsai_8-0,loanout.loanReturnDate,loanout.loanreturndate,Loan Out Information > Loan return date
bonsai_8-0,loanout.loanRenewalApplicationDate,loanout.loanrenewalapplicationdate,Loan Out Information > Loan renewal application date
bonsai_8-0,loanout.creditLine,loanout.creditline,Loan Out Information > Credit line
bonsai_8-0,location.termDisplayName,location.termdisplayname,Storage Location Information > Term display name
bonsai_8-0,location.termName,location.termname,Storage Location Information > Term name
bonsai_8-0,location.termQualifier,location.termqualifier,Storage Location Information > Term qualifier
bonsai_8-0,location.termStatus,location.termstatus,Storage Location Information > Term status
bonsai_8-0,location.termType,location.termtype,Storage Location Information > Term type
bonsai_8-0,location.termFlag,location.termflag,Storage Location Information > Term flag
bonsai_8-0,location.termLanguage,location.termlanguage,Storage Location Information > Term language
bonsai_8-0,location.termPrefForLang,location.termprefforlang,Storage Location Information > Term preferred for lang
bonsai_8-0,location.termSource,location.termsource,Storage Location Information > Source > Term source name
bonsai_8-0,location.termSourceDetail,location.termsourcedetail,Storage Location Information > Source > Term source detail
bonsai_8-0,location.termSourceID,location.termsourceid,Storage Location Information > Source > Term source ID
bonsai_8-0,location.termSourceNote,location.termsourcenote,Storage Location Information > Source > Term source note
bonsai_8-0,location.locationType,location.locationtype,Storage Location Information > Storage location type
bonsai_8-0,location.securityNote,location.securitynote,Storage Location Information > Security note
bonsai_8-0,location.address,location.address,Storage Location Information > Address
bonsai_8-0,location.accessNote,location.accessnote,Storage Location Information > Access note
bonsai_8-0,location.conditionNote,location.conditionnote,Storage Location Information > Condition note
bonsai_8-0,location.conditionNoteDate,location.conditionnotedate,Storage Location Information > Condition note date
bonsai_8-0,media.identificationNumber,media.identificationnumber,Media Handling Information > Identification number
bonsai_8-0,media.title,media.title,Media Handling Information > Title
bonsai_8-0,media.publishTo,media.publishto,Media Handling Information > Publish to
bonsai_8-0,media.name,media.name,File Information > Name
bonsai_8-0,media.mimeType,media.mimetype,File Information > Type
bonsai_8-0,media.length,media.length,File Information > Size
bonsai_8-0,media.externalUrl,media.externalurl,Media Handling Information > External URL
bonsai_8-0,media.measuredPart,media.measuredpart,Media Handling Information > Measured part
bonsai_8-0,media.dimensionSummary,media.dimensionsummary,Media Handling Information > Dimension summary
bonsai_8-0,media.dimension,media.dimension,Media Handling Information > Measurement dimension
bonsai_8-0,media.measuredBy,media.measuredby,Media Handling Information > Measured by
bonsai_8-0,media.measurementMethod,media.measurementmethod,Media Handling Information > Measurement method
bonsai_8-0,media.value,media.value,Media Handling Information > Measurement value
bonsai_8-0,media.measurementUnit,media.measurementunit,Media Handling Information > Measurement unit
bonsai_8-0,media.valueQualifier,media.valuequalifier,Media Handling Information > Measurement qualifier
bonsai_8-0,media.valueDate,media.valuedate,Media Handling Information > Measurement date
bonsai_8-0,media.measuredPartNote,media.measuredpartnote,Media Handling Information > Dimension note
bonsai_8-0,media.checksumValue,media.checksumvalue,Media Handling Information > Checksum value
bonsai_8-0,media.checksumType,media.checksumtype,Media Handling Information > Checksum type
bonsai_8-0,media.checksumDate,media.checksumdate,Media Handling Information > Checksum date
bonsai_8-0,media.contributor,media.contributor,Media Handling Information > Contributor
bonsai_8-0,media.creator,media.creator,Media Handling Information > Creator
bonsai_8-0,media.language,media.language,Media Handling Information > Language
bonsai_8-0,media.publisher,media.publisher,Media Handling Information > Publisher
bonsai_8-0,media.relation,media.relation,Media Handling Information > Relation
bonsai_8-0,media.copyrightStatement,media.copyrightstatement,Media Handling Information > Copyright statement
bonsai_8-0,media.type,media.type,Media Handling Information > Type
bonsai_8-0,media.coverage,media.coverage,Media Handling Information > Coverage
bonsai_8-0,media.dateGroup,media.dategroup,Media Handling Information > Date
bonsai_8-0,media.source,media.source,Media Handling Information > Source
bonsai_8-0,media.subject,media.subject,Media Handling Information > Subject
bonsai_8-0,media.rightsHolder,media.rightsholder,Media Handling Information > Rights holder
bonsai_8-0,media.description,media.description,Media Handling Information > Description
bonsai_8-0,media.altText,media.alttext,Media Handling Information > Alt text
bonsai_8-0,media.mediaFileURI,media.mediafileuri,""
bonsai_8-0,movement.movementReferenceNumber,movement.movementreferencenumber,Object Location Information > Reference number
bonsai_8-0,movement.normalLocation,movement.normallocation,Object Location Information > Normal location
bonsai_8-0,movement.currentLocation,movement.currentlocation,Object Location Information > Current location > Current location
bonsai_8-0,movement.currentLocationFitness,movement.currentlocationfitness,Object Location Information > Current location > Current location fitness
bonsai_8-0,movement.currentLocationNote,movement.currentlocationnote,Object Location Information > Current location > Current location note
bonsai_8-0,movement.locationDate,movement.locationdate,Object Location Information > Location date
bonsai_8-0,movement.reasonForMove,movement.reasonformove,Movement Information > Reason for move
bonsai_8-0,movement.movementMethod,movement.movementmethod,Movement Information > Movement method
bonsai_8-0,movement.plannedRemovalDate,movement.plannedremovaldate,Movement Information > Planned removal date
bonsai_8-0,movement.removalDate,movement.removaldate,Movement Information > Removal date
bonsai_8-0,movement.movementContact,movement.movementcontact,Movement Information > Movement contact
bonsai_8-0,movement.movementNote,movement.movementnote,Movement Information > Movement note
bonsai_8-0,movement.inventoryActionRequired,movement.inventoryactionrequired,Inventory Information > Inventory action required
bonsai_8-0,movement.frequencyForInventory,movement.frequencyforinventory,Inventory Information > Inventory frequency
bonsai_8-0,movement.inventoryDate,movement.inventorydate,Inventory Information > Inventory date
bonsai_8-0,movement.nextInventoryDate,movement.nextinventorydate,Inventory Information > Next inventory date
bonsai_8-0,movement.inventoryContact,movement.inventorycontact,Inventory Information > Inventory contact
bonsai_8-0,movement.inventoryNote,movement.inventorynote,Inventory Information > Inventory note
bonsai_8-0,objectexit.exitNumber,objectexit.exitnumber,Object Exit Information > Exit number
bonsai_8-0,objectexit.exitDateGroup,objectexit.exitdategroup,Object Exit Information > Exit date
bonsai_8-0,objectexit.exitReason,objectexit.exitreason,Object Exit Information > Exit reason
bonsai_8-0,objectexit.exitMethod,objectexit.exitmethod,Object Exit Information > Exit method
bonsai_8-0,objectexit.exitQuantity,objectexit.exitquantity,Object Exit Information > Exit quantity
bonsai_8-0,objectexit.currentOwner,objectexit.currentowner,Object Exit Information > Current owner
bonsai_8-0,objectexit.depositor,objectexit.depositor,Object Exit Information > Depositor
bonsai_8-0,objectexit.exitNote,objectexit.exitnote,Object Exit Information > Exit note
bonsai_8-0,objectexit.packingNote,objectexit.packingnote,Object Exit Information > Packing note
bonsai_8-0,objectexit.displosalNewObjectNumber,objectexit.displosalnewobjectnumber,Deaccession and Disposal Information > Disposal new object number
bonsai_8-0,objectexit.deaccessionAuthorizer,objectexit.deaccessionauthorizer,Deaccession and Disposal Information > Deaccession authorizer
bonsai_8-0,objectexit.authorizationDate,objectexit.authorizationdate,Deaccession and Disposal Information > Authorization date
bonsai_8-0,objectexit.deaccessionApprovalGroup,objectexit.deaccessionapprovalgroup,Deaccession and Disposal Information > Deaccession approval group
bonsai_8-0,objectexit.deaccessionApprovalIndividual,objectexit.deaccessionapprovalindividual,Deaccession and Disposal Information > Deaccession approval individual
bonsai_8-0,objectexit.deaccessionApprovalStatus,objectexit.deaccessionapprovalstatus,Deaccession and Disposal Information > Deaccession approval status
bonsai_8-0,objectexit.deaccessionApprovalDate,objectexit.deaccessionapprovaldate,Deaccession and Disposal Information > Deaccession approval status date
bonsai_8-0,objectexit.deaccessionApprovalNote,objectexit.deaccessionapprovalnote,Deaccession and Disposal Information > Deaccession approval note
bonsai_8-0,objectexit.deaccessionDate,objectexit.deaccessiondate,Deaccession and Disposal Information > Deaccession date
bonsai_8-0,objectexit.disposalDate,objectexit.disposaldate,Deaccession and Disposal Information > Disposal date
bonsai_8-0,objectexit.disposalMethod,objectexit.disposalmethod,Deaccession and Disposal Information > Disposal method
bonsai_8-0,objectexit.displosalReason,objectexit.displosalreason,Deaccession and Disposal Information > Disposal reason
bonsai_8-0,objectexit.disposalProposedRecipient,objectexit.disposalproposedrecipient,Deaccession and Disposal Information > Disposal proposed recipient
bonsai_8-0,objectexit.disposalRecipient,objectexit.disposalrecipient,Deaccession and Disposal Information > Disposal recipient
bonsai_8-0,objectexit.disposalCurrency,objectexit.disposalcurrency,Deaccession and Disposal Information > Disposal > Disposal currency
bonsai_8-0,objectexit.displosalValue,objectexit.displosalvalue,Deaccession and Disposal Information > Disposal > Disposal value
bonsai_8-0,objectexit.groupDisposalCurrency,objectexit.groupdisposalcurrency,Deaccession and Disposal Information > Group disposal > Group disposal currency
bonsai_8-0,objectexit.groupDisplosalValue,objectexit.groupdisplosalvalue,Deaccession and Disposal Information > Group disposal > Group disposal value
bonsai_8-0,objectexit.displosalProvisos,objectexit.displosalprovisos,Deaccession and Disposal Information > Disposal provisos
bonsai_8-0,objectexit.displosalNote,objectexit.displosalnote,Deaccession and Disposal Information > Disposal note
bonsai_8-0,organization.termDisplayName,organization.termdisplayname,Organization Information > Term display name
bonsai_8-0,organization.termName,organization.termname,Organization Information > Term name
bonsai_8-0,organization.termQualifier,organization.termqualifier,Organization Information > Term qualifier
bonsai_8-0,organization.termStatus,organization.termstatus,Organization Information > Term status
bonsai_8-0,organization.termType,organization.termtype,Organization Information > Term type
bonsai_8-0,organization.termFlag,organization.termflag,Organization Information > Term flag
bonsai_8-0,organization.termLanguage,organization.termlanguage,Organization Information > Term language
bonsai_8-0,organization.termPrefForLang,organization.termprefforlang,Organization Information > Term preferred for lang
bonsai_8-0,organization.mainBodyName,organization.mainbodyname,Organization Information > Name detail > Term main body name
bonsai_8-0,organization.additionsToName,organization.additionstoname,Organization Information > Name detail > Term name addition
bonsai_8-0,organization.termSource,organization.termsource,Organization Information > Source > Term source name
bonsai_8-0,organization.termSourceDetail,organization.termsourcedetail,Organization Information > Source > Term source detail
bonsai_8-0,organization.termSourceID,organization.termsourceid,Organization Information > Source > Term source ID
bonsai_8-0,organization.termSourceNote,organization.termsourcenote,Organization Information > Source > Term source note
bonsai_8-0,organization.organizationRecordType,organization.organizationrecordtype,Organization Information > Organization type
bonsai_8-0,organization.foundingDateGroup,organization.foundingdategroup,Organization Information > Foundation date
bonsai_8-0,organization.foundingPlace,organization.foundingplace,Organization Information > Foundation place
bonsai_8-0,organization.dissolutionDateGroup,organization.dissolutiondategroup,Organization Information > Dissolution date
bonsai_8-0,organization.nameNote,organization.namenote,Organization Information > Name note
bonsai_8-0,organization.group,organization.group,Organization Information > Group
bonsai_8-0,organization.function,organization.function,Organization Information > Function
bonsai_8-0,organization.historyNote,organization.historynote,Organization Information > History
bonsai_8-0,organization.contactName,organization.contactname,Organization Information > Contact name
bonsai_8-0,organization.contactRole,organization.contactrole,Organization Information > Contact role
bonsai_8-0,organization.contactDateGroup,organization.contactdategroup,Organization Information > Contact date
bonsai_8-0,organization.contactEndDateGroup,organization.contactenddategroup,Organization Information > Contact end date
bonsai_8-0,organization.contactStatus,organization.contactstatus,Organization Information > Contact status
bonsai_8-0,organization.email,organization.email,Contact Information > Organization Information > Address
bonsai_8-0,organization.emailType,organization.emailtype,Contact Information > Organization Information > Type
bonsai_8-0,organization.telephoneNumber,organization.telephonenumber,Contact Information > Organization Information > Number
bonsai_8-0,organization.telephoneNumberType,organization.telephonenumbertype,Contact Information > Organization Information > Type
bonsai_8-0,organization.faxNumber,organization.faxnumber,Contact Information > Organization Information > Number
bonsai_8-0,organization.faxNumberType,organization.faxnumbertype,Contact Information > Organization Information > Type
bonsai_8-0,organization.webAddress,organization.webaddress,Contact Information > Organization Information > URL
bonsai_8-0,organization.webAddressType,organization.webaddresstype,Contact Information > Organization Information > Type
bonsai_8-0,organization.addressPlace1,organization.addressplace1,Contact Information > Organization Information > Line 1
bonsai_8-0,organization.addressPlace2,organization.addressplace2,Contact Information > Organization Information > Line 2
bonsai_8-0,organization.addressMunicipality,organization.addressmunicipality,Contact Information > Organization Information > Municipality
bonsai_8-0,organization.addressStateOrProvince,organization.addressstateorprovince,Contact Information > Organization Information > State/province
bonsai_8-0,organization.addressPostCode,organization.addresspostcode,Contact Information > Organization Information > Postal code
bonsai_8-0,organization.addressCountry,organization.addresscountry,Contact Information > Organization Information > Country
bonsai_8-0,organization.addressType,organization.addresstype,Contact Information > Organization Information > Type
bonsai_8-0,person.termDisplayName,person.termdisplayname,Person Information > Term display name
bonsai_8-0,person.termName,person.termname,Person Information > Term name
bonsai_8-0,person.termQualifier,person.termqualifier,Person Information > Term qualifier
bonsai_8-0,person.termStatus,person.termstatus,Person Information > Term status
bonsai_8-0,person.termType,person.termtype,Person Information > Term type
bonsai_8-0,person.termFlag,person.termflag,Person Information > Term flag
bonsai_8-0,person.termLanguage,person.termlanguage,Person Information > Term language
bonsai_8-0,person.termPrefForLang,person.termprefforlang,Person Information > Term preferred for lang
bonsai_8-0,person.salutation,person.salutation,Person Information > Name detail > Term salutation
bonsai_8-0,person.title,person.title,Person Information > Name detail > Term title
bonsai_8-0,person.foreName,person.forename,Person Information > Name detail > Term forename
bonsai_8-0,person.middleName,person.middlename,Person Information > Name detail > Term middle name
bonsai_8-0,person.surName,person.surname,Person Information > Name detail > Term surname
bonsai_8-0,person.nameAdditions,person.nameadditions,Person Information > Name detail > Term name addition
bonsai_8-0,person.initials,person.initials,Person Information > Name detail > Term initials
bonsai_8-0,person.termSource,person.termsource,Person Information > Source > Term source name
bonsai_8-0,person.termSourceDetail,person.termsourcedetail,Person Information > Source > Term source detail
bonsai_8-0,person.termSourceID,person.termsourceid,Person Information > Source > Term source ID
bonsai_8-0,person.termSourceNote,person.termsourcenote,Person Information > Source > Term source note
bonsai_8-0,person.gender,person.gender,Person Information > Gender
bonsai_8-0,person.occupation,person.occupation,Person Information > Occupation
bonsai_8-0,person.schoolOrStyle,person.schoolorstyle,Person Information > School/style
bonsai_8-0,person.group,person.group,Person Information > Group
bonsai_8-0,person.nationality,person.nationality,Person Information > Nationality
bonsai_8-0,person.nameNote,person.namenote,Person Information > Name note
bonsai_8-0,person.birthDateGroup,person.birthdategroup,Person Information > Birth date
bonsai_8-0,person.birthPlace,person.birthplace,Person Information > Place of birth
bonsai_8-0,person.deathDateGroup,person.deathdategroup,Person Information > Death date
bonsai_8-0,person.deathPlace,person.deathplace,Person Information > Place of death
bonsai_8-0,person.bioNote,person.bionote,Person Information > Biographical note
bonsai_8-0,person.email,person.email,Contact Information > Person Information > Address
bonsai_8-0,person.emailType,person.emailtype,Contact Information > Person Information > Type
bonsai_8-0,person.telephoneNumber,person.telephonenumber,Contact Information > Person Information > Number
bonsai_8-0,person.telephoneNumberType,person.telephonenumbertype,Contact Information > Person Information > Type
bonsai_8-0,person.faxNumber,person.faxnumber,Contact Information > Person Information > Number
bonsai_8-0,person.faxNumberType,person.faxnumbertype,Contact Information > Person Information > Type
bonsai_8-0,person.webAddress,person.webaddress,Contact Information > Person Information > URL
bonsai_8-0,person.webAddressType,person.webaddresstype,Contact Information > Person Information > Type
bonsai_8-0,person.addressPlace1,person.addressplace1,Contact Information > Person Information > Line 1
bonsai_8-0,person.addressPlace2,person.addressplace2,Contact Information > Person Information > Line 2
bonsai_8-0,person.addressMunicipality,person.addressmunicipality,Contact Information > Person Information > Municipality
bonsai_8-0,person.addressStateOrProvince,person.addressstateorprovince,Contact Information > Person Information > State/province
bonsai_8-0,person.addressPostCode,person.addresspostcode,Contact Information > Person Information > Postal code
bonsai_8-0,person.addressCountry,person.addresscountry,Contact Information > Person Information > Country
bonsai_8-0,person.addressType,person.addresstype,Contact Information > Person Information > Type
bonsai_8-0,person.declinedToAnswerPronoun,person.declinedtoanswerpronoun,Maker-Supplied Identity Information > Pronoun supplied declined to answer
bonsai_8-0,person.suppliedPronoun,person.suppliedpronoun,Maker-Supplied Identity Information > Pronoun supplied
bonsai_8-0,person.useRestrictionPronoun,person.userestrictionpronoun,Maker-Supplied Identity Information > Pronoun supplied use restriction
bonsai_8-0,person.declinedToAnswerGender,person.declinedtoanswergender,Maker-Supplied Identity Information > Gender supplied declined to answer
bonsai_8-0,person.suppliedGender,person.suppliedgender,Maker-Supplied Identity Information > Gender supplied
bonsai_8-0,person.useRestrictionGender,person.userestrictiongender,Maker-Supplied Identity Information > Gender supplied use restriction
bonsai_8-0,person.declinedToAnswerRace,person.declinedtoanswerrace,Maker-Supplied Identity Information > Race supplied declined to answer
bonsai_8-0,person.suppliedRace,person.suppliedrace,Maker-Supplied Identity Information > Race supplied
bonsai_8-0,person.useRestrictionRace,person.userestrictionrace,Maker-Supplied Identity Information > Race supplied use restriction
bonsai_8-0,person.declinedToAnswerEthnicity,person.declinedtoanswerethnicity,Maker-Supplied Identity Information > Ethnicity supplied declined to answer
bonsai_8-0,person.suppliedEthnicity,person.suppliedethnicity,Maker-Supplied Identity Information > Ethnicity supplied
bonsai_8-0,person.useRestrictionEthnicity,person.userestrictionethnicity,Maker-Supplied Identity Information > Ethnicity supplied use restriction
bonsai_8-0,person.declinedToAnswerSexuality,person.declinedtoanswersexuality,Maker-Supplied Identity Information > Sexuality supplied declined to answer
bonsai_8-0,person.suppliedSexuality,person.suppliedsexuality,Maker-Supplied Identity Information > Sexuality supplied
bonsai_8-0,person.useRestrictionSexuality,person.userestrictionsexuality,Maker-Supplied Identity Information > Sexuality supplied use restriction
bonsai_8-0,person.declinedToAnswerBirthPlace,person.declinedtoanswerbirthplace,Maker-Supplied Identity Information > Birth place supplied declined to answer
bonsai_8-0,person.suppliedBirthPlace,person.suppliedbirthplace,Maker-Supplied Identity Information > Birth place supplied
bonsai_8-0,person.useRestrictionBirthPlace,person.userestrictionbirthplace,Maker-Supplied Identity Information > Birth place supplied use restriction
bonsai_8-0,person.declinedToAnswerBirthDate,person.declinedtoanswerbirthdate,Maker-Supplied Identity Information > Birth date supplied declined to answer
bonsai_8-0,person.suppliedStructuredBirthDateGroup,person.suppliedstructuredbirthdategroup,Maker-Supplied Identity Information > Birth date supplied
bonsai_8-0,person.useRestrictionBirthDate,person.userestrictionbirthdate,Maker-Supplied Identity Information > Birth date supplied use restriction
bonsai_8-0,person.informationAuthor,person.informationauthor,Maker-Supplied Identity Information > Other information author
bonsai_8-0,person.informationDate,person.informationdate,Maker-Supplied Identity Information > Other information date
bonsai_8-0,person.informationUseRestriction,person.informationuserestriction,Maker-Supplied Identity Information > Other information use restriction
bonsai_8-0,person.otherInformation,person.otherinformation,Maker-Supplied Identity Information > Other information note
bonsai_8-0,place.termDisplayName,place.termdisplayname,Place Information > Term display name
bonsai_8-0,place.termName,place.termname,Place Information > Term name
bonsai_8-0,place.termQualifier,place.termqualifier,Place Information > Term qualifier
bonsai_8-0,place.termStatus,place.termstatus,Place Information > Term status
bonsai_8-0,place.termType,place.termtype,Place Information > Term type
bonsai_8-0,place.termFlag,place.termflag,Place Information > Term flag
bonsai_8-0,place.historicalStatus,place.historicalstatus,Place Information > Term historical status
bonsai_8-0,place.termLanguage,place.termlanguage,Place Information > Term language
bonsai_8-0,place.termPrefForLang,place.termprefforlang,Place Information > Term preferred for lang
bonsai_8-0,place.nameAbbrev,place.nameabbrev,Place Information > Term abbreviation
bonsai_8-0,place.nameNote,place.namenote,Place Information > Term note
bonsai_8-0,place.nameDateGroup,place.namedategroup,Place Information > Term date
bonsai_8-0,place.termSource,place.termsource,Place Information > Source > Term source name
bonsai_8-0,place.termSourceDetail,place.termsourcedetail,Place Information > Source > Term source detail
bonsai_8-0,place.termSourceID,place.termsourceid,Place Information > Source > Term source ID
bonsai_8-0,place.termSourceNote,place.termsourcenote,Place Information > Source > Term source note
bonsai_8-0,place.placeType,place.placetype,Place Information > Place type
bonsai_8-0,place.placeSource,place.placesource,Place Information > Place source
bonsai_8-0,place.owner,place.owner,Place Information > Owner
bonsai_8-0,place.ownershipDateGroup,place.ownershipdategroup,Place Information > Ownership date
bonsai_8-0,place.ownershipNote,place.ownershipnote,Place Information > Ownership note
bonsai_8-0,place.placeNote,place.placenote,Place Information > Place note
bonsai_8-0,place.addressPlace1,place.addressplace1,Place Information > Address line 1
bonsai_8-0,place.addressPlace2,place.addressplace2,Place Information > Address line 2
bonsai_8-0,place.addressMunicipality,place.addressmunicipality,Place Information > Address municipality
bonsai_8-0,place.addressStateOrProvince,place.addressstateorprovince,Place Information > Address state/province
bonsai_8-0,place.addressPostCode,place.addresspostcode,Place Information > Address postal code
bonsai_8-0,place.addressCountry,place.addresscountry,Place Information > Address country
bonsai_8-0,place.addressType,place.addresstype,Place Information > Address type
bonsai_8-0,place.vCoordinates,place.vcoordinates,Locality Information > Verbatim coords
bonsai_8-0,place.vLatitude,place.vlatitude,Locality Information > Verbatim latitude
bonsai_8-0,place.vLongitude,place.vlongitude,Locality Information > Verbatim longitude
bonsai_8-0,place.vCoordSys,place.vcoordsys,Locality Information > Coordinate system
bonsai_8-0,place.vSpatialReferenceSystem,place.vspatialreferencesystem,Locality Information > Spatial ref system
bonsai_8-0,place.vElevation,place.velevation,Locality Information > Elevation
bonsai_8-0,place.vDepth,place.vdepth,Locality Information > Depth
bonsai_8-0,place.vDistanceAboveSurface,place.vdistanceabovesurface,Locality Information > Distance above surface
bonsai_8-0,place.vUnitofMeasure,place.vunitofmeasure,Locality Information > Unit of measure
bonsai_8-0,place.minElevationInMeters,place.minelevationinmeters,Locality Information > Min elevation (m)
bonsai_8-0,place.maxElevationInMeters,place.maxelevationinmeters,Locality Information > Max elevation (m)
bonsai_8-0,place.minDepthInMeters,place.mindepthinmeters,Locality Information > Min depth (m)
bonsai_8-0,place.maxDepthInMeters,place.maxdepthinmeters,Locality Information > Max depth (m)
bonsai_8-0,place.minDistanceAboveSurfaceInMeters,place.mindistanceabovesurfaceinmeters,Locality Information > Min distance above surface (m)
bonsai_8-0,place.maxDistanceAboveSurfaceInMeters,place.maxdistanceabovesurfaceinmeters,Locality Information > Max distance above surface (m)
bonsai_8-0,place.vCoordSource,place.vcoordsource,Locality Information > Coordinate source
bonsai_8-0,place.vCoordSourceRefId,place.vcoordsourcerefid,Locality Information > Coordinate source detail
bonsai_8-0,place.decimalLatitude,place.decimallatitude,Georeference Information > Georeference decimal latitude
bonsai_8-0,place.decimalLongitude,place.decimallongitude,Georeference Information > Georeference decimal longitude
bonsai_8-0,place.geodeticDatum,place.geodeticdatum,Georeference Information > Georeference datum
bonsai_8-0,place.coordUncertaintyInMeters,place.coorduncertaintyinmeters,Georeference Information > Georeference uncertainty (m)
bonsai_8-0,place.coordPrecision,place.coordprecision,Georeference Information > Georeference precision
bonsai_8-0,place.pointRadiusSpatialFit,place.pointradiusspatialfit,Georeference Information > Georeference point radius spatial fit
bonsai_8-0,place.footprintWKT,place.footprintwkt,Georeference Information > Georeference footprint WKT
bonsai_8-0,place.footprintSRS,place.footprintsrs,Georeference Information > Georeference footprint SRS
bonsai_8-0,place.footprintSpatialFit,place.footprintspatialfit,Georeference Information > Georeference footprint spatial fit
bonsai_8-0,place.geoReferencedBy,place.georeferencedby,Georeference Information > Georeferenced by
bonsai_8-0,place.geoRefDateGroup,place.georefdategroup,Georeference Information > Georeference date
bonsai_8-0,place.geoRefProtocol,place.georefprotocol,Georeference Information > Georeference protocol
bonsai_8-0,place.geoRefSource,place.georefsource,Georeference Information > Georeference source
bonsai_8-0,place.geoRefVerificationStatus,place.georefverificationstatus,Georeference Information > Georeference verification
bonsai_8-0,place.geoRefRemarks,place.georefremarks,Georeference Information > Georeference remarks
bonsai_8-0,place.geoRefPlaceName,place.georefplacename,Georeference Information > Georeference place name
bonsai_8-0,transport.transportReferenceNumber,transport.transportreferencenumber,Transport Information > Transport reference number
bonsai_8-0,transport.transportMethod,transport.transportmethod,Transport Information > Transport method
bonsai_8-0,transport.numberOfCrates,transport.numberofcrates,Transport Information > Number of crates/objects
bonsai_8-0,transport.transporter,transport.transporter,Transport Information > Transporter > Transporter name
bonsai_8-0,transport.transporterContact,transport.transportercontact,Transport Information > Transporter > Transporter contact
bonsai_8-0,transport.transporterContactNumber,transport.transportercontactnumber,Transport Information > Transporter > Transporter contact number
bonsai_8-0,transport.transportAuthorizer,transport.transportauthorizer,Transport Information > Authorization > Transport authorizer
bonsai_8-0,transport.transportAuthorizationDate,transport.transportauthorizationdate,Transport Information > Authorization > Authorization date
bonsai_8-0,transport.transportTrackingNumber,transport.transporttrackingnumber,Transport Information > Tracking number
bonsai_8-0,transport.transportTrackingNumberNote,transport.transporttrackingnumbernote,Transport Information > Tracking number note
bonsai_8-0,transport.departurePoint,transport.departurepoint,Transport Information > Departure > Departure point
bonsai_8-0,transport.transportDepartureDate,transport.transportdeparturedate,Transport Information > Departure > Departure date
bonsai_8-0,transport.transportDepartureTime,transport.transportdeparturetime,Transport Information > Departure > Departure time
bonsai_8-0,transport.destination,transport.destination,Transport Information > Arrival > Arrival point
bonsai_8-0,transport.transportArrivalDate,transport.transportarrivaldate,Transport Information > Arrival > Arrival date
bonsai_8-0,transport.transportArrivalTime,transport.transportarrivaltime,Transport Information > Arrival > Arrival time
bonsai_8-0,transport.courier,transport.courier,Transport Information > Courier name
bonsai_8-0,transport.courierContactNumber,transport.couriercontactnumber,Transport Information > Courier contact number
bonsai_8-0,transport.transportRemarks,transport.transportremarks,Transport Information > Note
bonsai_8-0,transport.transportCostType,transport.transportcosttype,Cost Information > Transport cost type
bonsai_8-0,transport.transportCostResponsibleParty,transport.transportcostresponsibleparty,Cost Information > Transport cost responsible party
bonsai_8-0,transport.insuranceCostResponsibleParty,transport.insurancecostresponsibleparty,Cost Information > Insurance/indemnity cost responsible party
bonsai_8-0,transport.finalShippingCostCurrency,transport.finalshippingcostcurrency,Cost Information > Final shipping cost > Final shipping cost currency
bonsai_8-0,transport.finalShippingCostValue,transport.finalshippingcostvalue,Cost Information > Final shipping cost > Final shipping cost value
bonsai_8-0,transport.customsBroker,transport.customsbroker,Cost Information > Customs broker > Customs broker name
bonsai_8-0,transport.customsBrokerContact,transport.customsbrokercontact,Cost Information > Customs broker > Customs broker contact
bonsai_8-0,transport.customsDeclaredValueCurrency,transport.customsdeclaredvaluecurrency,Cost Information > Declared value for customs > Declared value for customs currency
bonsai_8-0,transport.customsDeclaredValueAmount,transport.customsdeclaredvalueamount,Cost Information > Declared value for customs > Declared value for customs amount
bonsai_8-0,transport.customsFeeCurrency,transport.customsfeecurrency,Cost Information > Customs fee > Customs fee currency
bonsai_8-0,transport.customsFeeValue,transport.customsfeevalue,Cost Information > Customs fee > Customs fee value
bonsai_8-0,transport.customsFeeNote,transport.customsfeenote,Cost Information > Customs fee > Customs fee note
bonsai_8-0,transport.additionalCostsType,transport.additionalcoststype,Cost Information > Additional cost type
bonsai_8-0,transport.additionalCostsCurrency,transport.additionalcostscurrency,Cost Information > Additional cost currency
bonsai_8-0,transport.additionalCostsValue,transport.additionalcostsvalue,Cost Information > Additional cost value
bonsai_8-0,transport.shippingQuoteProvider,transport.shippingquoteprovider,Cost Information > Shipping quote provider
bonsai_8-0,transport.shippingQuoteCurrency,transport.shippingquotecurrency,Cost Information > Shipping quote currency
bonsai_8-0,transport.shippingQuoteValue,transport.shippingquotevalue,Cost Information > Shipping quote value
bonsai_8-0,transport.shippingQuoteDate,transport.shippingquotedate,Cost Information > Shipping quote date
bonsai_8-0,uoc.referenceNumber,uoc.referencenumber,Use of Collections Information > Reference number
bonsai_8-0,uoc.method,uoc.method,Use of Collections Information > Method
bonsai_8-0,uoc.collectionType,uoc.collectiontype,Use of Collections Information > Collection type
bonsai_8-0,uoc.projectId,uoc.projectid,Use of Collections Information > Project ID
bonsai_8-0,uoc.subcollection,uoc.subcollection,Use of Collections Information > Subcollection
bonsai_8-0,uoc.materialType,uoc.materialtype,Use of Collections Information > Material type
bonsai_8-0,uoc.user,uoc.user,Use of Collections Information > User name
bonsai_8-0,uoc.userUocRole,uoc.useruocrole,Use of Collections Information > User role
bonsai_8-0,uoc.userInstitution,uoc.userinstitution,Use of Collections Information > User institution
bonsai_8-0,uoc.userInstitutionRole,uoc.userinstitutionrole,Use of Collections Information > User institution role
bonsai_8-0,uoc.title,uoc.title,Use of Collections Information > Title
bonsai_8-0,uoc.dateRequested,uoc.daterequested,Use of Collections Information > Date requested
bonsai_8-0,uoc.dateCompleted,uoc.datecompleted,Use of Collections Information > Date completed
bonsai_8-0,uoc.occasion,uoc.occasion,Use of Collections Information > Occasion
bonsai_8-0,uoc.projectDescription,uoc.projectdescription,Use of Collections Information > Project description
bonsai_8-0,uoc.authorizedBy,uoc.authorizedby,Use of Collections Information > Authorized by
bonsai_8-0,uoc.authorizationDate,uoc.authorizationdate,Use of Collections Information > Authorization date
bonsai_8-0,uoc.authorizationStatus,uoc.authorizationstatus,Use of Collections Information > Authorization status
bonsai_8-0,uoc.authorizationNote,uoc.authorizationnote,Use of Collections Information > Authorization note
bonsai_8-0,uoc.useDate,uoc.usedate,Use of Collections Information > Start/ongoing date
bonsai_8-0,uoc.useDateTimeNote,uoc.usedatetimenote,Use of Collections Information > Start/ongoing date time note
bonsai_8-0,uoc.useDateNumberOfVisitors,uoc.usedatenumberofvisitors,Use of Collections Information > Start/ongoing date no. of visitors
bonsai_8-0,uoc.useDateHoursSpent,uoc.usedatehoursspent,Use of Collections Information > Start/ongoing date hours spent
bonsai_8-0,uoc.useDateVisitorNote,uoc.usedatevisitornote,Use of Collections Information > Start/ongoing date visitor note
bonsai_8-0,uoc.endDate,uoc.enddate,Use of Collections Information > End date
bonsai_8-0,uoc.staffName,uoc.staffname,Use of Collections Information > Staff name
bonsai_8-0,uoc.staffRole,uoc.staffrole,Use of Collections Information > Staff role
bonsai_8-0,uoc.staffHours,uoc.staffhours,Use of Collections Information > Staff hours spent
bonsai_8-0,uoc.staffNote,uoc.staffnote,Use of Collections Information > Staff note
bonsai_8-0,uoc.location,uoc.location,Use of Collections Information > Location
bonsai_8-0,uoc.feeCurrency,uoc.feecurrency,Use of Collections Information > Fee currency
bonsai_8-0,uoc.feeValue,uoc.feevalue,Use of Collections Information > Fee value
bonsai_8-0,uoc.feePaid,uoc.feepaid,Use of Collections Information > Fee paid
bonsai_8-0,uoc.feeNote,uoc.feenote,Use of Collections Information > Fee note
bonsai_8-0,uoc.note,uoc.note,Use of Collections Information > Note
bonsai_8-0,uoc.provisos,uoc.provisos,Use of Collections Information > Provisos
bonsai_8-0,uoc.obligationsFulfilled,uoc.obligationsfulfilled,Use of Collections Information > Obligations fulfilled
bonsai_8-0,uoc.result,uoc.result,Use of Collections Information > Result
bonsai_8-0,valuation.valuationcontrolRefNumber,valuation.valuationcontrolrefnumber,Object Valuation Information > Reference number
bonsai_8-0,valuation.valueCurrency,valuation.valuecurrency,Object Valuation Information > Amount currency
bonsai_8-0,valuation.valueAmount,valuation.valueamount,Object Valuation Information > Amount value
bonsai_8-0,valuation.valueDate,valuation.valuedate,Object Valuation Information > Date
bonsai_8-0,valuation.valueRenewalDate,valuation.valuerenewaldate,Object Valuation Information > Renewal date
bonsai_8-0,valuation.valueSource,valuation.valuesource,Object Valuation Information > Source
bonsai_8-0,valuation.valueType,valuation.valuetype,Object Valuation Information > Type
bonsai_8-0,valuation.valueNote,valuation.valuenote,Object Valuation Information > Note
bonsai_8-0,work.termDisplayName,work.termdisplayname,Work Information > Term display name
bonsai_8-0,work.termName,work.termname,Work Information > Term name
bonsai_8-0,work.termQualifier,work.termqualifier,Work Information > Term qualifier
bonsai_8-0,work.termStatus,work.termstatus,Work Information > Term status
bonsai_8-0,work.termType,work.termtype,Work Information > Term type
bonsai_8-0,work.termFlag,work.termflag,Work Information > Term flag
bonsai_8-0,work.termLanguage,work.termlanguage,Work Information > Term language
bonsai_8-0,work.termPrefForLang,work.termprefforlang,Work Information > Term preferred for lang
bonsai_8-0,work.termSource,work.termsource,Work Information > Source > Term source name
bonsai_8-0,work.termSourceDetail,work.termsourcedetail,Work Information > Source > Term source detail
bonsai_8-0,work.termSourceID,work.termsourceid,Work Information > Source > Term source ID
bonsai_8-0,work.termSourceNote,work.termsourcenote,Work Information > Source > Term source note
bonsai_8-0,work.workType,work.worktype,Work Information > Work type
bonsai_8-0,work.workDateGroup,work.workdategroup,Work Information > Work date
bonsai_8-0,work.workHistoryNote,work.workhistorynote,Work Information > History note
bonsai_8-0,work.creator,work.creator,Work Information > Creator name
bonsai_8-0,work.creatorType,work.creatortype,Work Information > Creator type
bonsai_8-0,work.publisher,work.publisher,Work Information > Publisher name
bonsai_8-0,work.publisherType,work.publishertype,Work Information > Publisher type
bonsai_8-0,work.addressPlace1,work.addressplace1,Work Information > Address line 1
bonsai_8-0,work.addressPlace2,work.addressplace2,Work Information > Address line 2
bonsai_8-0,work.addressMunicipality,work.addressmunicipality,Work Information > Address municipality
bonsai_8-0,work.addressStateOrProvince,work.addressstateorprovince,Work Information > Address state/province
bonsai_8-0,work.addressPostCode,work.addresspostcode,Work Information > Address postal code
bonsai_8-0,work.addressCountry,work.addresscountry,Work Information > Address country
bonsai_8-0,work.addressType,work.addresstype,Work Information > Address type
bonsai_8-0,taxon.termDisplayName,taxon.termdisplayname,Taxonomic Name Information > Term display name
bonsai_8-0,taxon.termFormattedDisplayName,taxon.termformatteddisplayname,Taxonomic Name Information > Formatted display name
bonsai_8-0,taxon.termQualifier,taxon.termqualifier,Taxonomic Name Information > Term qualifier
bonsai_8-0,taxon.termStatus,taxon.termstatus,Taxonomic Name Information > Term status
bonsai_8-0,taxon.termType,taxon.termtype,Taxonomic Name Information > Term type
bonsai_8-0,taxon.termFlag,taxon.termflag,Taxonomic Name Information > Term flag
bonsai_8-0,taxon.taxonomicStatus,taxon.taxonomicstatus,Taxonomic Name Information > Taxonomic status
bonsai_8-0,taxon.termLanguage,taxon.termlanguage,Taxonomic Name Information > Term language
bonsai_8-0,taxon.termPrefForLang,taxon.termprefforlang,Taxonomic Name Information > Term preferred for lang
bonsai_8-0,taxon.termSource,taxon.termsource,Taxonomic Name Information > Source > Term source name
bonsai_8-0,taxon.termSourceDetail,taxon.termsourcedetail,Taxonomic Name Information > Source > Term source detail
bonsai_8-0,taxon.termSourceID,taxon.termsourceid,Taxonomic Name Information > Source > Term source ID
bonsai_8-0,taxon.termSourceNote,taxon.termsourcenote,Taxonomic Name Information > Source > Term source note
bonsai_8-0,taxon.taxonRank,taxon.taxonrank,Taxonomic Name Information > Rank
bonsai_8-0,taxon.taxonCurrency,taxon.taxoncurrency,Taxonomic Name Information > Currency
bonsai_8-0,taxon.taxonAuthor,taxon.taxonauthor,Taxonomic Name Information > Author name
bonsai_8-0,taxon.taxonAuthorType,taxon.taxonauthortype,Taxonomic Name Information > Author type
bonsai_8-0,taxon.taxonYear,taxon.taxonyear,Taxonomic Name Information > Year
bonsai_8-0,taxon.taxonIsNamedHybrid,taxon.taxonisnamedhybrid,Taxonomic Name Information > Is named hybrid
bonsai_8-0,taxon.taxonCitation,taxon.taxoncitation,Taxonomic Name Information > Citation
bonsai_8-0,taxon.taxonNote,taxon.taxonnote,Taxonomic Name Information > Note
bonsai_8-0,taxon.commonName,taxon.commonname,Taxonomic Name Information > Common name
bonsai_8-0,taxon.commonNameLanguage,taxon.commonnamelanguage,Taxonomic Name Information > Common name language
bonsai_8-0,taxon.commonNameSource,taxon.commonnamesource,Taxonomic Name Information > Common name source
bonsai_8-0,taxon.commonNameSourceDetail,taxon.commonnamesourcedetail,Taxonomic Name Information > Common name source detail
materials_5-0,acquisition.acquisitionReferenceNumber,acquisition.acquisitionreferencenumber,Acquisition Information > Reference number
materials_5-0,acquisition.alternativeIdentifier,acquisition.alternativeidentifier,Acquisition Information > Alternative identifier
materials_5-0,acquisition.alternativeIdentifierNote,acquisition.alternativeidentifiernote,Acquisition Information > Alternative identifier note
materials_5-0,acquisition.accessionDateGroup,acquisition.accessiondategroup,Acquisition Information > Accession date
materials_5-0,acquisition.acquisitionAuthorizer,acquisition.acquisitionauthorizer,Acquisition Information > Authorization > Authorizer
materials_5-0,acquisition.acquisitionAuthorizerDate,acquisition.acquisitionauthorizerdate,Acquisition Information > Authorization > Authorization date
materials_5-0,acquisition.acquisitionDateGroup,acquisition.acquisitiondategroup,Acquisition Information > Acquisition date
materials_5-0,acquisition.acquisitionMethod,acquisition.acquisitionmethod,Acquisition Information > Acquisition method
materials_5-0,acquisition.acquisitionSource,acquisition.acquisitionsource,Acquisition Information > Acquisition source
materials_5-0,acquisition.creditLine,acquisition.creditline,Acquisition Information > Credit line
materials_5-0,acquisition.acquisitionDescription,acquisition.acquisitiondescription,Acquisition Information > Acquisition description
materials_5-0,acquisition.acquisitionReason,acquisition.acquisitionreason,Acquisition Information > Acquisition reason
materials_5-0,acquisition.acquisitionNote,acquisition.acquisitionnote,Acquisition Information > Note
materials_5-0,acquisition.acquisitionProvisos,acquisition.acquisitionprovisos,Acquisition Information > Provisos
materials_5-0,acquisition.groupPurchasePriceCurrency,acquisition.grouppurchasepricecurrency,Price Information > Group purchase price > Group purchase price currency
materials_5-0,acquisition.groupPurchasePriceValue,acquisition.grouppurchasepricevalue,Price Information > Group purchase price > Group purchase price value
materials_5-0,acquisition.objectOfferPriceCurrency,acquisition.objectofferpricecurrency,Price Information > Object offer price > Object offer price currency
materials_5-0,acquisition.objectOfferPriceValue,acquisition.objectofferpricevalue,Price Information > Object offer price > Object offer price value
materials_5-0,acquisition.objectPurchaseOfferPriceCurrency,acquisition.objectpurchaseofferpricecurrency,Price Information > Object purchaser offer price > Object purchaser offer price currency
materials_5-0,acquisition.objectPurchaseOfferPriceValue,acquisition.objectpurchaseofferpricevalue,Price Information > Object purchaser offer price > Object purchaser offer price value
materials_5-0,acquisition.objectPurchasePriceCurrency,acquisition.objectpurchasepricecurrency,Price Information > Object purchase price > Object purchase price currency
materials_5-0,acquisition.objectPurchasePriceValue,acquisition.objectpurchasepricevalue,Price Information > Object purchase price > Object purchase price value
materials_5-0,acquisition.originalObjectPurchasePriceCurrency,acquisition.originalobjectpurchasepricecurrency,Price Information > Original object purchase price > Original object purchase price currency
materials_5-0,acquisition.originalObjectPurchasePriceValue,acquisition.originalobjectpurchasepricevalue,Price Information > Original object purchase price > Original object purchase price value
materials_5-0,acquisition.fieldCollectionEventName,acquisition.fieldcollectioneventname,Object Collection Information > Field collection event name
materials_5-0,citation.termDisplayName,citation.termdisplayname,Citation Information > Term display name
materials_5-0,citation.termStatus,citation.termstatus,Citation Information > Term status
materials_5-0,citation.termType,citation.termtype,Citation Information > Term type
materials_5-0,citation.termFlag,citation.termflag,Citation Information > Term flag
materials_5-0,citation.termLanguage,citation.termlanguage,Citation Information > Term language
materials_5-0,citation.termPrefForLang,citation.termprefforlang,Citation Information > Term preferred for lang
materials_5-0,citation.termFullCitation,citation.termfullcitation,Citation Information > Term full citation
materials_5-0,citation.termTitle,citation.termtitle,Citation Information > Term title
materials_5-0,citation.termSubTitle,citation.termsubtitle,Citation Information > Term subtitle
materials_5-0,citation.termSectionTitle,citation.termsectiontitle,Citation Information > Term section title
materials_5-0,citation.termVolume,citation.termvolume,Citation Information > Term volume
materials_5-0,citation.termIssue,citation.termissue,Citation Information > Term issue
materials_5-0,citation.termSource,citation.termsource,Citation Information > Source > Term source name
materials_5-0,citation.termSourceDetail,citation.termsourcedetail,Citation Information > Source > Term source detail
materials_5-0,citation.termSourceID,citation.termsourceid,Citation Information > Source > Term source ID
materials_5-0,citation.termSourceNote,citation.termsourcenote,Citation Information > Source > Term source note
materials_5-0,citation.publisher,citation.publisher,Citation Information > Publisher
materials_5-0,citation.publicationPlace,citation.publicationplace,Citation Information > Publication place
materials_5-0,citation.publicationDate,citation.publicationdate,Citation Information > Publication date
materials_5-0,citation.edition,citation.edition,Citation Information > Publication edition
materials_5-0,citation.pages,citation.pages,Citation Information > Publication page(s)
materials_5-0,citation.agent,citation.agent,Citation Information > Agent name
materials_5-0,citation.role,citation.role,Citation Information > Agent role
materials_5-0,citation.note,citation.note,Citation Information > Agent note
materials_5-0,citation.citationNote,citation.citationnote,Citation Information > Note
materials_5-0,citation.resourceIdent,citation.resourceident,Citation Information > Resource identifier
materials_5-0,citation.type,citation.type,Citation Information > Resource identifier type
materials_5-0,citation.captureDate,citation.capturedate,Citation Information > Resource identifier capture date
materials_5-0,citation.relationType,citation.relationtype,Citation Information > Related term type
materials_5-0,collectionobject.objectNumber,collectionobject.objectnumber,Object Identification Information > Accession number
materials_5-0,collectionobject.objectCount,collectionobject.objectcount,Object Identification Information > Number of objects
materials_5-0,collectionobject.numberValue,collectionobject.numbervalue,Object Identification Information > Other number value
materials_5-0,collectionobject.numberType,collectionobject.numbertype,Object Identification Information > Other number type
materials_5-0,collectionobject.collection,collectionobject.collection,Object Identification Information > Collection
materials_5-0,collectionobject.namedCollection,collectionobject.namedcollection,Object Identification Information > Named collection
materials_5-0,collectionobject.recordStatus,collectionobject.recordstatus,Object Identification Information > Record status
materials_5-0,collectionobject.publishTo,collectionobject.publishto,Object Identification Information > Publish to
materials_5-0,collectionobject.inventoryStatus,collectionobject.inventorystatus,Object Identification Information > Inventory status
materials_5-0,collectionobject.briefDescription,collectionobject.briefdescription,Object Identification Information > Production description
materials_5-0,collectionobject.material,collectionobject.material,Object Identification Information > Material
materials_5-0,collectionobject.handling,collectionobject.handling,Object Identification Information > Handling
materials_5-0,collectionobject.handlingNote,collectionobject.handlingnote,Object Identification Information > Handling note
materials_5-0,collectionobject.container,collectionobject.container,Object Identification Information > Container
materials_5-0,collectionobject.containerNote,collectionobject.containernote,Object Identification Information > Container note
materials_5-0,collectionobject.condition,collectionobject.condition,Object Identification Information > Condition
materials_5-0,collectionobject.conditionNote,collectionobject.conditionnote,Object Identification Information > Condition note
materials_5-0,collectionobject.computedCurrentLocation,collectionobject.computedcurrentlocation,Object Identification Information > Computed current location
materials_5-0,collectionobject.homeLocation,collectionobject.homelocation,Object Identification Information > Home location
materials_5-0,collectionobject.homeLocationNote,collectionobject.homelocationnote,Object Identification Information > Home location note
materials_5-0,collectionobject.annotationType,collectionobject.annotationtype,Object Identification Information > Annotation type
materials_5-0,collectionobject.annotationDate,collectionobject.annotationdate,Object Identification Information > Annotation date
materials_5-0,collectionobject.annotationAuthor,collectionobject.annotationauthor,Object Identification Information > Annotation author
materials_5-0,collectionobject.annotationNote,collectionobject.annotationnote,Object Identification Information > Annotation note
materials_5-0,collectionobject.objectStatus,collectionobject.objectstatus,Object Description Information > Object type
materials_5-0,collectionobject.finish,collectionobject.finish,Object Description Information > Finish
materials_5-0,collectionobject.finishNote,collectionobject.finishnote,Object Description Information > Finish note
materials_5-0,collectionobject.color,collectionobject.color,Object Description Information > Color
materials_5-0,collectionobject.materialGenericColor,collectionobject.materialgenericcolor,Object Description Information > Generic color
materials_5-0,collectionobject.materialPhysicalDescription,collectionobject.materialphysicaldescription,Object Description Information > Physical description
materials_5-0,collectionobject.dimensionSummary,collectionobject.dimensionsummary,Object Description Information > Sample size
materials_5-0,collectionobject.dimension,collectionobject.dimension,Object Description Information > Measurement dimension
materials_5-0,collectionobject.value,collectionobject.value,Object Description Information > Measurement value
materials_5-0,collectionobject.measurementUnit,collectionobject.measurementunit,Object Description Information > Measurement unit
materials_5-0,collectionobject.responsibleDepartment,collectionobject.responsibledepartment,Object Identification Information > Responsible department
materials_5-0,collectionobject.title,collectionobject.title,Object Identification Information > Title
materials_5-0,collectionobject.titleLanguage,collectionobject.titlelanguage,Object Identification Information > Title language
materials_5-0,collectionobject.titleType,collectionobject.titletype,Object Identification Information > Title type
materials_5-0,collectionobject.titleTranslation,collectionobject.titletranslation,Object Identification Information > Title translation
materials_5-0,collectionobject.titleTranslationLanguage,collectionobject.titletranslationlanguage,Object Identification Information > Title translation language
materials_5-0,collectionobject.objectName,collectionobject.objectname,Object Identification Information > Object name
materials_5-0,collectionobject.objectNameCurrency,collectionobject.objectnamecurrency,Object Identification Information > Object name currency
materials_5-0,collectionobject.objectNameLevel,collectionobject.objectnamelevel,Object Identification Information > Object name level
materials_5-0,collectionobject.objectNameSystem,collectionobject.objectnamesystem,Object Identification Information > Object name system
materials_5-0,collectionobject.objectNameType,collectionobject.objectnametype,Object Identification Information > Object name type
materials_5-0,collectionobject.objectNameLanguage,collectionobject.objectnamelanguage,Object Identification Information > Object name language
materials_5-0,collectionobject.objectNameNote,collectionobject.objectnamenote,Object Identification Information > Object name note
materials_5-0,collectionobject.objectProductionDateGroup,collectionobject.objectproductiondategroup,Object Production Information > Production date
materials_5-0,collectionobject.objectProductionPlace,collectionobject.objectproductionplace,Object Production Information > Production place
materials_5-0,collectionobject.objectProductionPlaceRole,collectionobject.objectproductionplacerole,Object Production Information > Production place role
materials_5-0,collectionobject.objectProductionPeople,collectionobject.objectproductionpeople,Object Production Information > Production people
materials_5-0,collectionobject.objectProductionPeopleRole,collectionobject.objectproductionpeoplerole,Object Production Information > Production people role
materials_5-0,collectionobject.objectProductionPerson,collectionobject.objectproductionperson,Object Production Information > Production person
materials_5-0,collectionobject.objectProductionPersonRole,collectionobject.objectproductionpersonrole,Object Production Information > Production person role
materials_5-0,collectionobject.objectProductionOrganization,collectionobject.objectproductionorganization,Object Production Information > Production organization
materials_5-0,collectionobject.objectProductionOrganizationRole,collectionobject.objectproductionorganizationrole,Object Production Information > Production organization role
materials_5-0,collectionobject.objectHistoryNote,collectionobject.objecthistorynote,Object History and Association Information > Object history note
materials_5-0,collectionobject.ownersContributionNote,collectionobject.ownerscontributionnote,Object Owner's Contribution Information > Owner's contribution note
materials_5-0,collectionobject.viewersContributionNote,collectionobject.viewerscontributionnote,Object Viewer's Contribution Information > Viewer's contribution note
materials_5-0,concept.termDisplayName,concept.termdisplayname,Concept Information > Term display name
materials_5-0,concept.termName,concept.termname,Concept Information > Term name
materials_5-0,concept.termQualifier,concept.termqualifier,Concept Information > Term qualifier
materials_5-0,concept.termStatus,concept.termstatus,Concept Information > Term status
materials_5-0,concept.termType,concept.termtype,Concept Information > Term type
materials_5-0,concept.termFlag,concept.termflag,Concept Information > Term flag
materials_5-0,concept.historicalStatus,concept.historicalstatus,Concept Information > Term historical status
materials_5-0,concept.termLanguage,concept.termlanguage,Concept Information > Term language
materials_5-0,concept.termPrefForLang,concept.termprefforlang,Concept Information > Term preferred for lang
materials_5-0,concept.termSource,concept.termsource,Concept Information > Source > Term source name
materials_5-0,concept.termSourceDetail,concept.termsourcedetail,Concept Information > Source > Term source detail
materials_5-0,concept.termSourceID,concept.termsourceid,Concept Information > Source > Term source ID
materials_5-0,concept.termSourceNote,concept.termsourcenote,Concept Information > Source > Term source note
materials_5-0,concept.conceptRecordType,concept.conceptrecordtype,Concept Information > Concept type
materials_5-0,concept.scopeNote,concept.scopenote,Concept Information > Scope note > Scope note
materials_5-0,concept.scopeNoteSource,concept.scopenotesource,Concept Information > Scope note > Scope note source
materials_5-0,concept.scopeNoteSourceDetail,concept.scopenotesourcedetail,Concept Information > Scope note > Scope note source detail
materials_5-0,concept.citationSource,concept.citationsource,Concept Information > Citation source
materials_5-0,concept.citationSourceDetail,concept.citationsourcedetail,Concept Information > Citation source detail
materials_5-0,concept.additionalSource,concept.additionalsource,Concept Information > Additional source
materials_5-0,concept.additionalSourceDetail,concept.additionalsourcedetail,Concept Information > Additional source detail
materials_5-0,concept.additionalSourceID,concept.additionalsourceid,Concept Information > Additional source ID
materials_5-0,concept.additionalSourceNote,concept.additionalsourcenote,Concept Information > Additional source note
materials_5-0,deaccession.deaccessionNumber,deaccession.deaccessionnumber,Deaccession Information > Deaccession number
materials_5-0,deaccession.deaccessionReason,deaccession.deaccessionreason,Deaccession Information > Deaccession reason
materials_5-0,deaccession.deaccessionDate,deaccession.deaccessiondate,Deaccession Information > Deaccession date
materials_5-0,deaccession.deaccessionRationale,deaccession.deaccessionrationale,Deaccession Information > Deaccession rationale
materials_5-0,deaccession.deaccessionNote,deaccession.deaccessionnote,Deaccession Information > Deaccession note
materials_5-0,deaccession.deaccessionApprovalGroup,deaccession.deaccessionapprovalgroup,Deaccession Information > Deaccession approval group > Deaccession approval group
materials_5-0,deaccession.deaccessionApprovalIndividual,deaccession.deaccessionapprovalindividual,Deaccession Information > Deaccession approval group > Deaccession approval individual
materials_5-0,deaccession.deaccessionApprovalStatus,deaccession.deaccessionapprovalstatus,Deaccession Information > Deaccession approval group > Deaccession approval status
materials_5-0,deaccession.deaccessionApprovalDate,deaccession.deaccessionapprovaldate,Deaccession Information > Deaccession approval group > Deaccession approval date
materials_5-0,deaccession.deaccessionApprovalNote,deaccession.deaccessionapprovalnote,Deaccession Information > Deaccession approval group > Deaccession approval note
materials_5-0,deaccession.involvedParty,deaccession.involvedparty,Deaccession Information > Parties involved person
materials_5-0,deaccession.involvedOnBehalfOf,deaccession.involvedonbehalfof,Deaccession Information > Parties involved on behalf of
materials_5-0,deaccession.involvedRole,deaccession.involvedrole,Deaccession Information > Parties involved role
materials_5-0,deaccession.exitDate,deaccession.exitdate,Proposed Exit Details > Exit date
materials_5-0,deaccession.exitRecipient,deaccession.exitrecipient,Proposed Exit Details > Exit recipient
materials_5-0,deaccession.exitMethod,deaccession.exitmethod,Proposed Exit Details > Exit method
materials_5-0,exit.exitNumber,exit.exitnumber,Object Exit Information > Exit number
materials_5-0,exit.exitDate,exit.exitdate,Object Exit Information > Exit date
materials_5-0,exit.reason,exit.reason,Object Exit Information > Exit reason
materials_5-0,exit.method,exit.method,Object Exit Information > Exit method
materials_5-0,exit.owner,exit.owner,Object Exit Information > Owner after exit
materials_5-0,exit.agent,exit.agent,Object Exit Information > Exit agent name
materials_5-0,exit.role,exit.role,Object Exit Information > Exit agent role
materials_5-0,exit.exitCountNote,exit.exitcountnote,Object Exit Information > Exit count note
materials_5-0,exit.note,exit.note,Object Exit Information > Note
materials_5-0,exit.group,exit.group,Object Exit Information > Approval status group
materials_5-0,exit.individual,exit.individual,Object Exit Information > Approval status individual
materials_5-0,exit.status,exit.status,Object Exit Information > Approval status
materials_5-0,exit.date,exit.date,Object Exit Information > Approval status date
materials_5-0,exit.approvalStatusNote,exit.approvalstatusnote,Object Exit Information > Approval status note
materials_5-0,exit.saleCurrency,exit.salecurrency,Sale Information > Sale/auction currency
materials_5-0,exit.saleValue,exit.salevalue,Sale Information > Sale/auction value
materials_5-0,exit.saleDate,exit.saledate,Sale Information > Sale/auction date
materials_5-0,exit.saleNumber,exit.salenumber,Sale Information > Sale/auction number
materials_5-0,exit.saleLot,exit.salelot,Sale Information > Sale/auction lot
materials_5-0,exit.saleNote,exit.salenote,Sale Information > Sale/auction note
materials_5-0,group.title,group.title,Group Information > Title
materials_5-0,group.responsibleDepartment,group.responsibledepartment,Group Information > Responsible department
materials_5-0,group.owner,group.owner,Group Information > Group owner
materials_5-0,group.groupEarliestSingleDate,group.groupearliestsingledate,Group Information > Earliest/single date
materials_5-0,group.groupLatestDate,group.grouplatestdate,Group Information > Latest date
materials_5-0,group.scopeNote,group.scopenote,Group Information > Scope note
materials_5-0,loanout.loanOutNumber,loanout.loanoutnumber,Loan Out Information > Loan out number
materials_5-0,loanout.lendersAuthorizer,loanout.lendersauthorizer,Loan Out Information > Lender authorizer
materials_5-0,loanout.specialConditionsOfLoan,loanout.specialconditionsofloan,Loan Out Information > Conditions of loan
materials_5-0,loanout.loanPurpose,loanout.loanpurpose,Loan Out Information > Loan purpose
materials_5-0,loanout.borrower,loanout.borrower,Loan Out Information > Borrower
materials_5-0,loanout.loanOutNote,loanout.loanoutnote,Loan Out Information > Note
materials_5-0,loanout.loanGroup,loanout.loangroup,Loan Out Information > Loan status group
materials_5-0,loanout.loanIndividual,loanout.loanindividual,Loan Out Information > Loan status individual
materials_5-0,loanout.loanStatus,loanout.loanstatus,Loan Out Information > Loan status
materials_5-0,loanout.loanStatusDate,loanout.loanstatusdate,Loan Out Information > Loan status date
materials_5-0,loanout.loanStatusNote,loanout.loanstatusnote,Loan Out Information > Loan status note
materials_5-0,loanout.loanOutDate,loanout.loanoutdate,Loan Out Information > Loan out date
materials_5-0,loanout.loanReturnDate,loanout.loanreturndate,Loan Out Information > Loan return date
materials_5-0,loanout.loanRenewalApplicationDate,loanout.loanrenewalapplicationdate,Loan Out Information > Loan renewal application date
materials_5-0,loanout.creditLine,loanout.creditline,Loan Out Information > Credit line
materials_5-0,location.termDisplayName,location.termdisplayname,Storage Location Information > Term display name
materials_5-0,location.termName,location.termname,Storage Location Information > Term name
materials_5-0,location.termQualifier,location.termqualifier,Storage Location Information > Term qualifier
materials_5-0,location.termStatus,location.termstatus,Storage Location Information > Term status
materials_5-0,location.termType,location.termtype,Storage Location Information > Term type
materials_5-0,location.termFlag,location.termflag,Storage Location Information > Term flag
materials_5-0,location.termLanguage,location.termlanguage,Storage Location Information > Term language
materials_5-0,location.termPrefForLang,location.termprefforlang,Storage Location Information > Term preferred for lang
materials_5-0,location.termSource,location.termsource,Storage Location Information > Source > Term source name
materials_5-0,location.termSourceDetail,location.termsourcedetail,Storage Location Information > Source > Term source detail
materials_5-0,location.termSourceID,location.termsourceid,Storage Location Information > Source > Term source ID
materials_5-0,location.termSourceNote,location.termsourcenote,Storage Location Information > Source > Term source note
materials_5-0,location.locationType,location.locationtype,Storage Location Information > Storage location type
materials_5-0,location.accessNote,location.accessnote,Storage Location Information > Access note
materials_5-0,media.identificationNumber,media.identificationnumber,Media Handling Information > Identification number
materials_5-0,media.title,media.title,Media Handling Information > Title
materials_5-0,media.publishTo,media.publishto,Media Handling Information > Publish to
materials_5-0,media.name,media.name,File Information > Name
materials_5-0,media.mimeType,media.mimetype,File Information > Type
materials_5-0,media.length,media.length,File Information > Size
materials_5-0,media.externalUrl,media.externalurl,Media Handling Information > External URL
materials_5-0,media.checksumValue,media.checksumvalue,Media Handling Information > Checksum value
materials_5-0,media.checksumType,media.checksumtype,Media Handling Information > Checksum type
materials_5-0,media.checksumDate,media.checksumdate,Media Handling Information > Checksum date
materials_5-0,media.contributor,media.contributor,Media Handling Information > Contributor
materials_5-0,media.creator,media.creator,Media Handling Information > Creator
materials_5-0,media.relation,media.relation,Media Handling Information > Relation
materials_5-0,media.type,media.type,Media Handling Information > Type
materials_5-0,media.coverage,media.coverage,Media Handling Information > Coverage
materials_5-0,media.dateGroup,media.dategroup,Media Handling Information > Date
materials_5-0,media.source,media.source,Media Handling Information > Source
materials_5-0,media.subject,media.subject,Media Handling Information > Subject
materials_5-0,media.copyrightStatement,media.copyrightstatement,Media Handling Information > Copyright statement
materials_5-0,media.rightsHolder,media.rightsholder,Media Handling Information > Rights holder
materials_5-0,media.description,media.description,Media Handling Information > Description
materials_5-0,media.altText,media.alttext,Media Handling Information > Alt text
materials_5-0,media.mediaFileURI,media.mediafileuri,""
materials_5-0,movement.movementReferenceNumber,movement.movementreferencenumber,Object Location Information > Reference number
materials_5-0,movement.currentLocation,movement.currentlocation,Object Location Information > Current location
materials_5-0,movement.normalLocation,movement.normallocation,Object Location Information > Normal location
materials_5-0,movement.locationDate,movement.locationdate,Object Location Information > Location date
materials_5-0,movement.reasonForMove,movement.reasonformove,Movement Information > Reason for move
materials_5-0,movement.plannedRemovalDate,movement.plannedremovaldate,Movement Information > Planned removal date
materials_5-0,movement.removalDate,movement.removaldate,Movement Information > Removal date
materials_5-0,movement.movementContact,movement.movementcontact,Movement Information > Movement contact
materials_5-0,movement.movementNote,movement.movementnote,Movement Information > Movement note
materials_5-0,movement.inventoryActionRequired,movement.inventoryactionrequired,Inventory Information > Inventory action required
materials_5-0,movement.frequencyForInventory,movement.frequencyforinventory,Inventory Information > Inventory frequency
materials_5-0,movement.inventoryDate,movement.inventorydate,Inventory Information > Inventory date
materials_5-0,movement.nextInventoryDate,movement.nextinventorydate,Inventory Information > Next inventory date
materials_5-0,movement.inventoryContact,movement.inventorycontact,Inventory Information > Inventory contact
materials_5-0,movement.inventoryNote,movement.inventorynote,Inventory Information > Inventory note
materials_5-0,objectexit.exitNumber,objectexit.exitnumber,Object Exit Information > Exit number
materials_5-0,objectexit.exitDateGroup,objectexit.exitdategroup,Object Exit Information > Exit date
materials_5-0,objectexit.exitReason,objectexit.exitreason,Object Exit Information > Exit reason
materials_5-0,objectexit.exitMethod,objectexit.exitmethod,Object Exit Information > Exit method
materials_5-0,objectexit.exitQuantity,objectexit.exitquantity,Object Exit Information > Exit quantity
materials_5-0,objectexit.currentOwner,objectexit.currentowner,Object Exit Information > Current owner
materials_5-0,objectexit.depositor,objectexit.depositor,Object Exit Information > Depositor
materials_5-0,objectexit.exitNote,objectexit.exitnote,Object Exit Information > Exit note
materials_5-0,objectexit.packingNote,objectexit.packingnote,Object Exit Information > Packing note
materials_5-0,objectexit.displosalNewObjectNumber,objectexit.displosalnewobjectnumber,Deaccession and Disposal Information > Disposal new object number
materials_5-0,objectexit.deaccessionAuthorizer,objectexit.deaccessionauthorizer,Deaccession and Disposal Information > Deaccession authorizer
materials_5-0,objectexit.authorizationDate,objectexit.authorizationdate,Deaccession and Disposal Information > Authorization date
materials_5-0,objectexit.deaccessionApprovalGroup,objectexit.deaccessionapprovalgroup,Deaccession and Disposal Information > Deaccession approval group
materials_5-0,objectexit.deaccessionApprovalIndividual,objectexit.deaccessionapprovalindividual,Deaccession and Disposal Information > Deaccession approval individual
materials_5-0,objectexit.deaccessionApprovalStatus,objectexit.deaccessionapprovalstatus,Deaccession and Disposal Information > Deaccession approval status
materials_5-0,objectexit.deaccessionApprovalDate,objectexit.deaccessionapprovaldate,Deaccession and Disposal Information > Deaccession approval status date
materials_5-0,objectexit.deaccessionApprovalNote,objectexit.deaccessionapprovalnote,Deaccession and Disposal Information > Deaccession approval note
materials_5-0,objectexit.deaccessionDate,objectexit.deaccessiondate,Deaccession and Disposal Information > Deaccession date
materials_5-0,objectexit.disposalDate,objectexit.disposaldate,Deaccession and Disposal Information > Disposal date
materials_5-0,objectexit.disposalMethod,objectexit.disposalmethod,Deaccession and Disposal Information > Disposal method
materials_5-0,objectexit.displosalReason,objectexit.displosalreason,Deaccession and Disposal Information > Disposal reason
materials_5-0,objectexit.disposalProposedRecipient,objectexit.disposalproposedrecipient,Deaccession and Disposal Information > Disposal proposed recipient
materials_5-0,objectexit.disposalRecipient,objectexit.disposalrecipient,Deaccession and Disposal Information > Disposal recipient
materials_5-0,objectexit.disposalCurrency,objectexit.disposalcurrency,Deaccession and Disposal Information > Disposal > Disposal currency
materials_5-0,objectexit.displosalValue,objectexit.displosalvalue,Deaccession and Disposal Information > Disposal > Disposal value
materials_5-0,objectexit.groupDisposalCurrency,objectexit.groupdisposalcurrency,Deaccession and Disposal Information > Group disposal > Group disposal currency
materials_5-0,objectexit.groupDisplosalValue,objectexit.groupdisplosalvalue,Deaccession and Disposal Information > Group disposal > Group disposal value
materials_5-0,objectexit.displosalProvisos,objectexit.displosalprovisos,Deaccession and Disposal Information > Disposal provisos
materials_5-0,objectexit.displosalNote,objectexit.displosalnote,Deaccession and Disposal Information > Disposal note
materials_5-0,organization.termDisplayName,organization.termdisplayname,Organization Information > Term display name
materials_5-0,organization.termName,organization.termname,Organization Information > Term name
materials_5-0,organization.termQualifier,organization.termqualifier,Organization Information > Term qualifier
materials_5-0,organization.termStatus,organization.termstatus,Organization Information > Term status
materials_5-0,organization.termType,organization.termtype,Organization Information > Term type
materials_5-0,organization.termFlag,organization.termflag,Organization Information > Term flag
materials_5-0,organization.termLanguage,organization.termlanguage,Organization Information > Term language
materials_5-0,organization.termPrefForLang,organization.termprefforlang,Organization Information > Term preferred for lang
materials_5-0,organization.mainBodyName,organization.mainbodyname,Organization Information > Name detail > Term main body name
materials_5-0,organization.additionsToName,organization.additionstoname,Organization Information > Name detail > Term name addition
materials_5-0,organization.termSource,organization.termsource,Organization Information > Source > Term source name
materials_5-0,organization.termSourceDetail,organization.termsourcedetail,Organization Information > Source > Term source detail
materials_5-0,organization.termSourceID,organization.termsourceid,Organization Information > Source > Term source ID
materials_5-0,organization.termSourceNote,organization.termsourcenote,Organization Information > Source > Term source note
materials_5-0,organization.organizationRecordType,organization.organizationrecordtype,Organization Information > Organization type
materials_5-0,organization.foundingDateGroup,organization.foundingdategroup,Organization Information > Foundation date
materials_5-0,organization.foundingPlace,organization.foundingplace,Organization Information > Foundation place
materials_5-0,organization.dissolutionDateGroup,organization.dissolutiondategroup,Organization Information > Dissolution date
materials_5-0,organization.nameNote,organization.namenote,Organization Information > Name note
materials_5-0,organization.group,organization.group,Organization Information > Group
materials_5-0,organization.function,organization.function,Organization Information > Function
materials_5-0,organization.historyNote,organization.historynote,Organization Information > History
materials_5-0,organization.contactName,organization.contactname,Organization Information > Contact name
materials_5-0,organization.contactRole,organization.contactrole,Organization Information > Contact role
materials_5-0,organization.contactDateGroup,organization.contactdategroup,Organization Information > Contact date
materials_5-0,organization.contactEndDateGroup,organization.contactenddategroup,Organization Information > Contact end date
materials_5-0,organization.contactStatus,organization.contactstatus,Organization Information > Contact status
materials_5-0,organization.email,organization.email,Contact Information > Organization Information > Address
materials_5-0,organization.emailType,organization.emailtype,Contact Information > Organization Information > Type
materials_5-0,organization.telephoneNumber,organization.telephonenumber,Contact Information > Organization Information > Number
materials_5-0,organization.telephoneNumberType,organization.telephonenumbertype,Contact Information > Organization Information > Type
materials_5-0,organization.faxNumber,organization.faxnumber,Contact Information > Organization Information > Number
materials_5-0,organization.faxNumberType,organization.faxnumbertype,Contact Information > Organization Information > Type
materials_5-0,organization.webAddress,organization.webaddress,Contact Information > Organization Information > URL
materials_5-0,organization.webAddressType,organization.webaddresstype,Contact Information > Organization Information > Type
materials_5-0,organization.addressPlace1,organization.addressplace1,Contact Information > Organization Information > Line 1
materials_5-0,organization.addressPlace2,organization.addressplace2,Contact Information > Organization Information > Line 2
materials_5-0,organization.addressMunicipality,organization.addressmunicipality,Contact Information > Organization Information > Municipality
materials_5-0,organization.addressStateOrProvince,organization.addressstateorprovince,Contact Information > Organization Information > State/province
materials_5-0,organization.addressPostCode,organization.addresspostcode,Contact Information > Organization Information > Postal code
materials_5-0,organization.addressCountry,organization.addresscountry,Contact Information > Organization Information > Country
materials_5-0,organization.addressType,organization.addresstype,Contact Information > Organization Information > Type
materials_5-0,person.termDisplayName,person.termdisplayname,Person Information > Term display name
materials_5-0,person.termName,person.termname,Person Information > Term name
materials_5-0,person.termQualifier,person.termqualifier,Person Information > Term qualifier
materials_5-0,person.termStatus,person.termstatus,Person Information > Term status
materials_5-0,person.termType,person.termtype,Person Information > Term type
materials_5-0,person.termSource,person.termsource,Person Information > Source > Term source name
materials_5-0,person.termSourceDetail,person.termsourcedetail,Person Information > Source > Term source detail
materials_5-0,person.termSourceID,person.termsourceid,Person Information > Source > Term source ID
materials_5-0,person.termSourceNote,person.termsourcenote,Person Information > Source > Term source note
materials_5-0,person.salutation,person.salutation,Person Information > Name detail > Term salutation
materials_5-0,person.title,person.title,Person Information > Name detail > Term title
materials_5-0,person.foreName,person.forename,Person Information > Name detail > Term forename
materials_5-0,person.middleName,person.middlename,Person Information > Name detail > Term middle name
materials_5-0,person.surName,person.surname,Person Information > Name detail > Term surname
materials_5-0,person.nameAdditions,person.nameadditions,Person Information > Name detail > Term name addition
materials_5-0,person.initials,person.initials,Person Information > Name detail > Term initials
materials_5-0,person.occupation,person.occupation,Person Information > Occupation
materials_5-0,person.group,person.group,Person Information > Group
materials_5-0,person.nameNote,person.namenote,Person Information > Name note
materials_5-0,person.email,person.email,Contact Information > Person Information > Address
materials_5-0,person.emailType,person.emailtype,Contact Information > Person Information > Type
materials_5-0,person.telephoneNumber,person.telephonenumber,Contact Information > Person Information > Number
materials_5-0,person.telephoneNumberType,person.telephonenumbertype,Contact Information > Person Information > Type
materials_5-0,person.faxNumber,person.faxnumber,Contact Information > Person Information > Number
materials_5-0,person.faxNumberType,person.faxnumbertype,Contact Information > Person Information > Type
materials_5-0,person.webAddress,person.webaddress,Contact Information > Person Information > URL
materials_5-0,person.webAddressType,person.webaddresstype,Contact Information > Person Information > Type
materials_5-0,person.addressPlace1,person.addressplace1,Contact Information > Person Information > Line 1
materials_5-0,person.addressPlace2,person.addressplace2,Contact Information > Person Information > Line 2
materials_5-0,person.addressMunicipality,person.addressmunicipality,Contact Information > Person Information > Municipality
materials_5-0,person.addressStateOrProvince,person.addressstateorprovince,Contact Information > Person Information > State/province
materials_5-0,person.addressPostCode,person.addresspostcode,Contact Information > Person Information > Postal code
materials_5-0,person.addressCountry,person.addresscountry,Contact Information > Person Information > Country
materials_5-0,person.addressType,person.addresstype,Contact Information > Person Information > Type
materials_5-0,place.termDisplayName,place.termdisplayname,Place Information > Term display name
materials_5-0,place.termName,place.termname,Place Information > Term name
materials_5-0,place.termQualifier,place.termqualifier,Place Information > Term qualifier
materials_5-0,place.termStatus,place.termstatus,Place Information > Term status
materials_5-0,place.termType,place.termtype,Place Information > Term type
materials_5-0,place.termFlag,place.termflag,Place Information > Term flag
materials_5-0,place.historicalStatus,place.historicalstatus,Place Information > Term historical status
materials_5-0,place.termLanguage,place.termlanguage,Place Information > Term language
materials_5-0,place.termPrefForLang,place.termprefforlang,Place Information > Term preferred for lang
materials_5-0,place.nameAbbrev,place.nameabbrev,Place Information > Term abbreviation
materials_5-0,place.nameNote,place.namenote,Place Information > Term note
materials_5-0,place.nameDateGroup,place.namedategroup,Place Information > Term date
materials_5-0,place.termSource,place.termsource,Place Information > Source > Term source name
materials_5-0,place.termSourceDetail,place.termsourcedetail,Place Information > Source > Term source detail
materials_5-0,place.termSourceID,place.termsourceid,Place Information > Source > Term source ID
materials_5-0,place.termSourceNote,place.termsourcenote,Place Information > Source > Term source note
materials_5-0,place.placeType,place.placetype,Place Information > Place type
materials_5-0,place.placeSource,place.placesource,Place Information > Place source
materials_5-0,place.owner,place.owner,Place Information > Owner
materials_5-0,place.ownershipDateGroup,place.ownershipdategroup,Place Information > Ownership date
materials_5-0,place.ownershipNote,place.ownershipnote,Place Information > Ownership note
materials_5-0,place.placeNote,place.placenote,Place Information > Place note
materials_5-0,place.addressPlace1,place.addressplace1,Place Information > Address line 1
materials_5-0,place.addressPlace2,place.addressplace2,Place Information > Address line 2
materials_5-0,place.addressMunicipality,place.addressmunicipality,Place Information > Address municipality
materials_5-0,place.addressStateOrProvince,place.addressstateorprovince,Place Information > Address state/province
materials_5-0,place.addressPostCode,place.addresspostcode,Place Information > Address postal code
materials_5-0,place.addressCountry,place.addresscountry,Place Information > Address country
materials_5-0,place.addressType,place.addresstype,Place Information > Address type
materials_5-0,place.vCoordinates,place.vcoordinates,Locality Information > Verbatim coords
materials_5-0,place.vLatitude,place.vlatitude,Locality Information > Verbatim latitude
materials_5-0,place.vLongitude,place.vlongitude,Locality Information > Verbatim longitude
materials_5-0,place.vCoordSys,place.vcoordsys,Locality Information > Coordinate system
materials_5-0,place.vSpatialReferenceSystem,place.vspatialreferencesystem,Locality Information > Spatial ref system
materials_5-0,place.vElevation,place.velevation,Locality Information > Elevation
materials_5-0,place.vDepth,place.vdepth,Locality Information > Depth
materials_5-0,place.vDistanceAboveSurface,place.vdistanceabovesurface,Locality Information > Distance above surface
materials_5-0,place.vUnitofMeasure,place.vunitofmeasure,Locality Information > Unit of measure
materials_5-0,place.minElevationInMeters,place.minelevationinmeters,Locality Information > Min elevation (m)
materials_5-0,place.maxElevationInMeters,place.maxelevationinmeters,Locality Information > Max elevation (m)
materials_5-0,place.minDepthInMeters,place.mindepthinmeters,Locality Information > Min depth (m)
materials_5-0,place.maxDepthInMeters,place.maxdepthinmeters,Locality Information > Max depth (m)
materials_5-0,place.minDistanceAboveSurfaceInMeters,place.mindistanceabovesurfaceinmeters,Locality Information > Min distance above surface (m)
materials_5-0,place.maxDistanceAboveSurfaceInMeters,place.maxdistanceabovesurfaceinmeters,Locality Information > Max distance above surface (m)
materials_5-0,place.vCoordSource,place.vcoordsource,Locality Information > Coordinate source
materials_5-0,place.vCoordSourceRefId,place.vcoordsourcerefid,Locality Information > Coordinate source detail
materials_5-0,place.decimalLatitude,place.decimallatitude,Georeference Information > Georeference decimal latitude
materials_5-0,place.decimalLongitude,place.decimallongitude,Georeference Information > Georeference decimal longitude
materials_5-0,place.geodeticDatum,place.geodeticdatum,Georeference Information > Georeference datum
materials_5-0,place.coordUncertaintyInMeters,place.coorduncertaintyinmeters,Georeference Information > Georeference uncertainty (m)
materials_5-0,place.coordPrecision,place.coordprecision,Georeference Information > Georeference precision
materials_5-0,place.pointRadiusSpatialFit,place.pointradiusspatialfit,Georeference Information > Georeference point radius spatial fit
materials_5-0,place.footprintWKT,place.footprintwkt,Georeference Information > Georeference footprint WKT
materials_5-0,place.footprintSRS,place.footprintsrs,Georeference Information > Georeference footprint SRS
materials_5-0,place.footprintSpatialFit,place.footprintspatialfit,Georeference Information > Georeference footprint spatial fit
materials_5-0,place.geoReferencedBy,place.georeferencedby,Georeference Information > Georeferenced by
materials_5-0,place.geoRefDateGroup,place.georefdategroup,Georeference Information > Georeference date
materials_5-0,place.geoRefProtocol,place.georefprotocol,Georeference Information > Georeference protocol
materials_5-0,place.geoRefSource,place.georefsource,Georeference Information > Georeference source
materials_5-0,place.geoRefVerificationStatus,place.georefverificationstatus,Georeference Information > Georeference verification
materials_5-0,place.geoRefRemarks,place.georefremarks,Georeference Information > Georeference remarks
materials_5-0,place.geoRefPlaceName,place.georefplacename,Georeference Information > Georeference place name
materials_5-0,uoc.referenceNumber,uoc.referencenumber,Use of Collections Information > Reference number
materials_5-0,uoc.method,uoc.method,Use of Collections Information > Method
materials_5-0,uoc.collectionType,uoc.collectiontype,Use of Collections Information > Collection type
materials_5-0,uoc.projectId,uoc.projectid,Use of Collections Information > Project ID
materials_5-0,uoc.subcollection,uoc.subcollection,Use of Collections Information > Subcollection
materials_5-0,uoc.materialType,uoc.materialtype,Use of Collections Information > Material type
materials_5-0,uoc.user,uoc.user,Use of Collections Information > User name
materials_5-0,uoc.userUocRole,uoc.useruocrole,Use of Collections Information > User role
materials_5-0,uoc.userInstitution,uoc.userinstitution,Use of Collections Information > User institution
materials_5-0,uoc.userInstitutionRole,uoc.userinstitutionrole,Use of Collections Information > User institution role
materials_5-0,uoc.title,uoc.title,Use of Collections Information > Title
materials_5-0,uoc.dateRequested,uoc.daterequested,Use of Collections Information > Date requested
materials_5-0,uoc.dateCompleted,uoc.datecompleted,Use of Collections Information > Date completed
materials_5-0,uoc.occasion,uoc.occasion,Use of Collections Information > Occasion
materials_5-0,uoc.projectDescription,uoc.projectdescription,Use of Collections Information > Project description
materials_5-0,uoc.authorizedBy,uoc.authorizedby,Use of Collections Information > Authorized by
materials_5-0,uoc.authorizationDate,uoc.authorizationdate,Use of Collections Information > Authorization date
materials_5-0,uoc.authorizationStatus,uoc.authorizationstatus,Use of Collections Information > Authorization status
materials_5-0,uoc.authorizationNote,uoc.authorizationnote,Use of Collections Information > Authorization note
materials_5-0,uoc.useDate,uoc.usedate,Use of Collections Information > Start/ongoing date
materials_5-0,uoc.useDateTimeNote,uoc.usedatetimenote,Use of Collections Information > Start/ongoing date time note
materials_5-0,uoc.useDateNumberOfVisitors,uoc.usedatenumberofvisitors,Use of Collections Information > Start/ongoing date no. of visitors
materials_5-0,uoc.useDateHoursSpent,uoc.usedatehoursspent,Use of Collections Information > Start/ongoing date hours spent
materials_5-0,uoc.useDateVisitorNote,uoc.usedatevisitornote,Use of Collections Information > Start/ongoing date visitor note
materials_5-0,uoc.endDate,uoc.enddate,Use of Collections Information > End date
materials_5-0,uoc.staffName,uoc.staffname,Use of Collections Information > Staff name
materials_5-0,uoc.staffRole,uoc.staffrole,Use of Collections Information > Staff role
materials_5-0,uoc.staffHours,uoc.staffhours,Use of Collections Information > Staff hours spent
materials_5-0,uoc.staffNote,uoc.staffnote,Use of Collections Information > Staff note
materials_5-0,uoc.location,uoc.location,Use of Collections Information > Location
materials_5-0,uoc.feeCurrency,uoc.feecurrency,Use of Collections Information > Fee currency
materials_5-0,uoc.feeValue,uoc.feevalue,Use of Collections Information > Fee value
materials_5-0,uoc.feePaid,uoc.feepaid,Use of Collections Information > Fee paid
materials_5-0,uoc.feeNote,uoc.feenote,Use of Collections Information > Fee note
materials_5-0,uoc.note,uoc.note,Use of Collections Information > Note
materials_5-0,uoc.provisos,uoc.provisos,Use of Collections Information > Provisos
materials_5-0,uoc.obligationsFulfilled,uoc.obligationsfulfilled,Use of Collections Information > Obligations fulfilled
materials_5-0,uoc.result,uoc.result,Use of Collections Information > Result
materials_5-0,valuation.valuationcontrolRefNumber,valuation.valuationcontrolrefnumber,Object Valuation Information > Reference number
materials_5-0,valuation.valueCurrency,valuation.valuecurrency,Object Valuation Information > Amount currency
materials_5-0,valuation.valueAmount,valuation.valueamount,Object Valuation Information > Amount value
materials_5-0,valuation.valueDate,valuation.valuedate,Object Valuation Information > Date
materials_5-0,valuation.valueRenewalDate,valuation.valuerenewaldate,Object Valuation Information > Renewal date
materials_5-0,valuation.valueSource,valuation.valuesource,Object Valuation Information > Source
materials_5-0,valuation.valueType,valuation.valuetype,Object Valuation Information > Type
materials_5-0,valuation.valueNote,valuation.valuenote,Object Valuation Information > Note
materials_5-0,work.termDisplayName,work.termdisplayname,Work Information > Term display name
materials_5-0,work.termName,work.termname,Work Information > Term name
materials_5-0,work.termQualifier,work.termqualifier,Work Information > Term qualifier
materials_5-0,work.termStatus,work.termstatus,Work Information > Term status
materials_5-0,work.termType,work.termtype,Work Information > Term type
materials_5-0,work.termFlag,work.termflag,Work Information > Term flag
materials_5-0,work.termLanguage,work.termlanguage,Work Information > Term language
materials_5-0,work.termPrefForLang,work.termprefforlang,Work Information > Term preferred for lang
materials_5-0,work.termSource,work.termsource,Work Information > Source > Term source name
materials_5-0,work.termSourceDetail,work.termsourcedetail,Work Information > Source > Term source detail
materials_5-0,work.termSourceID,work.termsourceid,Work Information > Source > Term source ID
materials_5-0,work.termSourceNote,work.termsourcenote,Work Information > Source > Term source note
materials_5-0,work.workType,work.worktype,Work Information > Work type
materials_5-0,work.workDateGroup,work.workdategroup,Work Information > Work date
materials_5-0,work.workHistoryNote,work.workhistorynote,Work Information > History note
materials_5-0,work.creator,work.creator,Work Information > Creator name
materials_5-0,work.creatorType,work.creatortype,Work Information > Creator type
materials_5-0,work.publisher,work.publisher,Work Information > Publisher name
materials_5-0,work.publisherType,work.publishertype,Work Information > Publisher type
materials_5-0,work.addressPlace1,work.addressplace1,Work Information > Address line 1
materials_5-0,work.addressPlace2,work.addressplace2,Work Information > Address line 2
materials_5-0,work.addressMunicipality,work.addressmunicipality,Work Information > Address municipality
materials_5-0,work.addressStateOrProvince,work.addressstateorprovince,Work Information > Address state/province
materials_5-0,work.addressPostCode,work.addresspostcode,Work Information > Address postal code
materials_5-0,work.addressCountry,work.addresscountry,Work Information > Address country
materials_5-0,work.addressType,work.addresstype,Work Information > Address type
materials_5-0,material.termDisplayName,material.termdisplayname,Material Information > Term display name
materials_5-0,material.termName,material.termname,Material Information > Term name
materials_5-0,material.termQualifier,material.termqualifier,Material Information > Term qualifier
materials_5-0,material.termStatus,material.termstatus,Material Information > Term status
materials_5-0,material.termType,material.termtype,Material Information > Term type
materials_5-0,material.termFlag,material.termflag,Material Information > Term flag
materials_5-0,material.historicalStatus,material.historicalstatus,Material Information > Term historical status
materials_5-0,material.termLanguage,material.termlanguage,Material Information > Term language
materials_5-0,material.termPrefForLang,material.termprefforlang,Material Information > Term preferred for lang
materials_5-0,material.termSource,material.termsource,Material Information > Source > Term source name
materials_5-0,material.termSourceDetail,material.termsourcedetail,Material Information > Source > Term source detail
materials_5-0,material.termSourceID,material.termsourceid,Material Information > Source > Term source ID
materials_5-0,material.termSourceNote,material.termsourcenote,Material Information > Source > Term source note
materials_5-0,material.featuredCollection,material.featuredcollection,Material Information > Featured collection name
materials_5-0,material.featuredCollectionNote,material.featuredcollectionnote,Material Information > Featured collection note
materials_5-0,material.publishTo,material.publishto,Material Information > Publish to
materials_5-0,material.materialCompositionFamilyName,material.materialcompositionfamilyname,Material Information > Composition family name
materials_5-0,material.materialCompositionClassName,material.materialcompositionclassname,Material Information > Composition class name
materials_5-0,material.materialCompositionGenericName,material.materialcompositiongenericname,Material Information > Composition generic name
materials_5-0,material.description,material.description,Material Information > Description
materials_5-0,material.typicalUse,material.typicaluse,Material Information > Typical use
materials_5-0,material.discontinued,material.discontinued,Material Information > Discontinued > Discontinued status
materials_5-0,material.discontinuedBy,material.discontinuedby,Material Information > Discontinued > Discontinued by
materials_5-0,material.discontinuedDate,material.discontinueddate,Material Information > Discontinued > Discontinued date
materials_5-0,material.productionDate,material.productiondate,Material Information > Production date
materials_5-0,material.productionNote,material.productionnote,Material Information > Production note
materials_5-0,material.materialProductionOrganization,material.materialproductionorganization,Material Information > Production organization name
materials_5-0,material.materialProductionOrganizationRole,material.materialproductionorganizationrole,Material Information > Production organization role
materials_5-0,material.materialProductionPerson,material.materialproductionperson,Material Information > Production person name
materials_5-0,material.materialProductionPersonRole,material.materialproductionpersonrole,Material Information > Production person role
materials_5-0,material.materialProductionPlace,material.materialproductionplace,Material Information > Production place name
materials_5-0,material.materialProductionPlaceRole,material.materialproductionplacerole,Material Information > Production place role
materials_5-0,material.featuredApplication,material.featuredapplication,Material Information > Featured application name
materials_5-0,material.featuredApplicationNote,material.featuredapplicationnote,Material Information > Featured application note
materials_5-0,material.materialCitationSource,material.materialcitationsource,Material Information > Citation source
materials_5-0,material.materialCitationSourceDetail,material.materialcitationsourcedetail,Material Information > Citation detail
materials_5-0,material.externalUrl,material.externalurl,Material Information > External URL
materials_5-0,material.externalUrlNote,material.externalurlnote,Material Information > External URL note
materials_5-0,material.additionalResource,material.additionalresource,Material Information > External standard name
materials_5-0,material.additionalResourceNote,material.additionalresourcenote,Material Information > External standard note
materials_5-0,material.materialTermAttributionContributingOrganization,material.materialtermattributioncontributingorganization,Material Information > Term creator organization
materials_5-0,material.materialTermAttributionContributingPerson,material.materialtermattributioncontributingperson,Material Information > Term creator contributor
materials_5-0,material.materialTermAttributionContributingDate,material.materialtermattributioncontributingdate,Material Information > Term creator date
materials_5-0,material.materialTermAttributionEditingOrganization,material.materialtermattributioneditingorganization,Material Information > Term editor organization
materials_5-0,material.materialTermAttributionEditingPerson,material.materialtermattributioneditingperson,Material Information > Term editor
materials_5-0,material.materialTermAttributionEditingNote,material.materialtermattributioneditingnote,Material Information > Term editor note
materials_5-0,material.materialTermAttributionEditingDate,material.materialtermattributioneditingdate,Material Information > Term editor date
materials_5-0,material.commonForm,material.commonform,Form > Common form
materials_5-0,material.formType,material.formtype,Form > Form type
materials_5-0,material.typicalSize,material.typicalsize,Form > Typical size
materials_5-0,material.dimension,material.dimension,Form > Measurement dimension
materials_5-0,material.measurementUnit,material.measurementunit,Form > Measurement unit
materials_5-0,material.value,material.value,Form > Measurement value
materials_5-0,material.formNote,material.formnote,Form > Form note
materials_5-0,material.acousticalPropertyType,material.acousticalpropertytype,Properties > Acoustical property type
materials_5-0,material.acousticalPropertyNote,material.acousticalpropertynote,Properties > Acoustical property note
materials_5-0,material.durabilityPropertyType,material.durabilitypropertytype,Properties > Durability property type
materials_5-0,material.durabilityPropertyNote,material.durabilitypropertynote,Properties > Durability property note
materials_5-0,material.electricalPropertyType,material.electricalpropertytype,Properties > Electrical property type
materials_5-0,material.electricalPropertyNote,material.electricalpropertynote,Properties > Electrical property note
materials_5-0,material.hygrothermalPropertyType,material.hygrothermalpropertytype,Properties > Hygro-thermal property type
materials_5-0,material.hygrothermalPropertyNote,material.hygrothermalpropertynote,Properties > Hygro-thermal property note
materials_5-0,material.mechanicalPropertyType,material.mechanicalpropertytype,Properties > Mechanical property type
materials_5-0,material.mechanicalPropertyNote,material.mechanicalpropertynote,Properties > Mechanical property note
materials_5-0,material.opticalPropertyType,material.opticalpropertytype,Properties > Optical property type
materials_5-0,material.opticalPropertyNote,material.opticalpropertynote,Properties > Optical property note
materials_5-0,material.sensorialPropertyType,material.sensorialpropertytype,Properties > Sensorial property type
materials_5-0,material.sensorialPropertyNote,material.sensorialpropertynote,Properties > Sensorial property note
materials_5-0,material.smartMaterialPropertyType,material.smartmaterialpropertytype,Properties > Smart material property type
materials_5-0,material.smartMaterialPropertyNote,material.smartmaterialpropertynote,Properties > Smart material property note
materials_5-0,material.additionalPropertyType,material.additionalpropertytype,Properties > Additional property type
materials_5-0,material.additionalPropertyNote,material.additionalpropertynote,Properties > Additional property note
materials_5-0,material.propertyNote,material.propertynote,Properties > Property note
materials_5-0,material.recycledContent,material.recycledcontent,Material Ecology > Recycled content % - Low
materials_5-0,material.recycledContentHigh,material.recycledcontenthigh,Material Ecology > Recycled content % - High
materials_5-0,material.recycledContentQualifier,material.recycledcontentqualifier,Material Ecology > Recycled content qualifier
materials_5-0,material.lifecycleComponent,material.lifecyclecomponent,Material Ecology > Lifecycle component
materials_5-0,material.lifecycleComponentNote,material.lifecyclecomponentnote,Material Ecology > Lifecycle component note
materials_5-0,material.embodiedEnergyValue,material.embodiedenergyvalue,Material Ecology > Embodied energy value - Low
materials_5-0,material.embodiedEnergyValueHigh,material.embodiedenergyvaluehigh,Material Ecology > Embodied energy value - High
materials_5-0,material.embodiedEnergyUnit,material.embodiedenergyunit,Material Ecology > Embodied energy unit
materials_5-0,material.embodiedEnergyNote,material.embodiedenergynote,Material Ecology > Embodied energy note
materials_5-0,material.certificationProgram,material.certificationprogram,Material Ecology > Certification credit program
materials_5-0,material.certificationCreditNote,material.certificationcreditnote,Material Ecology > Certification credit note
materials_5-0,material.ecologyNote,material.ecologynote,Material Ecology > Material ecology note
materials_5-0,material.castingProcess,material.castingprocess,Process > Casting
materials_5-0,material.joiningProcess,material.joiningprocess,Process > Joining
materials_5-0,material.moldingProcess,material.moldingprocess,Process > Molding
materials_5-0,material.surfacingProcess,material.surfacingprocess,Process > Surfacing
materials_5-0,material.deformingProcess,material.deformingprocess,Process > Deforming
materials_5-0,material.machiningProcess,material.machiningprocess,Process > Machining
materials_5-0,material.rapidPrototypingProcess,material.rapidprototypingprocess,Process > Rapid prototyping
materials_5-0,material.additionalProcess,material.additionalprocess,Process > Additional process type
materials_5-0,material.additionalProcessNote,material.additionalprocessnote,Process > Additional process note
materials_5-0,material.processNote,material.processnote,Process > Process note
herbarium_3-0,citation.termDisplayName,citation.termdisplayname,Citation Information > Term display name
herbarium_3-0,citation.termStatus,citation.termstatus,Citation Information > Term status
herbarium_3-0,citation.termType,citation.termtype,Citation Information > Term type
herbarium_3-0,citation.termFlag,citation.termflag,Citation Information > Term flag
herbarium_3-0,citation.termLanguage,citation.termlanguage,Citation Information > Term language
herbarium_3-0,citation.termPrefForLang,citation.termprefforlang,Citation Information > Term preferred for lang
herbarium_3-0,citation.termFullCitation,citation.termfullcitation,Citation Information > Term full citation
herbarium_3-0,citation.termTitle,citation.termtitle,Citation Information > Term title
herbarium_3-0,citation.termSubTitle,citation.termsubtitle,Citation Information > Term subtitle
herbarium_3-0,citation.termSectionTitle,citation.termsectiontitle,Citation Information > Term section title
herbarium_3-0,citation.termVolume,citation.termvolume,Citation Information > Term volume
herbarium_3-0,citation.termIssue,citation.termissue,Citation Information > Term issue
herbarium_3-0,citation.termSource,citation.termsource,Citation Information > Source > Term source name
herbarium_3-0,citation.termSourceDetail,citation.termsourcedetail,Citation Information > Source > Term source detail
herbarium_3-0,citation.termSourceID,citation.termsourceid,Citation Information > Source > Term source ID
herbarium_3-0,citation.termSourceNote,citation.termsourcenote,Citation Information > Source > Term source note
herbarium_3-0,citation.publisher,citation.publisher,Citation Information > Publisher
herbarium_3-0,citation.publicationPlace,citation.publicationplace,Citation Information > Publication place
herbarium_3-0,citation.publicationDate,citation.publicationdate,Citation Information > Publication date
herbarium_3-0,citation.edition,citation.edition,Citation Information > Publication edition
herbarium_3-0,citation.pages,citation.pages,Citation Information > Publication page(s)
herbarium_3-0,citation.agent,citation.agent,Citation Information > Agent name
herbarium_3-0,citation.role,citation.role,Citation Information > Agent role
herbarium_3-0,citation.note,citation.note,Citation Information > Agent note
herbarium_3-0,citation.citationNote,citation.citationnote,Citation Information > Note
herbarium_3-0,citation.resourceIdent,citation.resourceident,Citation Information > Resource identifier
herbarium_3-0,citation.type,citation.type,Citation Information > Resource identifier type
herbarium_3-0,citation.captureDate,citation.capturedate,Citation Information > Resource identifier capture date
herbarium_3-0,citation.relatedTerm,citation.relatedterm,Citation Information > Related term
herbarium_3-0,citation.relationType,citation.relationtype,Citation Information > Related term type
herbarium_3-0,collectionobject.objectNumber,collectionobject.objectnumber,Object Identification Information > Identification number
herbarium_3-0,collectionobject.collection,collectionobject.collection,Object Identification Information > Collection
herbarium_3-0,collectionobject.namedCollection,collectionobject.namedcollection,Object Identification Information > Named collection
herbarium_3-0,collectionobject.determinationTaxon,collectionobject.determinationtaxon,Object Identification Information > Taxonomic identification > Taxonomic identification scientific name
herbarium_3-0,collectionobject.determinationQualifier,collectionobject.determinationqualifier,Object Identification Information > Taxonomic identification > Taxonomic identification qualifier
herbarium_3-0,collectionobject.determinationBy,collectionobject.determinationby,Object Identification Information > Identification by > Taxonomic identification by
herbarium_3-0,collectionobject.determinationDateGroup,collectionobject.determinationdategroup,Object Identification Information > Identification by > Taxonomic identification date
herbarium_3-0,collectionobject.determinationInstitution,collectionobject.determinationinstitution,Object Identification Information > Identification by > Taxonomic identification institution
herbarium_3-0,collectionobject.determinationKind,collectionobject.determinationkind,Object Identification Information > Taxonomic identification kind
herbarium_3-0,collectionobject.determinationReference,collectionobject.determinationreference,Object Identification Information > Reference > Taxonomic identification reference source
herbarium_3-0,collectionobject.determinationRefPage,collectionobject.determinationrefpage,Object Identification Information > Reference > Taxonomic identification reference page
herbarium_3-0,collectionobject.determinationNote,collectionobject.determinationnote,Object Identification Information > Taxonomic identification note
herbarium_3-0,collectionobject.localName,collectionobject.localname,Object Identification Information > Local name
herbarium_3-0,collectionobject.localNameLanguage,collectionobject.localnamelanguage,Object Identification Information > Local name language
herbarium_3-0,collectionobject.herbHybridParent,collectionobject.herbhybridparent,Object Identification Information > Hybrid parent name
herbarium_3-0,collectionobject.herbHybridParentQualifier,collectionobject.herbhybridparentqualifier,Object Identification Information > Hybrid parent qualifier
herbarium_3-0,collectionobject.hybridName,collectionobject.hybridname,Object Identification Information > Hybrid name
herbarium_3-0,collectionobject.labelHeader,collectionobject.labelheader,Object Identification Information > Label header
herbarium_3-0,collectionobject.labelFooter,collectionobject.labelfooter,Object Identification Information > Label footer
herbarium_3-0,collectionobject.sheetNumber,collectionobject.sheetnumber,Object Identification Information > Sheet number
herbarium_3-0,collectionobject.sheetCount,collectionobject.sheetcount,Object Identification Information > Sheet count
herbarium_3-0,collectionobject.briefDescription,collectionobject.briefdescription,Object Identification Information > Brief description
herbarium_3-0,collectionobject.publishTo,collectionobject.publishto,Object Identification Information > Publish to
herbarium_3-0,collectionobject.numberValue,collectionobject.numbervalue,Object Identification Information > Other number value
herbarium_3-0,collectionobject.numberType,collectionobject.numbertype,Object Identification Information > Other number type
herbarium_3-0,collectionobject.comment,collectionobject.comment,Object Identification Information > Comment
herbarium_3-0,collectionobject.inventoryStatus,collectionobject.inventorystatus,Object Identification Information > Inventory status
herbarium_3-0,collectionobject.annotationType,collectionobject.annotationtype,Object Identification Information > Annotation type
herbarium_3-0,collectionobject.annotationDate,collectionobject.annotationdate,Object Identification Information > Annotation date
herbarium_3-0,collectionobject.annotationAuthor,collectionobject.annotationauthor,Object Identification Information > Annotation author
herbarium_3-0,collectionobject.annotationNote,collectionobject.annotationnote,Object Identification Information > Annotation note
herbarium_3-0,collectionobject.herbTypeSpecimenKind,collectionobject.herbtypespecimenkind,Object Identification Information > Type specimen kind
herbarium_3-0,collectionobject.herbTypeSpecimenAssertionBy,collectionobject.herbtypespecimenassertionby,Object Identification Information > Type specimen asserted by
herbarium_3-0,collectionobject.herbTypeSpecimenReference,collectionobject.herbtypespecimenreference,Object Identification Information > Type specimen reference
herbarium_3-0,collectionobject.herbTypeSpecimenRefPage,collectionobject.herbtypespecimenrefpage,Object Identification Information > Type specimen reference page
herbarium_3-0,collectionobject.herbTypeSpecimenBasionym,collectionobject.herbtypespecimenbasionym,Object Identification Information > Type specimen verified basionym
herbarium_3-0,collectionobject.herbTypeSpecimenNotes,collectionobject.herbtypespecimennotes,Object Identification Information > Type specimen note
herbarium_3-0,collectionobject.sex,collectionobject.sex,Object Description Information > Sex
herbarium_3-0,collectionobject.phase,collectionobject.phase,Object Description Information > Phase
herbarium_3-0,collectionobject.form,collectionobject.form,Object Description Information > Form
herbarium_3-0,collectionobject.style,collectionobject.style,Object Description Information > Style
herbarium_3-0,collectionobject.postToPublic,collectionobject.posttopublic,Object Description Information > Post to public
herbarium_3-0,collectionobject.assocActivity,collectionobject.assocactivity,Object History and Association Information > Associations > Associated activity
herbarium_3-0,collectionobject.assocActivityType,collectionobject.assocactivitytype,Object History and Association Information > Associations > Associated activity type
herbarium_3-0,collectionobject.assocActivityNote,collectionobject.assocactivitynote,Object History and Association Information > Associations > Associated activity note
herbarium_3-0,collectionobject.assocObject,collectionobject.assocobject,Object History and Association Information > Associations > Associated object
herbarium_3-0,collectionobject.assocObjectType,collectionobject.assocobjecttype,Object History and Association Information > Associations > Associated object type
herbarium_3-0,collectionobject.assocObjectNote,collectionobject.assocobjectnote,Object History and Association Information > Associations > Associated object note
herbarium_3-0,collectionobject.assocConcept,collectionobject.assocconcept,Object History and Association Information > Associations > Associated concept
herbarium_3-0,collectionobject.assocConceptType,collectionobject.assocconcepttype,Object History and Association Information > Associations > Associated concept type
herbarium_3-0,collectionobject.assocConceptNote,collectionobject.assocconceptnote,Object History and Association Information > Associations > Associated concept note
herbarium_3-0,collectionobject.assocCulturalContext,collectionobject.assocculturalcontext,Object History and Association Information > Associations > Associated cultural affinity
herbarium_3-0,collectionobject.assocCulturalContextType,collectionobject.assocculturalcontexttype,Object History and Association Information > Associations > Associated cultural affinity type
herbarium_3-0,collectionobject.assocCulturalContextNote,collectionobject.assocculturalcontextnote,Object History and Association Information > Associations > Associated cultural affinity note
herbarium_3-0,collectionobject.assocOrganization,collectionobject.assocorganization,Object History and Association Information > Associations > Associated organization
herbarium_3-0,collectionobject.assocOrganizationType,collectionobject.assocorganizationtype,Object History and Association Information > Associations > Associated organization type
herbarium_3-0,collectionobject.assocOrganizationNote,collectionobject.assocorganizationnote,Object History and Association Information > Associations > Associated organization note
herbarium_3-0,collectionobject.assocPeople,collectionobject.assocpeople,Object History and Association Information > Associations > Associated people
herbarium_3-0,collectionobject.assocPeopleType,collectionobject.assocpeopletype,Object History and Association Information > Associations > Associated people type
herbarium_3-0,collectionobject.assocPeopleNote,collectionobject.assocpeoplenote,Object History and Association Information > Associations > Associated people note
herbarium_3-0,collectionobject.assocPerson,collectionobject.assocperson,Object History and Association Information > Associations > Associated person
herbarium_3-0,collectionobject.assocPersonType,collectionobject.assocpersontype,Object History and Association Information > Associations > Associated person type
herbarium_3-0,collectionobject.assocPersonNote,collectionobject.assocpersonnote,Object History and Association Information > Associations > Associated person note
herbarium_3-0,collectionobject.assocPlace,collectionobject.assocplace,Object History and Association Information > Associations > Associated place
herbarium_3-0,collectionobject.assocPlaceType,collectionobject.assocplacetype,Object History and Association Information > Associations > Associated place type
herbarium_3-0,collectionobject.assocPlaceNote,collectionobject.assocplacenote,Object History and Association Information > Associations > Associated place note
herbarium_3-0,collectionobject.assocEventName,collectionobject.assoceventname,Object History and Association Information > Associations > Associated event > Associated event
herbarium_3-0,collectionobject.assocEventNameType,collectionobject.assoceventnametype,Object History and Association Information > Associations > Associated event > Associated event type
herbarium_3-0,collectionobject.assocEventOrganization,collectionobject.assoceventorganization,Object History and Association Information > Associations > Associated event organization
herbarium_3-0,collectionobject.assocEventPeople,collectionobject.assoceventpeople,Object History and Association Information > Associations > Associated event people
herbarium_3-0,collectionobject.assocEventPerson,collectionobject.assoceventperson,Object History and Association Information > Associations > Associated event person
herbarium_3-0,collectionobject.assocEventPlace,collectionobject.assoceventplace,Object History and Association Information > Associations > Associated event place
herbarium_3-0,collectionobject.assocEventNote,collectionobject.assoceventnote,Object History and Association Information > Associations > Associated event note
herbarium_3-0,collectionobject.assocStructuredDateGroup,collectionobject.assocstructureddategroup,Object History and Association Information > Associations > Associated date value
herbarium_3-0,collectionobject.assocDateType,collectionobject.assocdatetype,Object History and Association Information > Associations > Associated date type
herbarium_3-0,collectionobject.assocDateNote,collectionobject.assocdatenote,Object History and Association Information > Associations > Associated date note
herbarium_3-0,collectionobject.objectHistoryNote,collectionobject.objecthistorynote,Object History and Association Information > Object history note
herbarium_3-0,collectionobject.usage,collectionobject.usage,Object History and Association Information > Usage
herbarium_3-0,collectionobject.usageNote,collectionobject.usagenote,Object History and Association Information > Usage note
herbarium_3-0,collectionobject.owner,collectionobject.owner,Object History and Association Information > Owner
herbarium_3-0,collectionobject.ownershipDateGroup,collectionobject.ownershipdategroup,Object History and Association Information > Ownership date
herbarium_3-0,collectionobject.ownershipAccess,collectionobject.ownershipaccess,Object History and Association Information > Ownership access
herbarium_3-0,collectionobject.ownershipCategory,collectionobject.ownershipcategory,Object History and Association Information > Ownership category
herbarium_3-0,collectionobject.ownershipPlace,collectionobject.ownershipplace,Object History and Association Information > Ownership place
herbarium_3-0,collectionobject.ownershipExchangeMethod,collectionobject.ownershipexchangemethod,Object History and Association Information > Ownership exchange > Ownership exchange method
herbarium_3-0,collectionobject.ownershipExchangeNote,collectionobject.ownershipexchangenote,Object History and Association Information > Ownership exchange > Ownership exchange note
herbarium_3-0,collectionobject.ownershipExchangePriceCurrency,collectionobject.ownershipexchangepricecurrency,Object History and Association Information > Ownership exchange > Ownership exchange price currency
herbarium_3-0,collectionobject.ownershipExchangePriceValue,collectionobject.ownershipexchangepricevalue,Object History and Association Information > Ownership exchange > Ownership exchange price value
herbarium_3-0,collectionobject.reference,collectionobject.reference,Reference Information > Reference
herbarium_3-0,collectionobject.referenceNote,collectionobject.referencenote,Reference Information > Reference note
herbarium_3-0,collectionobject.relatedLink,collectionobject.relatedlink,Reference Information > Published related link url
herbarium_3-0,collectionobject.descriptiveTitle,collectionobject.descriptivetitle,Reference Information > Published related link descriptive title
herbarium_3-0,collectionobject.fieldCollectionDateGroup,collectionobject.fieldcollectiondategroup,Object Collection Information > Field collection date
herbarium_3-0,collectionobject.fieldCollector,collectionobject.fieldcollector,Object Collection Information > Field collector
herbarium_3-0,collectionobject.fieldCollectionNumber,collectionobject.fieldcollectionnumber,Object Collection Information > Field collection number
herbarium_3-0,collectionobject.fieldCollectionMethod,collectionobject.fieldcollectionmethod,Object Collection Information > Field collection method
herbarium_3-0,collectionobject.habitat,collectionobject.habitat,Object Collection Information > Habitat
herbarium_3-0,collectionobject.herbAssocTaxon,collectionobject.herbassoctaxon,Object Collection Information > Associated taxon name
herbarium_3-0,collectionobject.herbAssocTaxonCommonName,collectionobject.herbassoctaxoncommonname,Object Collection Information > Associated taxon common name
herbarium_3-0,collectionobject.herbAssocTaxonInteraction,collectionobject.herbassoctaxoninteraction,Object Collection Information > Associated taxon interaction
herbarium_3-0,collectionobject.herbCollectionLocationVerbatim,collectionobject.herbcollectionlocationverbatim,Locality Information > Field collection location verbatim
herbarium_3-0,collectionobject.herbCollectionPlace,collectionobject.herbcollectionplace,Locality Information > Field collection place
herbarium_3-0,collectionobject.title,collectionobject.title,Object Identification Information > Title
herbarium_3-0,collectionobject.titleLanguage,collectionobject.titlelanguage,Object Identification Information > Title language
herbarium_3-0,collectionobject.titleType,collectionobject.titletype,Object Identification Information > Title type
herbarium_3-0,collectionobject.titleTranslation,collectionobject.titletranslation,Object Identification Information > Title translation
herbarium_3-0,collectionobject.titleTranslationLanguage,collectionobject.titletranslationlanguage,Object Identification Information > Title translation language
herbarium_3-0,collectionobject.measuredPart,collectionobject.measuredpart,Object Description Information > Measured part
herbarium_3-0,collectionobject.dimensionSummary,collectionobject.dimensionsummary,Object Description Information > Dimension summary
herbarium_3-0,collectionobject.dimension,collectionobject.dimension,Object Description Information > Measurement dimension
herbarium_3-0,collectionobject.measuredBy,collectionobject.measuredby,Object Description Information > Measured by
herbarium_3-0,collectionobject.measurementMethod,collectionobject.measurementmethod,Object Description Information > Measurement method
herbarium_3-0,collectionobject.value,collectionobject.value,Object Description Information > Measurement value
herbarium_3-0,collectionobject.measurementUnit,collectionobject.measurementunit,Object Description Information > Measurement unit
herbarium_3-0,collectionobject.valueQualifier,collectionobject.valuequalifier,Object Description Information > Measurement qualifier
herbarium_3-0,collectionobject.valueDate,collectionobject.valuedate,Object Description Information > Measurement date
herbarium_3-0,collectionobject.measuredPartNote,collectionobject.measuredpartnote,Object Description Information > Dimension note
herbarium_3-0,collectionobject.objectProductionDateGroup,collectionobject.objectproductiondategroup,Object Production Information > Production date
herbarium_3-0,collectionobject.objectProductionPerson,collectionobject.objectproductionperson,Object Production Information > Production person
herbarium_3-0,collectionobject.objectProductionPersonRole,collectionobject.objectproductionpersonrole,Object Production Information > Production person role
herbarium_3-0,collectionobject.objectProductionOrganization,collectionobject.objectproductionorganization,Object Production Information > Production organization
herbarium_3-0,collectionobject.objectProductionOrganizationRole,collectionobject.objectproductionorganizationrole,Object Production Information > Production organization role
herbarium_3-0,collectionobject.responsibleDepartment,collectionobject.responsibledepartment,Object Identification Information > Responsible department
herbarium_3-0,collectionobject.distinguishingFeatures,collectionobject.distinguishingfeatures,Object Identification Information > Distinguishing features
herbarium_3-0,collectionobject.copyNumber,collectionobject.copynumber,Object Description Information > Copy number
herbarium_3-0,collectionobject.editionNumber,collectionobject.editionnumber,Object Description Information > Edition number
herbarium_3-0,collectionobject.color,collectionobject.color,Object Description Information > Color
herbarium_3-0,collectionobject.physicalDescription,collectionobject.physicaldescription,Object Description Information > Physical description
herbarium_3-0,collectionobject.technicalAttribute,collectionobject.technicalattribute,Object Description Information > Technical attribute
herbarium_3-0,collectionobject.technicalAttributeMeasurement,collectionobject.technicalattributemeasurement,Object Description Information > Technical attribute measurement
herbarium_3-0,collectionobject.technicalAttributeMeasurementUnit,collectionobject.technicalattributemeasurementunit,Object Description Information > Technical attribute measurement unit
herbarium_3-0,collectionobject.contentDescription,collectionobject.contentdescription,Object Description Information > Content > Content description
herbarium_3-0,collectionobject.contentLanguage,collectionobject.contentlanguage,Object Description Information > Content > Content language
herbarium_3-0,collectionobject.contentActivity,collectionobject.contentactivity,Object Description Information > Content > Content activity
herbarium_3-0,collectionobject.contentConcept,collectionobject.contentconcept,Object Description Information > Content > Content concept
herbarium_3-0,collectionobject.contentDateGroup,collectionobject.contentdategroup,Object Description Information > Content > Content date
herbarium_3-0,collectionobject.contentPosition,collectionobject.contentposition,Object Description Information > Content > Content position
herbarium_3-0,collectionobject.contentObject,collectionobject.contentobject,Object Description Information > Content > Content object name
herbarium_3-0,collectionobject.contentObjectType,collectionobject.contentobjecttype,Object Description Information > Content > Content object type
herbarium_3-0,collectionobject.contentPeople,collectionobject.contentpeople,Object Description Information > Content > Content people
herbarium_3-0,collectionobject.contentPerson,collectionobject.contentperson,Object Description Information > Content > Content person
herbarium_3-0,collectionobject.contentPlace,collectionobject.contentplace,Object Description Information > Content > Content place
herbarium_3-0,collectionobject.contentScript,collectionobject.contentscript,Object Description Information > Content > Content script
herbarium_3-0,collectionobject.contentOrganization,collectionobject.contentorganization,Object Description Information > Content > Content organization
herbarium_3-0,collectionobject.contentEventName,collectionobject.contenteventname,Object Description Information > Content > Content event name
herbarium_3-0,collectionobject.contentEventNameType,collectionobject.contenteventnametype,Object Description Information > Content > Content event type
herbarium_3-0,collectionobject.contentOther,collectionobject.contentother,Object Description Information > Content > Content other name
herbarium_3-0,collectionobject.contentOtherType,collectionobject.contentothertype,Object Description Information > Content > Content other type
herbarium_3-0,collectionobject.contentNote,collectionobject.contentnote,Object Description Information > Content > Content note
herbarium_3-0,collectionobject.technique,collectionobject.technique,Object Production Information > Production technique
herbarium_3-0,collectionobject.techniqueType,collectionobject.techniquetype,Object Production Information > Production technique type
herbarium_3-0,collectionobject.objectProductionPlace,collectionobject.objectproductionplace,Object Production Information > Production place
herbarium_3-0,collectionobject.objectProductionPlaceRole,collectionobject.objectproductionplacerole,Object Production Information > Production place role
herbarium_3-0,collectionobject.objectProductionNote,collectionobject.objectproductionnote,Object Production Information > Production note
herbarium_3-0,concept.termDisplayName,concept.termdisplayname,Concept Information > Term display name
herbarium_3-0,concept.termName,concept.termname,Concept Information > Term name
herbarium_3-0,concept.termQualifier,concept.termqualifier,Concept Information > Term qualifier
herbarium_3-0,concept.termStatus,concept.termstatus,Concept Information > Term status
herbarium_3-0,concept.termType,concept.termtype,Concept Information > Term type
herbarium_3-0,concept.termFlag,concept.termflag,Concept Information > Term flag
herbarium_3-0,concept.historicalStatus,concept.historicalstatus,Concept Information > Term historical status
herbarium_3-0,concept.termLanguage,concept.termlanguage,Concept Information > Term language
herbarium_3-0,concept.termPrefForLang,concept.termprefforlang,Concept Information > Term preferred for lang
herbarium_3-0,concept.termSource,concept.termsource,Concept Information > Source > Term source name
herbarium_3-0,concept.termSourceDetail,concept.termsourcedetail,Concept Information > Source > Term source detail
herbarium_3-0,concept.termSourceID,concept.termsourceid,Concept Information > Source > Term source ID
herbarium_3-0,concept.termSourceNote,concept.termsourcenote,Concept Information > Source > Term source note
herbarium_3-0,concept.conceptRecordType,concept.conceptrecordtype,Concept Information > Concept type
herbarium_3-0,concept.scopeNote,concept.scopenote,Concept Information > Scope note > Scope note
herbarium_3-0,concept.scopeNoteSource,concept.scopenotesource,Concept Information > Scope note > Scope note source
herbarium_3-0,concept.scopeNoteSourceDetail,concept.scopenotesourcedetail,Concept Information > Scope note > Scope note source detail
herbarium_3-0,concept.citationSource,concept.citationsource,Concept Information > Citation source
herbarium_3-0,concept.citationSourceDetail,concept.citationsourcedetail,Concept Information > Citation source detail
herbarium_3-0,concept.additionalSource,concept.additionalsource,Concept Information > Additional source
herbarium_3-0,concept.additionalSourceDetail,concept.additionalsourcedetail,Concept Information > Additional source detail
herbarium_3-0,concept.additionalSourceID,concept.additionalsourceid,Concept Information > Additional source ID
herbarium_3-0,concept.additionalSourceNote,concept.additionalsourcenote,Concept Information > Additional source note
herbarium_3-0,conditioncheck.conditionCheckRefNumber,conditioncheck.conditioncheckrefnumber,Condition Check/Technical Assessment Information > Reference number
herbarium_3-0,conditioncheck.conditionCheckAssessmentDate,conditioncheck.conditioncheckassessmentdate,Condition Check/Technical Assessment Information > Check/assessment date
herbarium_3-0,conditioncheck.conditionCheckMethod,conditioncheck.conditioncheckmethod,Condition Check/Technical Assessment Information > Method
herbarium_3-0,conditioncheck.conditionCheckReason,conditioncheck.conditioncheckreason,Condition Check/Technical Assessment Information > Reason
herbarium_3-0,conditioncheck.conditionChecker,conditioncheck.conditionchecker,Condition Check/Technical Assessment Information > Checker/assessor
herbarium_3-0,conditioncheck.conditionCheckNote,conditioncheck.conditionchecknote,Condition Check/Technical Assessment Information > Note
herbarium_3-0,conditioncheck.objectAuditCategory,conditioncheck.objectauditcategory,Object Condition Information > Object audit category
herbarium_3-0,conditioncheck.conservationTreatmentPriority,conditioncheck.conservationtreatmentpriority,Object Condition Information > Conservation treatment priority
herbarium_3-0,conditioncheck.nextConditionCheckDate,conditioncheck.nextconditioncheckdate,Object Condition Information > Next check/assessment date
herbarium_3-0,conditioncheck.completeness,conditioncheck.completeness,Object Condition Information > Completeness description
herbarium_3-0,conditioncheck.completenessDate,conditioncheck.completenessdate,Object Condition Information > Completeness date
herbarium_3-0,conditioncheck.completenessNote,conditioncheck.completenessnote,Object Condition Information > Completeness note
herbarium_3-0,conditioncheck.hazard,conditioncheck.hazard,Object Condition Information > Hazard description
herbarium_3-0,conditioncheck.hazardDate,conditioncheck.hazarddate,Object Condition Information > Hazard date
herbarium_3-0,conditioncheck.hazardNote,conditioncheck.hazardnote,Object Condition Information > Hazard note
herbarium_3-0,conditioncheck.techAssessment,conditioncheck.techassessment,Object Condition Information > Technical assessment description
herbarium_3-0,conditioncheck.techAssessmentDate,conditioncheck.techassessmentdate,Object Condition Information > Technical assessment date
herbarium_3-0,conditioncheck.condition,conditioncheck.condition,Object Condition Information > Condition description
herbarium_3-0,conditioncheck.conditionDate,conditioncheck.conditiondate,Object Condition Information > Condition date
herbarium_3-0,conditioncheck.conditionNote,conditioncheck.conditionnote,Object Condition Information > Condition note
herbarium_3-0,conditioncheck.envConditionNote,conditioncheck.envconditionnote,Object Condition Information > Environmental condition note
herbarium_3-0,conditioncheck.envConditionNoteDate,conditioncheck.envconditionnotedate,Object Condition Information > Environmental condition date
herbarium_3-0,conditioncheck.displayRecommendations,conditioncheck.displayrecommendations,Object Recommendation/Requirement Information > Display recommendation
herbarium_3-0,conditioncheck.handlingRecommendations,conditioncheck.handlingrecommendations,Object Recommendation/Requirement Information > Handling recommendation
herbarium_3-0,conditioncheck.securityRecommendations,conditioncheck.securityrecommendations,Object Recommendation/Requirement Information > Security recommendation
herbarium_3-0,conditioncheck.storageRequirements,conditioncheck.storagerequirements,Object Recommendation/Requirement Information > Storage recommendation
herbarium_3-0,conditioncheck.envRecommendations,conditioncheck.envrecommendations,Object Recommendation/Requirement Information > Environmental recommendation
herbarium_3-0,conditioncheck.packingRecommendations,conditioncheck.packingrecommendations,Object Recommendation/Requirement Information > Packing recommendation
herbarium_3-0,conditioncheck.specialRequirements,conditioncheck.specialrequirements,Object Recommendation/Requirement Information > Special requirement
herbarium_3-0,conditioncheck.legalRequirements,conditioncheck.legalrequirements,Object Recommendation/Requirement Information > Legal requirement
herbarium_3-0,conditioncheck.legalReqsHeld,conditioncheck.legalreqsheld,Object Recommendation/Requirement Information > Legal/license requirement held description
herbarium_3-0,conditioncheck.legalReqsHeldBeginDate,conditioncheck.legalreqsheldbegindate,Object Recommendation/Requirement Information > Legal/license requirement held begin date
herbarium_3-0,conditioncheck.legalReqsHeldEndDate,conditioncheck.legalreqsheldenddate,Object Recommendation/Requirement Information > Legal/license requirement held end date
herbarium_3-0,conditioncheck.legalReqsHeldNumber,conditioncheck.legalreqsheldnumber,Object Recommendation/Requirement Information > Legal/license requirement held number
herbarium_3-0,conditioncheck.legalReqsHeldRenewDate,conditioncheck.legalreqsheldrenewdate,Object Recommendation/Requirement Information > Legal/license requirement held renewal date
herbarium_3-0,conditioncheck.salvagePriorityCode,conditioncheck.salvageprioritycode,Object Recommendation/Requirement Information > Salvage priority code
herbarium_3-0,conditioncheck.salvagePriorityCodeDate,conditioncheck.salvageprioritycodedate,Object Recommendation/Requirement Information > Salvage priority date
herbarium_3-0,exhibition.exhibitionNumber,exhibition.exhibitionnumber,Exhibition Information > Exhibition number
herbarium_3-0,exhibition.type,exhibition.type,Exhibition Information > Type
herbarium_3-0,exhibition.title,exhibition.title,Exhibition Information > Title
herbarium_3-0,exhibition.sponsor,exhibition.sponsor,Exhibition Information > Sponsor
herbarium_3-0,exhibition.organizer,exhibition.organizer,Exhibition Information > Organizer
herbarium_3-0,exhibition.publishTo,exhibition.publishto,Exhibition Information > Publish to
herbarium_3-0,exhibition.venue,exhibition.venue,Exhibition Information > Venue name
herbarium_3-0,exhibition.venueOpeningDate,exhibition.venueopeningdate,Exhibition Information > Venue opening date
herbarium_3-0,exhibition.venueClosingDate,exhibition.venueclosingdate,Exhibition Information > Venue closing date
herbarium_3-0,exhibition.venueAttendance,exhibition.venueattendance,Exhibition Information > Venue attendance
herbarium_3-0,exhibition.venueUrl,exhibition.venueurl,Exhibition Information > Venue web address
herbarium_3-0,exhibition.workingGroupTitle,exhibition.workinggrouptitle,Exhibition Information > Working group title
herbarium_3-0,exhibition.workingGroupNote,exhibition.workinggroupnote,Exhibition Information > Working group note
herbarium_3-0,exhibition.exhibitionPerson,exhibition.exhibitionperson,Exhibition Information > Working group member name
herbarium_3-0,exhibition.exhibitionPersonRole,exhibition.exhibitionpersonrole,Exhibition Information > Working group member role
herbarium_3-0,exhibition.planningNote,exhibition.planningnote,Exhibition Information > Planning note
herbarium_3-0,exhibition.curatorialNote,exhibition.curatorialnote,Exhibition Information > Curatorial note
herbarium_3-0,exhibition.generalNote,exhibition.generalnote,Exhibition Information > General note
herbarium_3-0,exhibition.boilerplateText,exhibition.boilerplatetext,Exhibition Information > Boilerplate text
herbarium_3-0,exhibition.galleryRotationName,exhibition.galleryrotationname,Exhibition Information > Gallery rotation name
herbarium_3-0,exhibition.galleryRotationStartDateGroup,exhibition.galleryrotationstartdategroup,Exhibition Information > Gallery rotation start date
herbarium_3-0,exhibition.galleryRotationEndDateGroup,exhibition.galleryrotationenddategroup,Exhibition Information > Gallery rotation end date
herbarium_3-0,exhibition.galleryRotationNote,exhibition.galleryrotationnote,Exhibition Information > Gallery rotation note
herbarium_3-0,exhibition.exhibitionReference,exhibition.exhibitionreference,Exhibition Information > Bibliographic reference
herbarium_3-0,exhibition.exhibitionReferenceType,exhibition.exhibitionreferencetype,Exhibition Information > Bibliographic reference type
herbarium_3-0,exhibition.exhibitionReferenceNote,exhibition.exhibitionreferencenote,Exhibition Information > Bibliographic reference note
herbarium_3-0,exhibition.exhibitionSectionName,exhibition.exhibitionsectionname,Exhibition Planning Information > Exhibition section name
herbarium_3-0,exhibition.exhibitionSectionLocation,exhibition.exhibitionsectionlocation,Exhibition Planning Information > Exhibition section location
herbarium_3-0,exhibition.exhibitionSectionObjects,exhibition.exhibitionsectionobjects,Exhibition Planning Information > Exhibition section objects
herbarium_3-0,exhibition.exhibitionSectionNote,exhibition.exhibitionsectionnote,Exhibition Planning Information > Exhibition section note
herbarium_3-0,exhibition.exhibitionStatus,exhibition.exhibitionstatus,Exhibition Planning Information > Exhibition status
herbarium_3-0,exhibition.exhibitionStatusDate,exhibition.exhibitionstatusdate,Exhibition Planning Information > Exhibition status date
herbarium_3-0,exhibition.exhibitionStatusNote,exhibition.exhibitionstatusnote,Exhibition Planning Information > Exhibition status note
herbarium_3-0,exhibition.exhibitionObjectNumber,exhibition.exhibitionobjectnumber,Exhibited Object Information > Object number
herbarium_3-0,exhibition.exhibitionObjectName,exhibition.exhibitionobjectname,Exhibited Object Information > Object name
herbarium_3-0,exhibition.exhibitionObjectConsCheckDate,exhibition.exhibitionobjectconscheckdate,Exhibited Object Information > Object cons. check
herbarium_3-0,exhibition.exhibitionObjectConsTreatment,exhibition.exhibitionobjectconstreatment,Exhibited Object Information > Object cons. treatment
herbarium_3-0,exhibition.exhibitionObjectMount,exhibition.exhibitionobjectmount,Exhibited Object Information > Object mount
herbarium_3-0,exhibition.exhibitionObjectSection,exhibition.exhibitionobjectsection,Exhibited Object Information > Object section
herbarium_3-0,exhibition.exhibitionObjectCase,exhibition.exhibitionobjectcase,Exhibited Object Information > Object case
herbarium_3-0,exhibition.exhibitionObjectSeqNum,exhibition.exhibitionobjectseqnum,Exhibited Object Information > Object seq. #
herbarium_3-0,exhibition.exhibitionObjectRotation,exhibition.exhibitionobjectrotation,Exhibited Object Information > Object rotation
herbarium_3-0,exhibition.exhibitionObjectNote,exhibition.exhibitionobjectnote,Exhibited Object Information > Object note
herbarium_3-0,group.title,group.title,Group Information > Title
herbarium_3-0,group.responsibleDepartment,group.responsibledepartment,Group Information > Responsible department
herbarium_3-0,group.owner,group.owner,Group Information > Group owner
herbarium_3-0,group.groupEarliestSingleDate,group.groupearliestsingledate,Group Information > Earliest/single date
herbarium_3-0,group.groupLatestDate,group.grouplatestdate,Group Information > Latest date
herbarium_3-0,group.scopeNote,group.scopenote,Group Information > Scope note
herbarium_3-0,insurance.insuranceIndemnityReferenceNumber,insurance.insuranceindemnityreferencenumber,Insurance and Indemnity Information > Reference number
herbarium_3-0,insurance.insuranceIndemnityType,insurance.insuranceindemnitytype,Insurance and Indemnity Information > Type
herbarium_3-0,insurance.insurerIndemnifier,insurance.insurerindemnifier,Insurance and Indemnity Information > Insurer/indemnifier
herbarium_3-0,insurance.insuranceIndemnityPolicyNumber,insurance.insuranceindemnitypolicynumber,Insurance and Indemnity Information > Policy number
herbarium_3-0,insurance.insuranceIndemnityCurrency,insurance.insuranceindemnitycurrency,Insurance and Indemnity Information > Insurance/indemnity price > Insurance/indemnity price currency
herbarium_3-0,insurance.insuranceIndemnityValue,insurance.insuranceindemnityvalue,Insurance and Indemnity Information > Insurance/indemnity price > Insurance/indemnity price value
herbarium_3-0,insurance.minimumLiabilityCurrency,insurance.minimumliabilitycurrency,Insurance and Indemnity Information > Minimum liability price > Minimum liability price currency
herbarium_3-0,insurance.minimumLiabilityValue,insurance.minimumliabilityvalue,Insurance and Indemnity Information > Minimum liability price > Minimum liability price value
herbarium_3-0,insurance.insuranceIndemnityAuthorizer,insurance.insuranceindemnityauthorizer,Insurance and Indemnity Information > Authorization > Authorizer
herbarium_3-0,insurance.insuranceIndemnityAuthorizationDate,insurance.insuranceindemnityauthorizationdate,Insurance and Indemnity Information > Authorization > Authorization date
herbarium_3-0,insurance.insuranceIndemnityStatus,insurance.insuranceindemnitystatus,Insurance and Indemnity Information > Status type
herbarium_3-0,insurance.insuranceIndemnityStatusDate,insurance.insuranceindemnitystatusdate,Insurance and Indemnity Information > Status date
herbarium_3-0,insurance.insuranceIndemnityStatusNote,insurance.insuranceindemnitystatusnote,Insurance and Indemnity Information > Status note
herbarium_3-0,insurance.insuranceIndemnityNote,insurance.insuranceindemnitynote,Insurance and Indemnity Information > Note
herbarium_3-0,insurance.insuranceIndemnityQuoteProvider,insurance.insuranceindemnityquoteprovider,Insurance and Indemnity Information > Quote provider
herbarium_3-0,insurance.insuranceIndemnityQuoteCurrency,insurance.insuranceindemnityquotecurrency,Insurance and Indemnity Information > Quote currency
herbarium_3-0,insurance.insuranceIndemnityQuoteValue,insurance.insuranceindemnityquotevalue,Insurance and Indemnity Information > Quote value
herbarium_3-0,insurance.insuranceIndemnityQuoteDate,insurance.insuranceindemnityquotedate,Insurance and Indemnity Information > Quote date
herbarium_3-0,intake.entryNumber,intake.entrynumber,Object Entry Information > Entry number
herbarium_3-0,intake.entryDate,intake.entrydate,Object Entry Information > Entry date
herbarium_3-0,intake.entryReason,intake.entryreason,Object Entry Information > Entry reason
herbarium_3-0,intake.entryMethod,intake.entrymethod,Object Entry Information > Entry method
herbarium_3-0,intake.returnDate,intake.returndate,Object Entry Information > Return date
herbarium_3-0,intake.currentOwner,intake.currentowner,Object Entry Information > Current owner
herbarium_3-0,intake.depositor,intake.depositor,Object Entry Information > Depositor name
herbarium_3-0,intake.depositorsRequirements,intake.depositorsrequirements,Object Entry Information > Depositor requirements
herbarium_3-0,intake.approvalGroup,intake.approvalgroup,Object Entry Information > Approval group > Approval group
herbarium_3-0,intake.approvalIndividual,intake.approvalindividual,Object Entry Information > Approval group > Approval individual
herbarium_3-0,intake.approvalStatus,intake.approvalstatus,Object Entry Information > Approval group > Approval status
herbarium_3-0,intake.approvalDate,intake.approvaldate,Object Entry Information > Approval group > Approval status date
herbarium_3-0,intake.approvalNote,intake.approvalnote,Object Entry Information > Approval group > Approval note
herbarium_3-0,intake.entryNote,intake.entrynote,Object Entry Information > Entry note
herbarium_3-0,intake.packingNote,intake.packingnote,Object Entry Information > Packing note
herbarium_3-0,intake.fieldCollectionDate,intake.fieldcollectiondate,Object Collection Information > Field collection date
herbarium_3-0,intake.fieldCollectionMethod,intake.fieldcollectionmethod,Object Collection Information > Field collection method
herbarium_3-0,intake.fieldCollectionNote,intake.fieldcollectionnote,Object Collection Information > Field collection note
herbarium_3-0,intake.fieldCollectionNumber,intake.fieldcollectionnumber,Object Collection Information > Field collection number
herbarium_3-0,intake.fieldCollectionPlace,intake.fieldcollectionplace,Object Collection Information > Field collection place
herbarium_3-0,intake.fieldCollectionSource,intake.fieldcollectionsource,Object Collection Information > Field collection source
herbarium_3-0,intake.fieldCollector,intake.fieldcollector,Object Collection Information > Field collector
herbarium_3-0,intake.fieldCollectionEventName,intake.fieldcollectioneventname,Object Collection Information > Field collection event name
herbarium_3-0,intake.valuer,intake.valuer,Valuation Information > Valuer
herbarium_3-0,intake.valuationReferenceNumber,intake.valuationreferencenumber,Valuation Information > Valuation reference number
herbarium_3-0,intake.insurer,intake.insurer,Insurance Information > Insurer
herbarium_3-0,intake.insurancePolicyNumber,intake.insurancepolicynumber,Insurance Information > Insurance policy number
herbarium_3-0,intake.insuranceRenewalDate,intake.insurancerenewaldate,Insurance Information > Insurance renewal date
herbarium_3-0,intake.insuranceReferenceNumber,intake.insurancereferencenumber,Insurance Information > Insurance reference number
herbarium_3-0,intake.insuranceNote,intake.insurancenote,Insurance Information > Insurance note
herbarium_3-0,intake.currentLocation,intake.currentlocation,Location Information > Current location
herbarium_3-0,intake.currentLocationFitness,intake.currentlocationfitness,Location Information > Current location fitness
herbarium_3-0,intake.currentLocationNote,intake.currentlocationnote,Location Information > Current location note
herbarium_3-0,intake.locationDate,intake.locationdate,Location Information > Location date
herbarium_3-0,intake.normalLocation,intake.normallocation,Location Information > Normal location
herbarium_3-0,intake.conditionCheckMethod,intake.conditioncheckmethod,Condition Check Information > Condition check method
herbarium_3-0,intake.conditionCheckReason,intake.conditioncheckreason,Condition Check Information > Condition check reason
herbarium_3-0,intake.conditionCheckerOrAssessor,intake.conditioncheckerorassessor,Condition Check Information > Condition check assessor
herbarium_3-0,intake.conditionCheckDate,intake.conditioncheckdate,Condition Check Information > Condition check date
herbarium_3-0,intake.conditionCheckReferenceNumber,intake.conditioncheckreferencenumber,Condition Check Information > Condition check reference number
herbarium_3-0,intake.conditionCheckNote,intake.conditionchecknote,Condition Check Information > Condition check note
herbarium_3-0,loanin.loanInNumber,loanin.loaninnumber,Loan In Information > Lender's number
herbarium_3-0,loanin.loanPurpose,loanin.loanpurpose,Loan In Information > Loan purpose
herbarium_3-0,loanin.lender,loanin.lender,Loan In Information > Lender name
herbarium_3-0,loanin.lendersContact,loanin.lenderscontact,Loan In Information > Lender contact
herbarium_3-0,loanin.lendersAuthorizer,loanin.lendersauthorizer,Loan In Information > Lender authorizer
herbarium_3-0,loanin.lendersAuthorizationDate,loanin.lendersauthorizationdate,Loan In Information > Lender authorization date
herbarium_3-0,loanin.borrowersContact,loanin.borrowerscontact,Loan In Information > Borrower > Borrower contact
herbarium_3-0,loanin.borrowersAuthorizer,loanin.borrowersauthorizer,Loan In Information > Borrower > Borrower authorizer
herbarium_3-0,loanin.borrowersAuthorizationDate,loanin.borrowersauthorizationdate,Loan In Information > Borrower > Borrower authorization date
herbarium_3-0,loanin.loanInConditions,loanin.loaninconditions,Loan In Information > Conditions of loan
herbarium_3-0,loanin.loanInNote,loanin.loaninnote,Loan In Information > Note
herbarium_3-0,loanin.majorGroup,loanin.majorgroup,Loan In Information > Major group
herbarium_3-0,loanin.geography,loanin.geography,Loan In Information > Geography
herbarium_3-0,loanin.taxonomy,loanin.taxonomy,Loan In Information > Taxonomy
herbarium_3-0,loanin.objKind,loanin.objkind,Loan In Information > Object kind
herbarium_3-0,loanin.loanGroup,loanin.loangroup,Loan In Information > Loan status group
herbarium_3-0,loanin.loanIndividual,loanin.loanindividual,Loan In Information > Loan status individual
herbarium_3-0,loanin.loanStatus,loanin.loanstatus,Loan In Information > Loan status
herbarium_3-0,loanin.loanStatusDate,loanin.loanstatusdate,Loan In Information > Loan status date
herbarium_3-0,loanin.loanStatusNote,loanin.loanstatusnote,Loan In Information > Loan status note
herbarium_3-0,loanin.loanInDate,loanin.loanindate,Loan In Information > Loan in date
herbarium_3-0,loanin.dueDate,loanin.duedate,Loan In Information > Due date
herbarium_3-0,loanin.loanRenewalApplicationDate,loanin.loanrenewalapplicationdate,Loan In Information > Loan renewal application date
herbarium_3-0,loanin.shipDate,loanin.shipdate,Loan In Information > Loan shipped date
herbarium_3-0,loanin.loanReturnDate,loanin.loanreturndate,Loan In Information > Loan return date
herbarium_3-0,loanin.transferInDate,loanin.transferindate,Loan In Information > Transfer in > Transfer in date
herbarium_3-0,loanin.transferInOrg,loanin.transferinorg,Loan In Information > Transfer in > Transfer in from
herbarium_3-0,loanin.transferInPerson,loanin.transferinperson,Loan In Information > Transfer in > Transfer in previous borrower
herbarium_3-0,loanin.creditLine,loanin.creditline,Loan In Information > Credit line
herbarium_3-0,loanin.returnDate,loanin.returndate,Items Returned > Item returned date
herbarium_3-0,loanin.returnQuantity,loanin.returnquantity,Items Returned > Item returned quantity
herbarium_3-0,loanin.returnNotes,loanin.returnnotes,Items Returned > Item returned note
herbarium_3-0,loanin.transferOutDate,loanin.transferoutdate,Items Transferred Out > Item transferred out date
herbarium_3-0,loanin.transferOutQuantity,loanin.transferoutquantity,Items Transferred Out > Item transferred out quantity
herbarium_3-0,loanin.transferOutOrg,loanin.transferoutorg,Items Transferred Out > Item transferred out institution
herbarium_3-0,loanin.transferOutPerson,loanin.transferoutperson,Items Transferred Out > Item transferred out for study by
herbarium_3-0,loanin.transferOutDirector,loanin.transferoutdirector,Items Transferred Out > Item transferred out under direction of
herbarium_3-0,loanin.transferOutNotes,loanin.transferoutnotes,Items Transferred Out > Item transferred out note
herbarium_3-0,loanin.transferOutReturnDate,loanin.transferoutreturndate,Items Transferred Out > Transferred items returned > Item transferred out return date
herbarium_3-0,loanin.transferOutReturnQuantity,loanin.transferoutreturnquantity,Items Transferred Out > Transferred items returned > Item transferred out return quantity
herbarium_3-0,loanin.transferOutReturnNotes,loanin.transferoutreturnnotes,Items Transferred Out > Transferred items returned > Item transferred out return note
herbarium_3-0,loanout.loanOutNumber,loanout.loanoutnumber,Loan Out Information > Loan out number
herbarium_3-0,loanout.loanPurpose,loanout.loanpurpose,Loan Out Information > Loan purpose
herbarium_3-0,loanout.lendersAuthorizer,loanout.lendersauthorizer,Loan Out Information > Lender > Lender authorizer
herbarium_3-0,loanout.lendersContact,loanout.lenderscontact,Loan Out Information > Lender > Lender contact
herbarium_3-0,loanout.lendersAuthorizationDate,loanout.lendersauthorizationdate,Loan Out Information > Lender > Lender authorization date
herbarium_3-0,loanout.borrower,loanout.borrower,Loan Out Information > Borrower > Borrower name
herbarium_3-0,loanout.borrowersContact,loanout.borrowerscontact,Loan Out Information > Borrower > Borrower contact
herbarium_3-0,loanout.borrowersAuthorizer,loanout.borrowersauthorizer,Loan Out Information > Borrower > Borrower authorizer
herbarium_3-0,loanout.borrowersAuthorizationDate,loanout.borrowersauthorizationdate,Loan Out Information > Borrower > Borrower authorization date
herbarium_3-0,loanout.specialConditionsOfLoan,loanout.specialconditionsofloan,Loan Out Information > Conditions of loan
herbarium_3-0,loanout.loanOutNote,loanout.loanoutnote,Loan Out Information > Note
herbarium_3-0,loanout.majorGroup,loanout.majorgroup,Loan Out Information > Major group
herbarium_3-0,loanout.geography,loanout.geography,Loan Out Information > Geography
herbarium_3-0,loanout.taxonomy,loanout.taxonomy,Loan Out Information > Taxonomy
herbarium_3-0,loanout.objKind,loanout.objkind,Loan Out Information > Object kind
herbarium_3-0,loanout.loanGroup,loanout.loangroup,Loan Out Information > Loan status group
herbarium_3-0,loanout.loanIndividual,loanout.loanindividual,Loan Out Information > Loan status individual
herbarium_3-0,loanout.loanStatus,loanout.loanstatus,Loan Out Information > Loan status
herbarium_3-0,loanout.loanStatusDate,loanout.loanstatusdate,Loan Out Information > Loan status date
herbarium_3-0,loanout.loanStatusNote,loanout.loanstatusnote,Loan Out Information > Loan status note
herbarium_3-0,loanout.loanOutDate,loanout.loanoutdate,Loan Out Information > Loan out date
herbarium_3-0,loanout.shipDate,loanout.shipdate,Loan Out Information > Shipping form date
herbarium_3-0,loanout.transportMethod,loanout.transportmethod,Loan Out Information > Transportation
herbarium_3-0,loanout.numPackages,loanout.numpackages,Loan Out Information > Number of packages
herbarium_3-0,loanout.acknowledgeDate,loanout.acknowledgedate,Loan Out Information > Acknowledge date
herbarium_3-0,loanout.loanReturnDate,loanout.loanreturndate,Loan Out Information > Loan return date
herbarium_3-0,loanout.loanRenewalApplicationDate,loanout.loanrenewalapplicationdate,Loan Out Information > Loan renewal application date
herbarium_3-0,loanout.creditLine,loanout.creditline,Loan Out Information > Credit line
herbarium_3-0,loanout.loanoutItems,loanout.loanoutitems,Items Loaned Out > Items loaned out accession numbers
herbarium_3-0,loanout.objectNumbers,loanout.objectnumbers,Items Loaned Out > Item loaned out object number(s)
herbarium_3-0,loanout.objectQuantity,loanout.objectquantity,Items Loaned Out > Item loaned out quantity
herbarium_3-0,loanout.objectConditions,loanout.objectconditions,Items Loaned Out > Item loaned out condition
herbarium_3-0,loanout.objectNotes,loanout.objectnotes,Items Loaned Out > Item loaned out note
herbarium_3-0,loanout.returnObjectNumbers,loanout.returnobjectnumbers,Items Returned > Item returned object number(s)
herbarium_3-0,loanout.returnQuantity,loanout.returnquantity,Items Returned > Item returned quantity
herbarium_3-0,loanout.returnDate,loanout.returndate,Items Returned > Item returned date
herbarium_3-0,loanout.returnDetermination,loanout.returndetermination,Items Returned > Item returned new determination
herbarium_3-0,loanout.returnNotes,loanout.returnnotes,Items Returned > Item returned note
herbarium_3-0,loanout.transferDate,loanout.transferdate,Loan Transfers > Transfer date
herbarium_3-0,loanout.transferOrg,loanout.transferorg,Loan Transfers > Transfer to institution
herbarium_3-0,loanout.transferPerson,loanout.transferperson,Loan Transfers > Transfer to person
herbarium_3-0,loanout.transferDirector,loanout.transferdirector,Loan Transfers > Transfer under direction of
herbarium_3-0,loanout.transferQuantity,loanout.transferquantity,Loan Transfers > Transfer quantity
herbarium_3-0,loanout.transferNotes,loanout.transfernotes,Loan Transfers > Transfer note
herbarium_3-0,location.termDisplayName,location.termdisplayname,Storage Location Information > Term display name
herbarium_3-0,location.termName,location.termname,Storage Location Information > Term name
herbarium_3-0,location.termQualifier,location.termqualifier,Storage Location Information > Term qualifier
herbarium_3-0,location.termStatus,location.termstatus,Storage Location Information > Term status
herbarium_3-0,location.termType,location.termtype,Storage Location Information > Term type
herbarium_3-0,location.termFlag,location.termflag,Storage Location Information > Term flag
herbarium_3-0,location.termLanguage,location.termlanguage,Storage Location Information > Term language
herbarium_3-0,location.termPrefForLang,location.termprefforlang,Storage Location Information > Term preferred for lang
herbarium_3-0,location.termSource,location.termsource,Storage Location Information > Source > Term source name
herbarium_3-0,location.termSourceDetail,location.termsourcedetail,Storage Location Information > Source > Term source detail
herbarium_3-0,location.termSourceID,location.termsourceid,Storage Location Information > Source > Term source ID
herbarium_3-0,location.termSourceNote,location.termsourcenote,Storage Location Information > Source > Term source note
herbarium_3-0,location.locationType,location.locationtype,Storage Location Information > Storage location type
herbarium_3-0,location.securityNote,location.securitynote,Storage Location Information > Security note
herbarium_3-0,location.address,location.address,Storage Location Information > Address
herbarium_3-0,location.accessNote,location.accessnote,Storage Location Information > Access note
herbarium_3-0,location.conditionNote,location.conditionnote,Storage Location Information > Condition note
herbarium_3-0,location.conditionNoteDate,location.conditionnotedate,Storage Location Information > Condition note date
herbarium_3-0,media.identificationNumber,media.identificationnumber,Media Handling Information > Identification number
herbarium_3-0,media.title,media.title,Media Handling Information > Title
herbarium_3-0,media.publishTo,media.publishto,Media Handling Information > Publish to
herbarium_3-0,media.name,media.name,File Information > Name
herbarium_3-0,media.mimeType,media.mimetype,File Information > Type
herbarium_3-0,media.length,media.length,File Information > Size
herbarium_3-0,media.externalUrl,media.externalurl,Media Handling Information > External URL
herbarium_3-0,media.measuredPart,media.measuredpart,Media Handling Information > Measured part
herbarium_3-0,media.dimensionSummary,media.dimensionsummary,Media Handling Information > Dimension summary
herbarium_3-0,media.dimension,media.dimension,Media Handling Information > Measurement dimension
herbarium_3-0,media.measuredBy,media.measuredby,Media Handling Information > Measured by
herbarium_3-0,media.measurementMethod,media.measurementmethod,Media Handling Information > Measurement method
herbarium_3-0,media.value,media.value,Media Handling Information > Measurement value
herbarium_3-0,media.measurementUnit,media.measurementunit,Media Handling Information > Measurement unit
herbarium_3-0,media.valueQualifier,media.valuequalifier,Media Handling Information > Measurement qualifier
herbarium_3-0,media.valueDate,media.valuedate,Media Handling Information > Measurement date
herbarium_3-0,media.measuredPartNote,media.measuredpartnote,Media Handling Information > Dimension note
herbarium_3-0,media.checksumValue,media.checksumvalue,Media Handling Information > Checksum value
herbarium_3-0,media.checksumType,media.checksumtype,Media Handling Information > Checksum type
herbarium_3-0,media.checksumDate,media.checksumdate,Media Handling Information > Checksum date
herbarium_3-0,media.contributor,media.contributor,Media Handling Information > Contributor
herbarium_3-0,media.creator,media.creator,Media Handling Information > Creator
herbarium_3-0,media.language,media.language,Media Handling Information > Language
herbarium_3-0,media.publisher,media.publisher,Media Handling Information > Publisher
herbarium_3-0,media.relation,media.relation,Media Handling Information > Relation
herbarium_3-0,media.copyrightStatement,media.copyrightstatement,Media Handling Information > Copyright statement
herbarium_3-0,media.type,media.type,Media Handling Information > Type
herbarium_3-0,media.coverage,media.coverage,Media Handling Information > Coverage
herbarium_3-0,media.dateGroup,media.dategroup,Media Handling Information > Date
herbarium_3-0,media.source,media.source,Media Handling Information > Source
herbarium_3-0,media.subject,media.subject,Media Handling Information > Subject
herbarium_3-0,media.rightsHolder,media.rightsholder,Media Handling Information > Rights holder
herbarium_3-0,media.description,media.description,Media Handling Information > Description
herbarium_3-0,media.altText,media.alttext,Media Handling Information > Alt text
herbarium_3-0,media.mediaFileURI,media.mediafileuri,""
herbarium_3-0,movement.movementReferenceNumber,movement.movementreferencenumber,Object Location Information > Reference number
herbarium_3-0,movement.normalLocation,movement.normallocation,Object Location Information > Normal location
herbarium_3-0,movement.currentLocation,movement.currentlocation,Object Location Information > Current location > Current location
herbarium_3-0,movement.currentLocationFitness,movement.currentlocationfitness,Object Location Information > Current location > Current location fitness
herbarium_3-0,movement.currentLocationNote,movement.currentlocationnote,Object Location Information > Current location > Current location note
herbarium_3-0,movement.locationDate,movement.locationdate,Object Location Information > Location date
herbarium_3-0,movement.reasonForMove,movement.reasonformove,Movement Information > Reason for move
herbarium_3-0,movement.movementMethod,movement.movementmethod,Movement Information > Movement method
herbarium_3-0,movement.plannedRemovalDate,movement.plannedremovaldate,Movement Information > Planned removal date
herbarium_3-0,movement.removalDate,movement.removaldate,Movement Information > Removal date
herbarium_3-0,movement.movementContact,movement.movementcontact,Movement Information > Movement contact
herbarium_3-0,movement.movementNote,movement.movementnote,Movement Information > Movement note
herbarium_3-0,movement.inventoryActionRequired,movement.inventoryactionrequired,Inventory Information > Inventory action required
herbarium_3-0,movement.frequencyForInventory,movement.frequencyforinventory,Inventory Information > Inventory frequency
herbarium_3-0,movement.inventoryDate,movement.inventorydate,Inventory Information > Inventory date
herbarium_3-0,movement.nextInventoryDate,movement.nextinventorydate,Inventory Information > Next inventory date
herbarium_3-0,movement.inventoryContact,movement.inventorycontact,Inventory Information > Inventory contact
herbarium_3-0,movement.inventoryNote,movement.inventorynote,Inventory Information > Inventory note
herbarium_3-0,organization.termDisplayName,organization.termdisplayname,Organization Information > Term display name
herbarium_3-0,organization.termName,organization.termname,Organization Information > Term name
herbarium_3-0,organization.termQualifier,organization.termqualifier,Organization Information > Term qualifier
herbarium_3-0,organization.termStatus,organization.termstatus,Organization Information > Term status
herbarium_3-0,organization.termType,organization.termtype,Organization Information > Term type
herbarium_3-0,organization.termFlag,organization.termflag,Organization Information > Term flag
herbarium_3-0,organization.termLanguage,organization.termlanguage,Organization Information > Term language
herbarium_3-0,organization.termPrefForLang,organization.termprefforlang,Organization Information > Term preferred for lang
herbarium_3-0,organization.mainBodyName,organization.mainbodyname,Organization Information > Name detail > Term main body name
herbarium_3-0,organization.additionsToName,organization.additionstoname,Organization Information > Name detail > Term name addition
herbarium_3-0,organization.termSource,organization.termsource,Organization Information > Source > Term source name
herbarium_3-0,organization.termSourceDetail,organization.termsourcedetail,Organization Information > Source > Term source detail
herbarium_3-0,organization.termSourceID,organization.termsourceid,Organization Information > Source > Term source ID
herbarium_3-0,organization.termSourceNote,organization.termsourcenote,Organization Information > Source > Term source note
herbarium_3-0,organization.organizationRecordType,organization.organizationrecordtype,Organization Information > Organization type
herbarium_3-0,organization.foundingDateGroup,organization.foundingdategroup,Organization Information > Foundation date
herbarium_3-0,organization.foundingPlace,organization.foundingplace,Organization Information > Foundation place
herbarium_3-0,organization.dissolutionDateGroup,organization.dissolutiondategroup,Organization Information > Dissolution date
herbarium_3-0,organization.nameNote,organization.namenote,Organization Information > Name note
herbarium_3-0,organization.group,organization.group,Organization Information > Group
herbarium_3-0,organization.function,organization.function,Organization Information > Function
herbarium_3-0,organization.historyNote,organization.historynote,Organization Information > History
herbarium_3-0,organization.contactName,organization.contactname,Organization Information > Contact name
herbarium_3-0,organization.contactRole,organization.contactrole,Organization Information > Contact role
herbarium_3-0,organization.contactDateGroup,organization.contactdategroup,Organization Information > Contact date
herbarium_3-0,organization.contactEndDateGroup,organization.contactenddategroup,Organization Information > Contact end date
herbarium_3-0,organization.contactStatus,organization.contactstatus,Organization Information > Contact status
herbarium_3-0,organization.email,organization.email,Contact Information > Organization Information > Address
herbarium_3-0,organization.emailType,organization.emailtype,Contact Information > Organization Information > Type
herbarium_3-0,organization.telephoneNumber,organization.telephonenumber,Contact Information > Organization Information > Number
herbarium_3-0,organization.telephoneNumberType,organization.telephonenumbertype,Contact Information > Organization Information > Type
herbarium_3-0,organization.faxNumber,organization.faxnumber,Contact Information > Organization Information > Number
herbarium_3-0,organization.faxNumberType,organization.faxnumbertype,Contact Information > Organization Information > Type
herbarium_3-0,organization.webAddress,organization.webaddress,Contact Information > Organization Information > URL
herbarium_3-0,organization.webAddressType,organization.webaddresstype,Contact Information > Organization Information > Type
herbarium_3-0,organization.addressPlace1,organization.addressplace1,Contact Information > Organization Information > Line 1
herbarium_3-0,organization.addressPlace2,organization.addressplace2,Contact Information > Organization Information > Line 2
herbarium_3-0,organization.addressMunicipality,organization.addressmunicipality,Contact Information > Organization Information > Municipality
herbarium_3-0,organization.addressStateOrProvince,organization.addressstateorprovince,Contact Information > Organization Information > State/province
herbarium_3-0,organization.addressPostCode,organization.addresspostcode,Contact Information > Organization Information > Postal code
herbarium_3-0,organization.addressCountry,organization.addresscountry,Contact Information > Organization Information > Country
herbarium_3-0,organization.addressType,organization.addresstype,Contact Information > Organization Information > Type
herbarium_3-0,person.termDisplayName,person.termdisplayname,Person Information > Term display name
herbarium_3-0,person.termName,person.termname,Person Information > Term name
herbarium_3-0,person.termQualifier,person.termqualifier,Person Information > Term qualifier
herbarium_3-0,person.termStatus,person.termstatus,Person Information > Term status
herbarium_3-0,person.termType,person.termtype,Person Information > Term type
herbarium_3-0,person.termFlag,person.termflag,Person Information > Term flag
herbarium_3-0,person.termLanguage,person.termlanguage,Person Information > Term language
herbarium_3-0,person.termPrefForLang,person.termprefforlang,Person Information > Term preferred for lang
herbarium_3-0,person.salutation,person.salutation,Person Information > Name detail > Term salutation
herbarium_3-0,person.title,person.title,Person Information > Name detail > Term title
herbarium_3-0,person.foreName,person.forename,Person Information > Name detail > Term forename
herbarium_3-0,person.middleName,person.middlename,Person Information > Name detail > Term middle name
herbarium_3-0,person.surName,person.surname,Person Information > Name detail > Term surname
herbarium_3-0,person.nameAdditions,person.nameadditions,Person Information > Name detail > Term name addition
herbarium_3-0,person.initials,person.initials,Person Information > Name detail > Term initials
herbarium_3-0,person.termSource,person.termsource,Person Information > Source > Term source name
herbarium_3-0,person.termSourceDetail,person.termsourcedetail,Person Information > Source > Term source detail
herbarium_3-0,person.termSourceID,person.termsourceid,Person Information > Source > Term source ID
herbarium_3-0,person.termSourceNote,person.termsourcenote,Person Information > Source > Term source note
herbarium_3-0,person.gender,person.gender,Person Information > Gender
herbarium_3-0,person.occupation,person.occupation,Person Information > Occupation
herbarium_3-0,person.schoolOrStyle,person.schoolorstyle,Person Information > School/style
herbarium_3-0,person.group,person.group,Person Information > Group
herbarium_3-0,person.nationality,person.nationality,Person Information > Nationality
herbarium_3-0,person.nameNote,person.namenote,Person Information > Name note
herbarium_3-0,person.birthDateGroup,person.birthdategroup,Person Information > Birth date
herbarium_3-0,person.birthPlace,person.birthplace,Person Information > Place of birth
herbarium_3-0,person.deathDateGroup,person.deathdategroup,Person Information > Death date
herbarium_3-0,person.deathPlace,person.deathplace,Person Information > Place of death
herbarium_3-0,person.bioNote,person.bionote,Person Information > Biographical note
herbarium_3-0,person.email,person.email,Contact Information > Person Information > Address
herbarium_3-0,person.emailType,person.emailtype,Contact Information > Person Information > Type
herbarium_3-0,person.telephoneNumber,person.telephonenumber,Contact Information > Person Information > Number
herbarium_3-0,person.telephoneNumberType,person.telephonenumbertype,Contact Information > Person Information > Type
herbarium_3-0,person.faxNumber,person.faxnumber,Contact Information > Person Information > Number
herbarium_3-0,person.faxNumberType,person.faxnumbertype,Contact Information > Person Information > Type
herbarium_3-0,person.webAddress,person.webaddress,Contact Information > Person Information > URL
herbarium_3-0,person.webAddressType,person.webaddresstype,Contact Information > Person Information > Type
herbarium_3-0,person.addressPlace1,person.addressplace1,Contact Information > Person Information > Line 1
herbarium_3-0,person.addressPlace2,person.addressplace2,Contact Information > Person Information > Line 2
herbarium_3-0,person.addressMunicipality,person.addressmunicipality,Contact Information > Person Information > Municipality
herbarium_3-0,person.addressStateOrProvince,person.addressstateorprovince,Contact Information > Person Information > State/province
herbarium_3-0,person.addressPostCode,person.addresspostcode,Contact Information > Person Information > Postal code
herbarium_3-0,person.addressCountry,person.addresscountry,Contact Information > Person Information > Country
herbarium_3-0,person.addressType,person.addresstype,Contact Information > Person Information > Type
herbarium_3-0,person.declinedToAnswerPronoun,person.declinedtoanswerpronoun,Maker-Supplied Identity Information > Pronoun supplied declined to answer
herbarium_3-0,person.suppliedPronoun,person.suppliedpronoun,Maker-Supplied Identity Information > Pronoun supplied
herbarium_3-0,person.useRestrictionPronoun,person.userestrictionpronoun,Maker-Supplied Identity Information > Pronoun supplied use restriction
herbarium_3-0,person.declinedToAnswerGender,person.declinedtoanswergender,Maker-Supplied Identity Information > Gender supplied declined to answer
herbarium_3-0,person.suppliedGender,person.suppliedgender,Maker-Supplied Identity Information > Gender supplied
herbarium_3-0,person.useRestrictionGender,person.userestrictiongender,Maker-Supplied Identity Information > Gender supplied use restriction
herbarium_3-0,person.declinedToAnswerRace,person.declinedtoanswerrace,Maker-Supplied Identity Information > Race supplied declined to answer
herbarium_3-0,person.suppliedRace,person.suppliedrace,Maker-Supplied Identity Information > Race supplied
herbarium_3-0,person.useRestrictionRace,person.userestrictionrace,Maker-Supplied Identity Information > Race supplied use restriction
herbarium_3-0,person.declinedToAnswerEthnicity,person.declinedtoanswerethnicity,Maker-Supplied Identity Information > Ethnicity supplied declined to answer
herbarium_3-0,person.suppliedEthnicity,person.suppliedethnicity,Maker-Supplied Identity Information > Ethnicity supplied
herbarium_3-0,person.useRestrictionEthnicity,person.userestrictionethnicity,Maker-Supplied Identity Information > Ethnicity supplied use restriction
herbarium_3-0,person.declinedToAnswerSexuality,person.declinedtoanswersexuality,Maker-Supplied Identity Information > Sexuality supplied declined to answer
herbarium_3-0,person.suppliedSexuality,person.suppliedsexuality,Maker-Supplied Identity Information > Sexuality supplied
herbarium_3-0,person.useRestrictionSexuality,person.userestrictionsexuality,Maker-Supplied Identity Information > Sexuality supplied use restriction
herbarium_3-0,person.declinedToAnswerBirthPlace,person.declinedtoanswerbirthplace,Maker-Supplied Identity Information > Birth place supplied declined to answer
herbarium_3-0,person.suppliedBirthPlace,person.suppliedbirthplace,Maker-Supplied Identity Information > Birth place supplied
herbarium_3-0,person.useRestrictionBirthPlace,person.userestrictionbirthplace,Maker-Supplied Identity Information > Birth place supplied use restriction
herbarium_3-0,person.declinedToAnswerBirthDate,person.declinedtoanswerbirthdate,Maker-Supplied Identity Information > Birth date supplied declined to answer
herbarium_3-0,person.suppliedStructuredBirthDateGroup,person.suppliedstructuredbirthdategroup,Maker-Supplied Identity Information > Birth date supplied
herbarium_3-0,person.useRestrictionBirthDate,person.userestrictionbirthdate,Maker-Supplied Identity Information > Birth date supplied use restriction
herbarium_3-0,person.informationAuthor,person.informationauthor,Maker-Supplied Identity Information > Other information author
herbarium_3-0,person.informationDate,person.informationdate,Maker-Supplied Identity Information > Other information date
herbarium_3-0,person.informationUseRestriction,person.informationuserestriction,Maker-Supplied Identity Information > Other information use restriction
herbarium_3-0,person.otherInformation,person.otherinformation,Maker-Supplied Identity Information > Other information note
herbarium_3-0,place.termDisplayName,place.termdisplayname,Place Information > Term display name
herbarium_3-0,place.termName,place.termname,Place Information > Term name
herbarium_3-0,place.termQualifier,place.termqualifier,Place Information > Term qualifier
herbarium_3-0,place.termStatus,place.termstatus,Place Information > Term status
herbarium_3-0,place.termType,place.termtype,Place Information > Term type
herbarium_3-0,place.termFlag,place.termflag,Place Information > Term flag
herbarium_3-0,place.historicalStatus,place.historicalstatus,Place Information > Term historical status
herbarium_3-0,place.termLanguage,place.termlanguage,Place Information > Term language
herbarium_3-0,place.termPrefForLang,place.termprefforlang,Place Information > Term preferred for lang
herbarium_3-0,place.nameAbbrev,place.nameabbrev,Place Information > Term abbreviation
herbarium_3-0,place.nameNote,place.namenote,Place Information > Term note
herbarium_3-0,place.nameDateGroup,place.namedategroup,Place Information > Term date
herbarium_3-0,place.termSource,place.termsource,Place Information > Source > Term source name
herbarium_3-0,place.termSourceDetail,place.termsourcedetail,Place Information > Source > Term source detail
herbarium_3-0,place.termSourceID,place.termsourceid,Place Information > Source > Term source ID
herbarium_3-0,place.termSourceNote,place.termsourcenote,Place Information > Source > Term source note
herbarium_3-0,place.placeType,place.placetype,Place Information > Place type
herbarium_3-0,place.placeSource,place.placesource,Place Information > Place source
herbarium_3-0,place.owner,place.owner,Place Information > Owner
herbarium_3-0,place.ownershipDateGroup,place.ownershipdategroup,Place Information > Ownership date
herbarium_3-0,place.ownershipNote,place.ownershipnote,Place Information > Ownership note
herbarium_3-0,place.placeNote,place.placenote,Place Information > Place note
herbarium_3-0,place.addressPlace1,place.addressplace1,Place Information > Address line 1
herbarium_3-0,place.addressPlace2,place.addressplace2,Place Information > Address line 2
herbarium_3-0,place.addressMunicipality,place.addressmunicipality,Place Information > Address municipality
herbarium_3-0,place.addressStateOrProvince,place.addressstateorprovince,Place Information > Address state/province
herbarium_3-0,place.addressPostCode,place.addresspostcode,Place Information > Address postal code
herbarium_3-0,place.addressCountry,place.addresscountry,Place Information > Address country
herbarium_3-0,place.addressType,place.addresstype,Place Information > Address type
herbarium_3-0,place.vCoordinates,place.vcoordinates,Locality Information > Verbatim coords
herbarium_3-0,place.vLatitude,place.vlatitude,Locality Information > Verbatim latitude
herbarium_3-0,place.vLongitude,place.vlongitude,Locality Information > Verbatim longitude
herbarium_3-0,place.vCoordSys,place.vcoordsys,Locality Information > Coordinate system
herbarium_3-0,place.vSpatialReferenceSystem,place.vspatialreferencesystem,Locality Information > Spatial ref system
herbarium_3-0,place.vElevation,place.velevation,Locality Information > Elevation
herbarium_3-0,place.vDepth,place.vdepth,Locality Information > Depth
herbarium_3-0,place.vDistanceAboveSurface,place.vdistanceabovesurface,Locality Information > Distance above surface
herbarium_3-0,place.vUnitofMeasure,place.vunitofmeasure,Locality Information > Unit of measure
herbarium_3-0,place.minElevationInMeters,place.minelevationinmeters,Locality Information > Min elevation (m)
herbarium_3-0,place.maxElevationInMeters,place.maxelevationinmeters,Locality Information > Max elevation (m)
herbarium_3-0,place.minDepthInMeters,place.mindepthinmeters,Locality Information > Min depth (m)
herbarium_3-0,place.maxDepthInMeters,place.maxdepthinmeters,Locality Information > Max depth (m)
herbarium_3-0,place.minDistanceAboveSurfaceInMeters,place.mindistanceabovesurfaceinmeters,Locality Information > Min distance above surface (m)
herbarium_3-0,place.maxDistanceAboveSurfaceInMeters,place.maxdistanceabovesurfaceinmeters,Locality Information > Max distance above surface (m)
herbarium_3-0,place.vCoordSource,place.vcoordsource,Locality Information > Coordinate source
herbarium_3-0,place.vCoordSourceRefId,place.vcoordsourcerefid,Locality Information > Coordinate source detail
herbarium_3-0,place.decimalLatitude,place.decimallatitude,Georeference Information > Georeference decimal latitude
herbarium_3-0,place.decimalLongitude,place.decimallongitude,Georeference Information > Georeference decimal longitude
herbarium_3-0,place.geodeticDatum,place.geodeticdatum,Georeference Information > Georeference datum
herbarium_3-0,place.coordUncertaintyInMeters,place.coorduncertaintyinmeters,Georeference Information > Georeference uncertainty (m)
herbarium_3-0,place.coordPrecision,place.coordprecision,Georeference Information > Georeference precision
herbarium_3-0,place.pointRadiusSpatialFit,place.pointradiusspatialfit,Georeference Information > Georeference point radius spatial fit
herbarium_3-0,place.footprintWKT,place.footprintwkt,Georeference Information > Georeference footprint WKT
herbarium_3-0,place.footprintSRS,place.footprintsrs,Georeference Information > Georeference footprint SRS
herbarium_3-0,place.footprintSpatialFit,place.footprintspatialfit,Georeference Information > Georeference footprint spatial fit
herbarium_3-0,place.geoReferencedBy,place.georeferencedby,Georeference Information > Georeferenced by
herbarium_3-0,place.geoRefDateGroup,place.georefdategroup,Georeference Information > Georeference date
herbarium_3-0,place.geoRefProtocol,place.georefprotocol,Georeference Information > Georeference protocol
herbarium_3-0,place.geoRefSource,place.georefsource,Georeference Information > Georeference source
herbarium_3-0,place.geoRefVerificationStatus,place.georefverificationstatus,Georeference Information > Georeference verification
herbarium_3-0,place.geoRefRemarks,place.georefremarks,Georeference Information > Georeference remarks
herbarium_3-0,place.geoRefPlaceName,place.georefplacename,Georeference Information > Georeference place name
herbarium_3-0,transport.transportReferenceNumber,transport.transportreferencenumber,Transport Information > Transport reference number
herbarium_3-0,transport.transportMethod,transport.transportmethod,Transport Information > Transport method
herbarium_3-0,transport.numberOfCrates,transport.numberofcrates,Transport Information > Number of crates/objects
herbarium_3-0,transport.transporter,transport.transporter,Transport Information > Transporter > Transporter name
herbarium_3-0,transport.transporterContact,transport.transportercontact,Transport Information > Transporter > Transporter contact
herbarium_3-0,transport.transporterContactNumber,transport.transportercontactnumber,Transport Information > Transporter > Transporter contact number
herbarium_3-0,transport.transportAuthorizer,transport.transportauthorizer,Transport Information > Authorization > Transport authorizer
herbarium_3-0,transport.transportAuthorizationDate,transport.transportauthorizationdate,Transport Information > Authorization > Authorization date
herbarium_3-0,transport.transportTrackingNumber,transport.transporttrackingnumber,Transport Information > Tracking number
herbarium_3-0,transport.transportTrackingNumberNote,transport.transporttrackingnumbernote,Transport Information > Tracking number note
herbarium_3-0,transport.departurePoint,transport.departurepoint,Transport Information > Departure > Departure point
herbarium_3-0,transport.transportDepartureDate,transport.transportdeparturedate,Transport Information > Departure > Departure date
herbarium_3-0,transport.transportDepartureTime,transport.transportdeparturetime,Transport Information > Departure > Departure time
herbarium_3-0,transport.destination,transport.destination,Transport Information > Arrival > Arrival point
herbarium_3-0,transport.transportArrivalDate,transport.transportarrivaldate,Transport Information > Arrival > Arrival date
herbarium_3-0,transport.transportArrivalTime,transport.transportarrivaltime,Transport Information > Arrival > Arrival time
herbarium_3-0,transport.courier,transport.courier,Transport Information > Courier name
herbarium_3-0,transport.courierContactNumber,transport.couriercontactnumber,Transport Information > Courier contact number
herbarium_3-0,transport.transportRemarks,transport.transportremarks,Transport Information > Note
herbarium_3-0,transport.transportCostType,transport.transportcosttype,Cost Information > Transport cost type
herbarium_3-0,transport.transportCostResponsibleParty,transport.transportcostresponsibleparty,Cost Information > Transport cost responsible party
herbarium_3-0,transport.insuranceCostResponsibleParty,transport.insurancecostresponsibleparty,Cost Information > Insurance/indemnity cost responsible party
herbarium_3-0,transport.finalShippingCostCurrency,transport.finalshippingcostcurrency,Cost Information > Final shipping cost > Final shipping cost currency
herbarium_3-0,transport.finalShippingCostValue,transport.finalshippingcostvalue,Cost Information > Final shipping cost > Final shipping cost value
herbarium_3-0,transport.customsBroker,transport.customsbroker,Cost Information > Customs broker > Customs broker name
herbarium_3-0,transport.customsBrokerContact,transport.customsbrokercontact,Cost Information > Customs broker > Customs broker contact
herbarium_3-0,transport.customsDeclaredValueCurrency,transport.customsdeclaredvaluecurrency,Cost Information > Declared value for customs > Declared value for customs currency
herbarium_3-0,transport.customsDeclaredValueAmount,transport.customsdeclaredvalueamount,Cost Information > Declared value for customs > Declared value for customs amount
herbarium_3-0,transport.customsFeeCurrency,transport.customsfeecurrency,Cost Information > Customs fee > Customs fee currency
herbarium_3-0,transport.customsFeeValue,transport.customsfeevalue,Cost Information > Customs fee > Customs fee value
herbarium_3-0,transport.customsFeeNote,transport.customsfeenote,Cost Information > Customs fee > Customs fee note
herbarium_3-0,transport.additionalCostsType,transport.additionalcoststype,Cost Information > Additional cost type
herbarium_3-0,transport.additionalCostsCurrency,transport.additionalcostscurrency,Cost Information > Additional cost currency
herbarium_3-0,transport.additionalCostsValue,transport.additionalcostsvalue,Cost Information > Additional cost value
herbarium_3-0,transport.shippingQuoteProvider,transport.shippingquoteprovider,Cost Information > Shipping quote provider
herbarium_3-0,transport.shippingQuoteCurrency,transport.shippingquotecurrency,Cost Information > Shipping quote currency
herbarium_3-0,transport.shippingQuoteValue,transport.shippingquotevalue,Cost Information > Shipping quote value
herbarium_3-0,transport.shippingQuoteDate,transport.shippingquotedate,Cost Information > Shipping quote date
herbarium_3-0,uoc.referenceNumber,uoc.referencenumber,Use of Collections Information > Reference number
herbarium_3-0,uoc.method,uoc.method,Use of Collections Information > Method
herbarium_3-0,uoc.collectionType,uoc.collectiontype,Use of Collections Information > Collection type
herbarium_3-0,uoc.projectId,uoc.projectid,Use of Collections Information > Project ID
herbarium_3-0,uoc.subcollection,uoc.subcollection,Use of Collections Information > Subcollection
herbarium_3-0,uoc.materialType,uoc.materialtype,Use of Collections Information > Material type
herbarium_3-0,uoc.user,uoc.user,Use of Collections Information > User name
herbarium_3-0,uoc.userUocRole,uoc.useruocrole,Use of Collections Information > User role
herbarium_3-0,uoc.userInstitution,uoc.userinstitution,Use of Collections Information > User institution
herbarium_3-0,uoc.userInstitutionRole,uoc.userinstitutionrole,Use of Collections Information > User institution role
herbarium_3-0,uoc.title,uoc.title,Use of Collections Information > Title
herbarium_3-0,uoc.dateRequested,uoc.daterequested,Use of Collections Information > Date requested
herbarium_3-0,uoc.dateCompleted,uoc.datecompleted,Use of Collections Information > Date completed
herbarium_3-0,uoc.occasion,uoc.occasion,Use of Collections Information > Occasion
herbarium_3-0,uoc.projectDescription,uoc.projectdescription,Use of Collections Information > Project description
herbarium_3-0,uoc.authorizedBy,uoc.authorizedby,Use of Collections Information > Authorized by
herbarium_3-0,uoc.authorizationDate,uoc.authorizationdate,Use of Collections Information > Authorization date
herbarium_3-0,uoc.authorizationStatus,uoc.authorizationstatus,Use of Collections Information > Authorization status
herbarium_3-0,uoc.authorizationNote,uoc.authorizationnote,Use of Collections Information > Authorization note
herbarium_3-0,uoc.useDate,uoc.usedate,Use of Collections Information > Start/ongoing date
herbarium_3-0,uoc.useDateTimeNote,uoc.usedatetimenote,Use of Collections Information > Start/ongoing date time note
herbarium_3-0,uoc.useDateNumberOfVisitors,uoc.usedatenumberofvisitors,Use of Collections Information > Start/ongoing date no. of visitors
herbarium_3-0,uoc.useDateHoursSpent,uoc.usedatehoursspent,Use of Collections Information > Start/ongoing date hours spent
herbarium_3-0,uoc.useDateVisitorNote,uoc.usedatevisitornote,Use of Collections Information > Start/ongoing date visitor note
herbarium_3-0,uoc.endDate,uoc.enddate,Use of Collections Information > End date
herbarium_3-0,uoc.staffName,uoc.staffname,Use of Collections Information > Staff name
herbarium_3-0,uoc.staffRole,uoc.staffrole,Use of Collections Information > Staff role
herbarium_3-0,uoc.staffHours,uoc.staffhours,Use of Collections Information > Staff hours spent
herbarium_3-0,uoc.staffNote,uoc.staffnote,Use of Collections Information > Staff note
herbarium_3-0,uoc.location,uoc.location,Use of Collections Information > Location
herbarium_3-0,uoc.feeCurrency,uoc.feecurrency,Use of Collections Information > Fee currency
herbarium_3-0,uoc.feeValue,uoc.feevalue,Use of Collections Information > Fee value
herbarium_3-0,uoc.feePaid,uoc.feepaid,Use of Collections Information > Fee paid
herbarium_3-0,uoc.feeNote,uoc.feenote,Use of Collections Information > Fee note
herbarium_3-0,uoc.note,uoc.note,Use of Collections Information > Note
herbarium_3-0,uoc.provisos,uoc.provisos,Use of Collections Information > Provisos
herbarium_3-0,uoc.obligationsFulfilled,uoc.obligationsfulfilled,Use of Collections Information > Obligations fulfilled
herbarium_3-0,uoc.result,uoc.result,Use of Collections Information > Result
herbarium_3-0,valuation.valuationcontrolRefNumber,valuation.valuationcontrolrefnumber,Object Valuation Information > Reference number
herbarium_3-0,valuation.valueCurrency,valuation.valuecurrency,Object Valuation Information > Amount currency
herbarium_3-0,valuation.valueAmount,valuation.valueamount,Object Valuation Information > Amount value
herbarium_3-0,valuation.valueDate,valuation.valuedate,Object Valuation Information > Date
herbarium_3-0,valuation.valueRenewalDate,valuation.valuerenewaldate,Object Valuation Information > Renewal date
herbarium_3-0,valuation.valueSource,valuation.valuesource,Object Valuation Information > Source
herbarium_3-0,valuation.valueType,valuation.valuetype,Object Valuation Information > Type
herbarium_3-0,valuation.valueNote,valuation.valuenote,Object Valuation Information > Note
herbarium_3-0,work.termDisplayName,work.termdisplayname,Work Information > Term display name
herbarium_3-0,work.termName,work.termname,Work Information > Term name
herbarium_3-0,work.termQualifier,work.termqualifier,Work Information > Term qualifier
herbarium_3-0,work.termStatus,work.termstatus,Work Information > Term status
herbarium_3-0,work.termType,work.termtype,Work Information > Term type
herbarium_3-0,work.termFlag,work.termflag,Work Information > Term flag
herbarium_3-0,work.termLanguage,work.termlanguage,Work Information > Term language
herbarium_3-0,work.termPrefForLang,work.termprefforlang,Work Information > Term preferred for lang
herbarium_3-0,work.termSource,work.termsource,Work Information > Source > Term source name
herbarium_3-0,work.termSourceDetail,work.termsourcedetail,Work Information > Source > Term source detail
herbarium_3-0,work.termSourceID,work.termsourceid,Work Information > Source > Term source ID
herbarium_3-0,work.termSourceNote,work.termsourcenote,Work Information > Source > Term source note
herbarium_3-0,work.workType,work.worktype,Work Information > Work type
herbarium_3-0,work.workDateGroup,work.workdategroup,Work Information > Work date
herbarium_3-0,work.workHistoryNote,work.workhistorynote,Work Information > History note
herbarium_3-0,work.creator,work.creator,Work Information > Creator name
herbarium_3-0,work.creatorType,work.creatortype,Work Information > Creator type
herbarium_3-0,work.publisher,work.publisher,Work Information > Publisher name
herbarium_3-0,work.publisherType,work.publishertype,Work Information > Publisher type
herbarium_3-0,work.addressPlace1,work.addressplace1,Work Information > Address line 1
herbarium_3-0,work.addressPlace2,work.addressplace2,Work Information > Address line 2
herbarium_3-0,work.addressMunicipality,work.addressmunicipality,Work Information > Address municipality
herbarium_3-0,work.addressStateOrProvince,work.addressstateorprovince,Work Information > Address state/province
herbarium_3-0,work.addressPostCode,work.addresspostcode,Work Information > Address postal code
herbarium_3-0,work.addressCountry,work.addresscountry,Work Information > Address country
herbarium_3-0,work.addressType,work.addresstype,Work Information > Address type
herbarium_3-0,taxon.termDisplayName,taxon.termdisplayname,Taxonomic Name Information > Term display name
herbarium_3-0,taxon.termFormattedDisplayName,taxon.termformatteddisplayname,Taxonomic Name Information > Formatted display name
herbarium_3-0,taxon.termQualifier,taxon.termqualifier,Taxonomic Name Information > Term qualifier
herbarium_3-0,taxon.termStatus,taxon.termstatus,Taxonomic Name Information > Term status
herbarium_3-0,taxon.termType,taxon.termtype,Taxonomic Name Information > Term type
herbarium_3-0,taxon.termFlag,taxon.termflag,Taxonomic Name Information > Term flag
herbarium_3-0,taxon.taxonomicStatus,taxon.taxonomicstatus,Taxonomic Name Information > Taxonomic status
herbarium_3-0,taxon.termLanguage,taxon.termlanguage,Taxonomic Name Information > Term language
herbarium_3-0,taxon.termPrefForLang,taxon.termprefforlang,Taxonomic Name Information > Term preferred for lang
herbarium_3-0,taxon.termSource,taxon.termsource,Taxonomic Name Information > Source > Term source name
herbarium_3-0,taxon.termSourceDetail,taxon.termsourcedetail,Taxonomic Name Information > Source > Term source detail
herbarium_3-0,taxon.termSourceID,taxon.termsourceid,Taxonomic Name Information > Source > Term source ID
herbarium_3-0,taxon.termSourceNote,taxon.termsourcenote,Taxonomic Name Information > Source > Term source note
herbarium_3-0,taxon.taxonRank,taxon.taxonrank,Taxonomic Name Information > Rank
herbarium_3-0,taxon.taxonMajorGroup,taxon.taxonmajorgroup,Taxonomic Name Information > Major group
herbarium_3-0,taxon.taxonFamily,taxon.taxonfamily,Taxonomic Name Information > Family
herbarium_3-0,taxon.taxonAuthor,taxon.taxonauthor,Taxonomic Name Information > Author name
herbarium_3-0,taxon.taxonAuthorType,taxon.taxonauthortype,Taxonomic Name Information > Author type
herbarium_3-0,taxon.taxonYear,taxon.taxonyear,Taxonomic Name Information > Year
herbarium_3-0,taxon.taxonIsNamedHybrid,taxon.taxonisnamedhybrid,Taxonomic Name Information > Is named hybrid
herbarium_3-0,taxon.taxonCitation,taxon.taxoncitation,Taxonomic Name Information > Citation
herbarium_3-0,taxon.taxonBasionym,taxon.taxonbasionym,Taxonomic Name Information > Basionym
herbarium_3-0,taxon.taxonNote,taxon.taxonnote,Taxonomic Name Information > Note
herbarium_3-0,taxon.commonName,taxon.commonname,Taxonomic Name Information > Common name
herbarium_3-0,taxon.commonNameLanguage,taxon.commonnamelanguage,Taxonomic Name Information > Common name language
herbarium_3-0,taxon.commonNameSource,taxon.commonnamesource,Taxonomic Name Information > Common name source
herbarium_3-0,taxon.commonNameSourceDetail,taxon.commonnamesourcedetail,Taxonomic Name Information > Common name source detail
herbarium_3-0,taxon.relatedTerm,taxon.relatedterm,Taxonomic Name Information > Related term name
herbarium_3-0,taxon.relatedTermType,taxon.relatedtermtype,Taxonomic Name Information > Related term type
herbarium_3-0,taxon.relatedTermSource,taxon.relatedtermsource,Taxonomic Name Information > Related term source
herbarium_3-0,taxon.relatedTermSourceDetail,taxon.relatedtermsourcedetail,Taxonomic Name Information > Related term source detail
lhmc_9-0,acquisition.acquisitionReferenceNumber,acquisition.acquisitionreferencenumber,Acquisition Information > Accession number
lhmc_9-0,acquisition.alternativeIdentifier,acquisition.alternativeidentifier,Acquisition Information > Alternative identifier
lhmc_9-0,acquisition.alternativeIdentifierNote,acquisition.alternativeidentifiernote,Acquisition Information > Alternative identifier note
lhmc_9-0,acquisition.accessionDateGroup,acquisition.accessiondategroup,Acquisition Information > Accessioned
lhmc_9-0,acquisition.acquisitionAuthorizer,acquisition.acquisitionauthorizer,Acquisition Information > Authorization > Authorizer
lhmc_9-0,acquisition.acquisitionAuthorizerDate,acquisition.acquisitionauthorizerdate,Acquisition Information > Authorization > Authorization date
lhmc_9-0,acquisition.receivedBy,acquisition.receivedby,Acquisition Information > Received by
lhmc_9-0,acquisition.receivedDate,acquisition.receiveddate,Acquisition Information > Received date
lhmc_9-0,acquisition.acquisitionDateGroup,acquisition.acquisitiondategroup,Acquisition Information > Acquisition date
lhmc_9-0,acquisition.acquisitionMethod,acquisition.acquisitionmethod,Acquisition Information > Received as
lhmc_9-0,acquisition.acquisitionSource,acquisition.acquisitionsource,Acquisition Information > Acquisition source
lhmc_9-0,acquisition.owner,acquisition.owner,Acquisition Information > Owner
lhmc_9-0,acquisition.transferOfTitleNumber,acquisition.transferoftitlenumber,Acquisition Information > Transfer of title number
lhmc_9-0,acquisition.acquisitionDescription,acquisition.acquisitiondescription,Acquisition Information > Acquisition description
lhmc_9-0,acquisition.acquisitionReason,acquisition.acquisitionreason,Acquisition Information > Acquisition reason
lhmc_9-0,acquisition.approvalGroup,acquisition.approvalgroup,Acquisition Information > Approval group > Approval group
lhmc_9-0,acquisition.approvalIndividual,acquisition.approvalindividual,Acquisition Information > Approval group > Approval individual
lhmc_9-0,acquisition.approvalStatus,acquisition.approvalstatus,Acquisition Information > Approval group > Approval status
lhmc_9-0,acquisition.approvalDate,acquisition.approvaldate,Acquisition Information > Approval group > Approval status date
lhmc_9-0,acquisition.approvalNote,acquisition.approvalnote,Acquisition Information > Approval group > Approval note
lhmc_9-0,acquisition.acquisitionNote,acquisition.acquisitionnote,Acquisition Information > Note
lhmc_9-0,acquisition.acquisitionProvisos,acquisition.acquisitionprovisos,Acquisition Information > Restrictions
lhmc_9-0,acquisition.acquisitionFundingCurrency,acquisition.acquisitionfundingcurrency,Acquisition Information > Funding currency
lhmc_9-0,acquisition.acquisitionFundingValue,acquisition.acquisitionfundingvalue,Acquisition Information > Funding value
lhmc_9-0,acquisition.acquisitionFundingSource,acquisition.acquisitionfundingsource,Acquisition Information > Funding source
lhmc_9-0,acquisition.acquisitionFundingSourceProvisos,acquisition.acquisitionfundingsourceprovisos,Acquisition Information > Funding source provisos
lhmc_9-0,acquisition.involvedParty,acquisition.involvedparty,Acquisition Information > Parties involved person
lhmc_9-0,acquisition.involvedOnBehalfOf,acquisition.involvedonbehalfof,Acquisition Information > Parties involved on behalf of
lhmc_9-0,acquisition.involvedRole,acquisition.involvedrole,Acquisition Information > Parties involved role
lhmc_9-0,acquisition.creditLine,acquisition.creditline,Acquisition Information > Credit line
lhmc_9-0,acquisition.groupPurchasePriceCurrency,acquisition.grouppurchasepricecurrency,Price Information > Group purchase price > Group purchase price currency
lhmc_9-0,acquisition.groupPurchasePriceValue,acquisition.grouppurchasepricevalue,Price Information > Group purchase price > Group purchase price value
lhmc_9-0,acquisition.objectPurchasePriceCurrency,acquisition.objectpurchasepricecurrency,Price Information > Object purchase price > Object purchase price currency
lhmc_9-0,acquisition.objectPurchasePriceValue,acquisition.objectpurchasepricevalue,Price Information > Object purchase price > Object purchase price value
lhmc_9-0,acquisition.fieldCollectionEventName,acquisition.fieldcollectioneventname,Object Collection Information > Field collection event name
lhmc_9-0,citation.termDisplayName,citation.termdisplayname,Citation Information > Term display name
lhmc_9-0,citation.termStatus,citation.termstatus,Citation Information > Term status
lhmc_9-0,citation.termType,citation.termtype,Citation Information > Term type
lhmc_9-0,citation.termFlag,citation.termflag,Citation Information > Term flag
lhmc_9-0,citation.termLanguage,citation.termlanguage,Citation Information > Term language
lhmc_9-0,citation.termPrefForLang,citation.termprefforlang,Citation Information > Term preferred for lang
lhmc_9-0,citation.termFullCitation,citation.termfullcitation,Citation Information > Term full citation
lhmc_9-0,citation.termTitle,citation.termtitle,Citation Information > Term title
lhmc_9-0,citation.termSubTitle,citation.termsubtitle,Citation Information > Term subtitle
lhmc_9-0,citation.termSectionTitle,citation.termsectiontitle,Citation Information > Term section title
lhmc_9-0,citation.termVolume,citation.termvolume,Citation Information > Term volume
lhmc_9-0,citation.termIssue,citation.termissue,Citation Information > Term issue
lhmc_9-0,citation.termSource,citation.termsource,Citation Information > Source > Term source name
lhmc_9-0,citation.termSourceDetail,citation.termsourcedetail,Citation Information > Source > Term source detail
lhmc_9-0,citation.termSourceID,citation.termsourceid,Citation Information > Source > Term source ID
lhmc_9-0,citation.termSourceNote,citation.termsourcenote,Citation Information > Source > Term source note
lhmc_9-0,citation.publisher,citation.publisher,Citation Information > Publisher
lhmc_9-0,citation.publicationPlace,citation.publicationplace,Citation Information > Publication place
lhmc_9-0,citation.publicationDate,citation.publicationdate,Citation Information > Publication date
lhmc_9-0,citation.edition,citation.edition,Citation Information > Publication edition
lhmc_9-0,citation.pages,citation.pages,Citation Information > Publication page(s)
lhmc_9-0,citation.agent,citation.agent,Citation Information > Agent name
lhmc_9-0,citation.role,citation.role,Citation Information > Agent role
lhmc_9-0,citation.note,citation.note,Citation Information > Agent note
lhmc_9-0,citation.citationNote,citation.citationnote,Citation Information > Note
lhmc_9-0,citation.resourceIdent,citation.resourceident,Citation Information > Resource identifier
lhmc_9-0,citation.type,citation.type,Citation Information > Resource identifier type
lhmc_9-0,citation.captureDate,citation.capturedate,Citation Information > Resource identifier capture date
lhmc_9-0,citation.relatedTerm,citation.relatedterm,Citation Information > Related term
lhmc_9-0,citation.relationType,citation.relationtype,Citation Information > Related term type
lhmc_9-0,chronology.termDisplayName,chronology.termdisplayname,Chronology Information > Term display name
lhmc_9-0,chronology.termName,chronology.termname,Chronology Information > Term name
lhmc_9-0,chronology.termQualifier,chronology.termqualifier,Chronology Information > Term qualifier
lhmc_9-0,chronology.termStatus,chronology.termstatus,Chronology Information > Term status
lhmc_9-0,chronology.termType,chronology.termtype,Chronology Information > Term type
lhmc_9-0,chronology.termFlag,chronology.termflag,Chronology Information > Term flag
lhmc_9-0,chronology.historicalStatus,chronology.historicalstatus,Chronology Information > Term historical status
lhmc_9-0,chronology.termLanguage,chronology.termlanguage,Chronology Information > Term language
lhmc_9-0,chronology.termPrefForLang,chronology.termprefforlang,Chronology Information > Term preferred for lang
lhmc_9-0,chronology.termSource,chronology.termsource,Chronology Information > Source > Term source name
lhmc_9-0,chronology.termSourceDetail,chronology.termsourcedetail,Chronology Information > Source > Term source detail
lhmc_9-0,chronology.termSourceID,chronology.termsourceid,Chronology Information > Source > Term source ID
lhmc_9-0,chronology.termSourceNote,chronology.termsourcenote,Chronology Information > Source > Term source note
lhmc_9-0,chronology.primaryDateRangeStructuredDateGroup,chronology.primarydaterangestructureddategroup,Chronology Information > Primary date range
lhmc_9-0,chronology.chronologyType,chronology.chronologytype,Chronology Information > Chronology type
lhmc_9-0,chronology.spatialCoverage,chronology.spatialcoverage,Chronology Information > Spatial coverage
lhmc_9-0,chronology.chronologyDescription,chronology.chronologydescription,Chronology Information > Chronology description
lhmc_9-0,chronology.chronologyNote,chronology.chronologynote,Chronology Information > Chronology note
lhmc_9-0,chronology.identifierValue,chronology.identifiervalue,Chronology Information > Resource identifier value
lhmc_9-0,chronology.identifierCitation,chronology.identifiercitation,Chronology Information > Resource identifier citation
lhmc_9-0,chronology.identifierDate,chronology.identifierdate,Chronology Information > Resource identifier date
lhmc_9-0,chronology.altDateRangeStructuredDateGroup,chronology.altdaterangestructureddategroup,Alternative Date Information > Alternative date range
lhmc_9-0,chronology.altDateSpatialCoverage,chronology.altdatespatialcoverage,Alternative Date Information > Alternative date spatial coverage
lhmc_9-0,chronology.altDateCitation,chronology.altdatecitation,Alternative Date Information > Alternative date citation
lhmc_9-0,chronology.altDateNote,chronology.altdatenote,Alternative Date Information > Alternative date note
lhmc_9-0,chronology.assocPerson,chronology.assocperson,Associated Authorities > Associated person
lhmc_9-0,chronology.assocPersonType,chronology.assocpersontype,Associated Authorities > Associated person relationship/type
lhmc_9-0,chronology.assocPersonStructuredDateGroup,chronology.assocpersonstructureddategroup,Associated Authorities > Associated person date
lhmc_9-0,chronology.assocPersonCitation,chronology.assocpersoncitation,Associated Authorities > Associated person citation
lhmc_9-0,chronology.assocPersonNote,chronology.assocpersonnote,Associated Authorities > Associated person note
lhmc_9-0,chronology.assocPeople,chronology.assocpeople,Associated Authorities > Associated people
lhmc_9-0,chronology.assocPeopleType,chronology.assocpeopletype,Associated Authorities > Associated people relationship/type
lhmc_9-0,chronology.assocPeopleStructuredDateGroup,chronology.assocpeoplestructureddategroup,Associated Authorities > Associated people date
lhmc_9-0,chronology.assocPeopleCitation,chronology.assocpeoplecitation,Associated Authorities > Associated people citation
lhmc_9-0,chronology.assocPeopleNote,chronology.assocpeoplenote,Associated Authorities > Associated people note
lhmc_9-0,chronology.assocOrganization,chronology.assocorganization,Associated Authorities > Associated organization
lhmc_9-0,chronology.assocOrganizationType,chronology.assocorganizationtype,Associated Authorities > Associated organization relationship/type
lhmc_9-0,chronology.assocOrganizationStructuredDateGroup,chronology.assocorganizationstructureddategroup,Associated Authorities > Associated organization date
lhmc_9-0,chronology.assocOrganizationCitation,chronology.assocorganizationcitation,Associated Authorities > Associated organization citation
lhmc_9-0,chronology.assocOrganizationNote,chronology.assocorganizationnote,Associated Authorities > Associated organization note
lhmc_9-0,chronology.assocConcept,chronology.assocconcept,Associated Authorities > Associated concept
lhmc_9-0,chronology.assocConceptType,chronology.assocconcepttype,Associated Authorities > Associated concept relationship/type
lhmc_9-0,chronology.assocConceptStructuredDateGroup,chronology.assocconceptstructureddategroup,Associated Authorities > Associated concept date
lhmc_9-0,chronology.assocConceptCitation,chronology.assocconceptcitation,Associated Authorities > Associated concept citation
lhmc_9-0,chronology.assocConceptNote,chronology.assocconceptnote,Associated Authorities > Associated concept note
lhmc_9-0,chronology.assocPlace,chronology.assocplace,Associated Authorities > Associated place
lhmc_9-0,chronology.assocPlaceType,chronology.assocplacetype,Associated Authorities > Associated place relationship/type
lhmc_9-0,chronology.assocPlaceStructuredDateGroup,chronology.assocplacestructureddategroup,Associated Authorities > Associated place date
lhmc_9-0,chronology.assocPlaceCitation,chronology.assocplacecitation,Associated Authorities > Associated place citation
lhmc_9-0,chronology.assocPlaceNote,chronology.assocplacenote,Associated Authorities > Associated place note
lhmc_9-0,chronology.assocChronology,chronology.assocchronology,Associated Authorities > Associated event/era
lhmc_9-0,chronology.assocChronologyType,chronology.assocchronologytype,Associated Authorities > Associated event/era relationship/type
lhmc_9-0,chronology.assocChronologyStructuredDateGroup,chronology.assocchronologystructureddategroup,Associated Authorities > Associated event/era date
lhmc_9-0,chronology.assocChronologyCitation,chronology.assocchronologycitation,Associated Authorities > Associated event/era citation
lhmc_9-0,chronology.assocChronologyNote,chronology.assocchronologynote,Associated Authorities > Associated event/era note
lhmc_9-0,collectionobject.objectNumber,collectionobject.objectnumber,Object Identification Information > Identification number
lhmc_9-0,collectionobject.numberValue,collectionobject.numbervalue,Object Identification Information > Other number value
lhmc_9-0,collectionobject.numberType,collectionobject.numbertype,Object Identification Information > Other number type
lhmc_9-0,collectionobject.responsibleDepartment,collectionobject.responsibledepartment,Object Identification Information > Responsible department
lhmc_9-0,collectionobject.collection,collectionobject.collection,Object Identification Information > Collection
lhmc_9-0,collectionobject.namedCollection,collectionobject.namedcollection,Object Identification Information > Named collection
lhmc_9-0,collectionobject.descriptionLevel,collectionobject.descriptionlevel,Object Identification Information > Description level
lhmc_9-0,collectionobject.recordStatus,collectionobject.recordstatus,Object Identification Information > Record status
lhmc_9-0,collectionobject.publishTo,collectionobject.publishto,Object Identification Information > Publish to
lhmc_9-0,collectionobject.inventoryStatus,collectionobject.inventorystatus,Object Identification Information > Inventory status
lhmc_9-0,collectionobject.briefDescription,collectionobject.briefdescription,Object Identification Information > Brief description
lhmc_9-0,collectionobject.distinguishingFeatures,collectionobject.distinguishingfeatures,Object Identification Information > Distinguishing features
lhmc_9-0,collectionobject.comment,collectionobject.comment,Object Identification Information > Comment
lhmc_9-0,collectionobject.computedCurrentLocation,collectionobject.computedcurrentlocation,Object Identification Information > Computed current location
lhmc_9-0,collectionobject.homeLocation,collectionobject.homelocation,Object Identification Information > Home location
lhmc_9-0,collectionobject.homeLocationNote,collectionobject.homelocationnote,Object Identification Information > Home location note
lhmc_9-0,collectionobject.annotationType,collectionobject.annotationtype,Object Identification Information > Annotation type
lhmc_9-0,collectionobject.annotationDate,collectionobject.annotationdate,Object Identification Information > Annotation date
lhmc_9-0,collectionobject.annotationAuthor,collectionobject.annotationauthor,Object Identification Information > Annotation author
lhmc_9-0,collectionobject.annotationNote,collectionobject.annotationnote,Object Identification Information > Annotation note
lhmc_9-0,collectionobject.title,collectionobject.title,Object Identification Information > Title
lhmc_9-0,collectionobject.titleLanguage,collectionobject.titlelanguage,Object Identification Information > Title language
lhmc_9-0,collectionobject.titleType,collectionobject.titletype,Object Identification Information > Title type
lhmc_9-0,collectionobject.titleTranslation,collectionobject.titletranslation,Object Identification Information > Title translation
lhmc_9-0,collectionobject.titleTranslationLanguage,collectionobject.titletranslationlanguage,Object Identification Information > Title translation language
lhmc_9-0,collectionobject.objectNameControlled,collectionobject.objectnamecontrolled,Object Identification Information > Object name controlled
lhmc_9-0,collectionobject.objectName,collectionobject.objectname,Object Identification Information > Object name
lhmc_9-0,collectionobject.objectNameCurrency,collectionobject.objectnamecurrency,Object Identification Information > Object name currency
lhmc_9-0,collectionobject.objectNameLevel,collectionobject.objectnamelevel,Object Identification Information > Object name level
lhmc_9-0,collectionobject.objectNameSystem,collectionobject.objectnamesystem,Object Identification Information > Object name system
lhmc_9-0,collectionobject.objectNameType,collectionobject.objectnametype,Object Identification Information > Object name type
lhmc_9-0,collectionobject.objectNameLanguage,collectionobject.objectnamelanguage,Object Identification Information > Object name language
lhmc_9-0,collectionobject.objectNameNote,collectionobject.objectnamenote,Object Identification Information > Object name note
lhmc_9-0,collectionobject.objectCount,collectionobject.objectcount,Object Identification Information > Object count value
lhmc_9-0,collectionobject.objectCountUnit,collectionobject.objectcountunit,Object Identification Information > Object count unit
lhmc_9-0,collectionobject.objectCountType,collectionobject.objectcounttype,Object Identification Information > Object count type
lhmc_9-0,collectionobject.objectCountCountedBy,collectionobject.objectcountcountedby,Object Identification Information > Object count counted by
lhmc_9-0,collectionobject.objectCountDate,collectionobject.objectcountdate,Object Identification Information > Object count date
lhmc_9-0,collectionobject.objectCountNote,collectionobject.objectcountnote,Object Identification Information > Object count note
lhmc_9-0,collectionobject.copyNumber,collectionobject.copynumber,Object Description Information > Copy number
lhmc_9-0,collectionobject.objectStatus,collectionobject.objectstatus,Object Description Information > Original/copy
lhmc_9-0,collectionobject.editionNumber,collectionobject.editionnumber,Object Description Information > Edition number
lhmc_9-0,collectionobject.ageQualifier,collectionobject.agequalifier,Object Description Information > Age > Age qualifier
lhmc_9-0,collectionobject.age,collectionobject.age,Object Description Information > Age > Age value
lhmc_9-0,collectionobject.ageUnit,collectionobject.ageunit,Object Description Information > Age > Age unit
lhmc_9-0,collectionobject.style,collectionobject.style,Object Description Information > Style
lhmc_9-0,collectionobject.color,collectionobject.color,Object Description Information > Color
lhmc_9-0,collectionobject.apparelSize,collectionobject.apparelsize,Object Description Information > Apparel size
lhmc_9-0,collectionobject.materialControlled,collectionobject.materialcontrolled,Object Description Information > Material controlled
lhmc_9-0,collectionobject.material,collectionobject.material,Object Description Information > Material
lhmc_9-0,collectionobject.materialComponent,collectionobject.materialcomponent,Object Description Information > Material component
lhmc_9-0,collectionobject.materialComponentNote,collectionobject.materialcomponentnote,Object Description Information > Material component note
lhmc_9-0,collectionobject.materialName,collectionobject.materialname,Object Description Information > Material name
lhmc_9-0,collectionobject.materialSource,collectionobject.materialsource,Object Description Information > Material source
lhmc_9-0,collectionobject.physicalDescription,collectionobject.physicaldescription,Object Description Information > Physical description
lhmc_9-0,collectionobject.objectComponentName,collectionobject.objectcomponentname,Object Description Information > Object component name
lhmc_9-0,collectionobject.objectComponentInformation,collectionobject.objectcomponentinformation,Object Description Information > Object component information
lhmc_9-0,collectionobject.technicalAttribute,collectionobject.technicalattribute,Object Description Information > Technical attribute
lhmc_9-0,collectionobject.technicalAttributeMeasurement,collectionobject.technicalattributemeasurement,Object Description Information > Technical attribute measurement
lhmc_9-0,collectionobject.technicalAttributeMeasurementUnit,collectionobject.technicalattributemeasurementunit,Object Description Information > Technical attribute measurement unit
lhmc_9-0,collectionobject.measuredPart,collectionobject.measuredpart,Object Description Information > Measured part
lhmc_9-0,collectionobject.dimensionSummary,collectionobject.dimensionsummary,Object Description Information > Dimension summary
lhmc_9-0,collectionobject.dimension,collectionobject.dimension,Object Description Information > Measurement dimension
lhmc_9-0,collectionobject.measuredBy,collectionobject.measuredby,Object Description Information > Measured by
lhmc_9-0,collectionobject.measurementMethod,collectionobject.measurementmethod,Object Description Information > Measurement method
lhmc_9-0,collectionobject.value,collectionobject.value,Object Description Information > Measurement value
lhmc_9-0,collectionobject.measurementUnit,collectionobject.measurementunit,Object Description Information > Measurement unit
lhmc_9-0,collectionobject.valueQualifier,collectionobject.valuequalifier,Object Description Information > Measurement qualifier
lhmc_9-0,collectionobject.valueDate,collectionobject.valuedate,Object Description Information > Measurement date
lhmc_9-0,collectionobject.measuredPartNote,collectionobject.measuredpartnote,Object Description Information > Dimension note
lhmc_9-0,collectionobject.contentDescription,collectionobject.contentdescription,Object Description Information > Content > Content description/summary/scope
lhmc_9-0,collectionobject.contentLanguage,collectionobject.contentlanguage,Object Description Information > Content > Content language
lhmc_9-0,collectionobject.contentActivity,collectionobject.contentactivity,Object Description Information > Content > Content activity
lhmc_9-0,collectionobject.contentConcept,collectionobject.contentconcept,Object Description Information > Content > Content concept
lhmc_9-0,collectionobject.contentDateGroup,collectionobject.contentdategroup,Object Description Information > Content > Content date
lhmc_9-0,collectionobject.contentPosition,collectionobject.contentposition,Object Description Information > Content > Content position
lhmc_9-0,collectionobject.contentObject,collectionobject.contentobject,Object Description Information > Content > Content object name
lhmc_9-0,collectionobject.contentObjectType,collectionobject.contentobjecttype,Object Description Information > Content > Content object type
lhmc_9-0,collectionobject.contentPeople,collectionobject.contentpeople,Object Description Information > Content > Content people
lhmc_9-0,collectionobject.contentPerson,collectionobject.contentperson,Object Description Information > Content > Content person
lhmc_9-0,collectionobject.contentPlace,collectionobject.contentplace,Object Description Information > Content > Content place
lhmc_9-0,collectionobject.contentOrganization,collectionobject.contentorganization,Object Description Information > Content > Content organization
lhmc_9-0,collectionobject.contentEventName,collectionobject.contenteventname,Object Description Information > Content > Content event name
lhmc_9-0,collectionobject.contentEventNameType,collectionobject.contenteventnametype,Object Description Information > Content > Content event type
lhmc_9-0,collectionobject.contentEvent,collectionobject.contentevent,Object Description Information > Content > Content controlled event or period/era
lhmc_9-0,collectionobject.contentOther,collectionobject.contentother,Object Description Information > Content > Content other name
lhmc_9-0,collectionobject.contentOtherType,collectionobject.contentothertype,Object Description Information > Content > Content other type
lhmc_9-0,collectionobject.contentNote,collectionobject.contentnote,Object Description Information > Content > Content abstract
lhmc_9-0,collectionobject.inscriptionContent,collectionobject.inscriptioncontent,Object Description Information > Textual Inscription > Textual inscription content
lhmc_9-0,collectionobject.inscriptionContentInscriber,collectionobject.inscriptioncontentinscriber,Object Description Information > Textual Inscription > Textual inscription inscriber
lhmc_9-0,collectionobject.inscriptionContentLanguage,collectionobject.inscriptioncontentlanguage,Object Description Information > Textual Inscription > Textual inscription language
lhmc_9-0,collectionobject.inscriptionContentDateGroup,collectionobject.inscriptioncontentdategroup,Object Description Information > Textual Inscription > Textual inscription date
lhmc_9-0,collectionobject.inscriptionContentPosition,collectionobject.inscriptioncontentposition,Object Description Information > Textual Inscription > Textual inscription position
lhmc_9-0,collectionobject.inscriptionContentScript,collectionobject.inscriptioncontentscript,Object Description Information > Textual Inscription > Textual inscription script
lhmc_9-0,collectionobject.inscriptionContentType,collectionobject.inscriptioncontenttype,Object Description Information > Textual Inscription > Textual inscription type
lhmc_9-0,collectionobject.inscriptionContentMethod,collectionobject.inscriptioncontentmethod,Object Description Information > Textual Inscription > Textual inscription method
lhmc_9-0,collectionobject.inscriptionContentInterpretation,collectionobject.inscriptioncontentinterpretation,Object Description Information > Textual Inscription > Textual inscription interpretation
lhmc_9-0,collectionobject.inscriptionContentTranslation,collectionobject.inscriptioncontenttranslation,Object Description Information > Textual Inscription > Textual inscription translation
lhmc_9-0,collectionobject.inscriptionContentTransliteration,collectionobject.inscriptioncontenttransliteration,Object Description Information > Textual Inscription > Textual inscription transliteration
lhmc_9-0,collectionobject.inscriptionDescription,collectionobject.inscriptiondescription,Object Description Information > Non-Textual Inscription > Non-textual inscription description
lhmc_9-0,collectionobject.inscriptionDescriptionInscriber,collectionobject.inscriptiondescriptioninscriber,Object Description Information > Non-Textual Inscription > Non-textual inscription inscriber
lhmc_9-0,collectionobject.inscriptionDescriptionDateGroup,collectionobject.inscriptiondescriptiondategroup,Object Description Information > Non-Textual Inscription > Non-textual inscription date
lhmc_9-0,collectionobject.inscriptionDescriptionPosition,collectionobject.inscriptiondescriptionposition,Object Description Information > Non-Textual Inscription > Non-textual inscription position
lhmc_9-0,collectionobject.inscriptionDescriptionType,collectionobject.inscriptiondescriptiontype,Object Description Information > Non-Textual Inscription > Non-textual inscription type
lhmc_9-0,collectionobject.inscriptionDescriptionMethod,collectionobject.inscriptiondescriptionmethod,Object Description Information > Non-Textual Inscription > Non-textual inscription method
lhmc_9-0,collectionobject.inscriptionDescriptionInterpretation,collectionobject.inscriptiondescriptioninterpretation,Object Description Information > Non-Textual Inscription > Non-textual inscription maker's mark note
lhmc_9-0,collectionobject.objectProductionDateGroup,collectionobject.objectproductiondategroup,Object Production Information > Production date
lhmc_9-0,collectionobject.objectProductionEra,collectionobject.objectproductionera,Object Production Information > Production era
lhmc_9-0,collectionobject.technique,collectionobject.technique,Object Production Information > Production technique
lhmc_9-0,collectionobject.techniqueType,collectionobject.techniquetype,Object Production Information > Production technique type
lhmc_9-0,collectionobject.objectProductionPlace,collectionobject.objectproductionplace,Object Production Information > Production place
lhmc_9-0,collectionobject.objectProductionPlaceRole,collectionobject.objectproductionplacerole,Object Production Information > Production place role
lhmc_9-0,collectionobject.objectProductionPlaceVerbatim,collectionobject.objectproductionplaceverbatim,Object Production Information > Production place (verbatim)
lhmc_9-0,collectionobject.objectProductionReason,collectionobject.objectproductionreason,Object Production Information > Production reason
lhmc_9-0,collectionobject.objectProductionPeople,collectionobject.objectproductionpeople,Object Production Information > Production people
lhmc_9-0,collectionobject.objectProductionPeopleRole,collectionobject.objectproductionpeoplerole,Object Production Information > Production people role
lhmc_9-0,collectionobject.objectProductionPerson,collectionobject.objectproductionperson,Object Production Information > Production person
lhmc_9-0,collectionobject.objectProductionPersonRole,collectionobject.objectproductionpersonrole,Object Production Information > Production person role
lhmc_9-0,collectionobject.objectProductionOrganization,collectionobject.objectproductionorganization,Object Production Information > Production organization
lhmc_9-0,collectionobject.objectProductionOrganizationRole,collectionobject.objectproductionorganizationrole,Object Production Information > Production organization role
lhmc_9-0,collectionobject.objectProductionAgent,collectionobject.objectproductionagent,Object Production Information > Production agent (verbatim)
lhmc_9-0,collectionobject.objectProductionNote,collectionobject.objectproductionnote,Object Production Information > Production note
lhmc_9-0,collectionobject.assocActivity,collectionobject.assocactivity,Object History and Association Information > Associations > Associated activity
lhmc_9-0,collectionobject.assocActivityType,collectionobject.assocactivitytype,Object History and Association Information > Associations > Associated activity type
lhmc_9-0,collectionobject.assocActivityNote,collectionobject.assocactivitynote,Object History and Association Information > Associations > Associated activity note
lhmc_9-0,collectionobject.assocObject,collectionobject.assocobject,Object History and Association Information > Associations > Associated object
lhmc_9-0,collectionobject.assocObjectType,collectionobject.assocobjecttype,Object History and Association Information > Associations > Associated object type
lhmc_9-0,collectionobject.assocObjectNote,collectionobject.assocobjectnote,Object History and Association Information > Associations > Associated object note
lhmc_9-0,collectionobject.assocConcept,collectionobject.assocconcept,Object History and Association Information > Associations > Associated concept
lhmc_9-0,collectionobject.assocConceptType,collectionobject.assocconcepttype,Object History and Association Information > Associations > Associated concept type
lhmc_9-0,collectionobject.assocConceptNote,collectionobject.assocconceptnote,Object History and Association Information > Associations > Associated concept note
lhmc_9-0,collectionobject.assocCulturalContext,collectionobject.assocculturalcontext,Object History and Association Information > Associations > Associated cultural affinity
lhmc_9-0,collectionobject.assocCulturalContextType,collectionobject.assocculturalcontexttype,Object History and Association Information > Associations > Associated cultural affinity type
lhmc_9-0,collectionobject.assocCulturalContextNote,collectionobject.assocculturalcontextnote,Object History and Association Information > Associations > Associated cultural affinity note
lhmc_9-0,collectionobject.assocOrganization,collectionobject.assocorganization,Object History and Association Information > Associations > Associated organization
lhmc_9-0,collectionobject.assocOrganizationType,collectionobject.assocorganizationtype,Object History and Association Information > Associations > Associated organization type
lhmc_9-0,collectionobject.assocOrganizationNote,collectionobject.assocorganizationnote,Object History and Association Information > Associations > Associated organization note
lhmc_9-0,collectionobject.assocPeople,collectionobject.assocpeople,Object History and Association Information > Associations > Associated people
lhmc_9-0,collectionobject.assocPeopleType,collectionobject.assocpeopletype,Object History and Association Information > Associations > Associated people type
lhmc_9-0,collectionobject.assocPeopleNote,collectionobject.assocpeoplenote,Object History and Association Information > Associations > Associated people note
lhmc_9-0,collectionobject.assocPerson,collectionobject.assocperson,Object History and Association Information > Associations > Associated person
lhmc_9-0,collectionobject.assocPersonType,collectionobject.assocpersontype,Object History and Association Information > Associations > Associated person type
lhmc_9-0,collectionobject.assocPersonNote,collectionobject.assocpersonnote,Object History and Association Information > Associations > Associated person note
lhmc_9-0,collectionobject.assocPlace,collectionobject.assocplace,Object History and Association Information > Associations > Associated place
lhmc_9-0,collectionobject.assocPlaceType,collectionobject.assocplacetype,Object History and Association Information > Associations > Associated place type
lhmc_9-0,collectionobject.assocPlaceNote,collectionobject.assocplacenote,Object History and Association Information > Associations > Associated place note
lhmc_9-0,collectionobject.assocEventName,collectionobject.assoceventname,Object History and Association Information > Associations > Associated event > Associated event
lhmc_9-0,collectionobject.assocEventNameType,collectionobject.assoceventnametype,Object History and Association Information > Associations > Associated event > Associated event type
lhmc_9-0,collectionobject.assocEvent,collectionobject.assocevent,Object History and Association Information > Associations > Associated controlled event or period/era
lhmc_9-0,collectionobject.assocEventOrganization,collectionobject.assoceventorganization,Object History and Association Information > Associations > Associated event organization
lhmc_9-0,collectionobject.assocEventPeople,collectionobject.assoceventpeople,Object History and Association Information > Associations > Associated event people
lhmc_9-0,collectionobject.assocEventPerson,collectionobject.assoceventperson,Object History and Association Information > Associations > Associated event person
lhmc_9-0,collectionobject.assocEventPlace,collectionobject.assoceventplace,Object History and Association Information > Associations > Associated event place
lhmc_9-0,collectionobject.assocEventNote,collectionobject.assoceventnote,Object History and Association Information > Associations > Associated event note
lhmc_9-0,collectionobject.assocStructuredDateGroup,collectionobject.assocstructureddategroup,Object History and Association Information > Associations > Associated date value
lhmc_9-0,collectionobject.assocDateType,collectionobject.assocdatetype,Object History and Association Information > Associations > Associated date type
lhmc_9-0,collectionobject.assocDateNote,collectionobject.assocdatenote,Object History and Association Information > Associations > Associated date note
lhmc_9-0,collectionobject.objectHistoryNote,collectionobject.objecthistorynote,Object History and Association Information > Provenance
lhmc_9-0,collectionobject.usage,collectionobject.usage,Object History and Association Information > Usage
lhmc_9-0,collectionobject.usageNote,collectionobject.usagenote,Object History and Association Information > Usage note
lhmc_9-0,collectionobject.owner,collectionobject.owner,Object History and Association Information > Owner
lhmc_9-0,collectionobject.ownershipDateGroup,collectionobject.ownershipdategroup,Object History and Association Information > Ownership date
lhmc_9-0,collectionobject.ownershipAccess,collectionobject.ownershipaccess,Object History and Association Information > Ownership access
lhmc_9-0,collectionobject.ownershipCategory,collectionobject.ownershipcategory,Object History and Association Information > Ownership category
lhmc_9-0,collectionobject.ownershipPlace,collectionobject.ownershipplace,Object History and Association Information > Ownership place
lhmc_9-0,collectionobject.ownershipExchangeMethod,collectionobject.ownershipexchangemethod,Object History and Association Information > Ownership exchange > Ownership exchange method
lhmc_9-0,collectionobject.ownershipExchangeNote,collectionobject.ownershipexchangenote,Object History and Association Information > Ownership exchange > Ownership exchange note
lhmc_9-0,collectionobject.ownershipExchangePriceCurrency,collectionobject.ownershipexchangepricecurrency,Object History and Association Information > Ownership exchange > Ownership exchange price currency
lhmc_9-0,collectionobject.ownershipExchangePriceValue,collectionobject.ownershipexchangepricevalue,Object History and Association Information > Ownership exchange > Ownership exchange price value
lhmc_9-0,collectionobject.ownersPersonalExperience,collectionobject.ownerspersonalexperience,Object Owner's Contribution Information > Owner's personal experience
lhmc_9-0,collectionobject.ownersPersonalResponse,collectionobject.ownerspersonalresponse,Object Owner's Contribution Information > Owner's personal response
lhmc_9-0,collectionobject.ownersReference,collectionobject.ownersreference,Object Owner's Contribution Information > Owner's reference
lhmc_9-0,collectionobject.ownersContributionNote,collectionobject.ownerscontributionnote,Object Owner's Contribution Information > Owner's contribution note
lhmc_9-0,collectionobject.viewersRole,collectionobject.viewersrole,Object Viewer's Contribution Information > Viewer's role
lhmc_9-0,collectionobject.viewersPersonalExperience,collectionobject.viewerspersonalexperience,Object Viewer's Contribution Information > Viewer's personal experience
lhmc_9-0,collectionobject.viewersPersonalResponse,collectionobject.viewerspersonalresponse,Object Viewer's Contribution Information > Viewer's personal response
lhmc_9-0,collectionobject.viewersReference,collectionobject.viewersreference,Object Viewer's Contribution Information > Viewer's reference
lhmc_9-0,collectionobject.viewersContributionNote,collectionobject.viewerscontributionnote,Object Viewer's Contribution Information > Viewer's contribution note
lhmc_9-0,collectionobject.reference,collectionobject.reference,Reference Information > Reference
lhmc_9-0,collectionobject.referenceNote,collectionobject.referencenote,Reference Information > Reference note
lhmc_9-0,collectionobject.relatedLink,collectionobject.relatedlink,Reference Information > Published related link url
lhmc_9-0,collectionobject.descriptiveTitle,collectionobject.descriptivetitle,Reference Information > Published related link descriptive title
lhmc_9-0,collectionobject.fieldCollectionDateGroup,collectionobject.fieldcollectiondategroup,Object Collection Information > Field collection date
lhmc_9-0,collectionobject.fieldCollectionMethod,collectionobject.fieldcollectionmethod,Object Collection Information > Field collection method
lhmc_9-0,collectionobject.fieldCollectionPlace,collectionobject.fieldcollectionplace,Object Collection Information > Field collection place
lhmc_9-0,collectionobject.fieldCollectionSource,collectionobject.fieldcollectionsource,Object Collection Information > Field collection source
lhmc_9-0,collectionobject.fieldCollector,collectionobject.fieldcollector,Object Collection Information > Field collector
lhmc_9-0,collectionobject.fieldCollectionNumber,collectionobject.fieldcollectionnumber,Object Collection Information > Field collection number
lhmc_9-0,collectionobject.fieldColEventName,collectionobject.fieldcoleventname,Object Collection Information > Field collection event name
lhmc_9-0,collectionobject.fieldCollectionFeature,collectionobject.fieldcollectionfeature,Object Collection Information > Field collection feature
lhmc_9-0,collectionobject.fieldCollectionNote,collectionobject.fieldcollectionnote,Object Collection Information > Field collection note
lhmc_9-0,collectionobject.culturalCareNote,collectionobject.culturalcarenote,Cultural Care Information > Cultural care note
lhmc_9-0,collectionobject.limitationType,collectionobject.limitationtype,Cultural Care Information > Access limitation type
lhmc_9-0,collectionobject.limitationLevel,collectionobject.limitationlevel,Cultural Care Information > Access limitation level
lhmc_9-0,collectionobject.limitationDetails,collectionobject.limitationdetails,Cultural Care Information > Access limitation detail
lhmc_9-0,collectionobject.requester,collectionobject.requester,Cultural Care Information > Access limitation requestor
lhmc_9-0,collectionobject.requestOnBehalfOf,collectionobject.requestonbehalfof,Cultural Care Information > Access limitation requested on behalf of
lhmc_9-0,collectionobject.requestDate,collectionobject.requestdate,Cultural Care Information > Access limitation request date
lhmc_9-0,collectionobject.rightType,collectionobject.righttype,Rights Management Information > Right type
lhmc_9-0,collectionobject.rightBeginDate,collectionobject.rightbegindate,Rights Management Information > Right begin date
lhmc_9-0,collectionobject.rightEndDate,collectionobject.rightenddate,Rights Management Information > Right end date
lhmc_9-0,collectionobject.rightHolder,collectionobject.rightholder,Rights Management Information > Right holder name
lhmc_9-0,collectionobject.rightHolderContact,collectionobject.rightholdercontact,Rights Management Information > Right holder contact
lhmc_9-0,collectionobject.rightJurisdiction,collectionobject.rightjurisdiction,Rights Management Information > Right jurisdiction
lhmc_9-0,collectionobject.standardizedRightStatement,collectionobject.standardizedrightstatement,Rights Management Information > Standardized right statement
lhmc_9-0,collectionobject.rightStatement,collectionobject.rightstatement,Rights Management Information > Right statement
lhmc_9-0,collectionobject.rightNote,collectionobject.rightnote,Rights Management Information > Right note
lhmc_9-0,collectionobject.rightInType,collectionobject.rightintype,Rights In Management Information > Right in type
lhmc_9-0,collectionobject.rightInBeginDate,collectionobject.rightinbegindate,Rights In Management Information > Right in begin date
lhmc_9-0,collectionobject.rightInEndDate,collectionobject.rightinenddate,Rights In Management Information > Right in end date
lhmc_9-0,collectionobject.agreementSent,collectionobject.agreementsent,Rights In Management Information > Right in agreement sent
lhmc_9-0,collectionobject.agreementReceived,collectionobject.agreementreceived,Rights In Management Information > Right in agreement received
lhmc_9-0,collectionobject.agreementSigned,collectionobject.agreementsigned,Rights In Management Information > Right in agreement signed
lhmc_9-0,collectionobject.rightInRestriction,collectionobject.rightinrestriction,Rights In Management Information > Right in restriction
lhmc_9-0,collectionobject.rightReproductionStatement,collectionobject.rightreproductionstatement,Rights In Management Information > Right statement for reproduction
lhmc_9-0,collectionobject.rightInNote,collectionobject.rightinnote,Rights In Management Information > Right in note
lhmc_9-0,concept.termDisplayName,concept.termdisplayname,Concept Information > Term display name
lhmc_9-0,concept.termName,concept.termname,Concept Information > Term name
lhmc_9-0,concept.termQualifier,concept.termqualifier,Concept Information > Term qualifier
lhmc_9-0,concept.termStatus,concept.termstatus,Concept Information > Term status
lhmc_9-0,concept.termType,concept.termtype,Concept Information > Term type
lhmc_9-0,concept.termFlag,concept.termflag,Concept Information > Term flag
lhmc_9-0,concept.historicalStatus,concept.historicalstatus,Concept Information > Term historical status
lhmc_9-0,concept.termLanguage,concept.termlanguage,Concept Information > Term language
lhmc_9-0,concept.termPrefForLang,concept.termprefforlang,Concept Information > Term preferred for lang
lhmc_9-0,concept.termSource,concept.termsource,Concept Information > Source > Term source name
lhmc_9-0,concept.termSourceDetail,concept.termsourcedetail,Concept Information > Source > Term source detail
lhmc_9-0,concept.termSourceID,concept.termsourceid,Concept Information > Source > Term source ID
lhmc_9-0,concept.termSourceNote,concept.termsourcenote,Concept Information > Source > Term source note
lhmc_9-0,concept.conceptRecordType,concept.conceptrecordtype,Concept Information > Concept type
lhmc_9-0,concept.scopeNote,concept.scopenote,Concept Information > Scope note > Scope note
lhmc_9-0,concept.scopeNoteSource,concept.scopenotesource,Concept Information > Scope note > Scope note source
lhmc_9-0,concept.scopeNoteSourceDetail,concept.scopenotesourcedetail,Concept Information > Scope note > Scope note source detail
lhmc_9-0,concept.citationSource,concept.citationsource,Concept Information > Citation source
lhmc_9-0,concept.citationSourceDetail,concept.citationsourcedetail,Concept Information > Citation source detail
lhmc_9-0,concept.additionalSource,concept.additionalsource,Concept Information > Additional source
lhmc_9-0,concept.additionalSourceDetail,concept.additionalsourcedetail,Concept Information > Additional source detail
lhmc_9-0,concept.additionalSourceID,concept.additionalsourceid,Concept Information > Additional source ID
lhmc_9-0,concept.additionalSourceNote,concept.additionalsourcenote,Concept Information > Additional source note
lhmc_9-0,conditioncheck.conditionCheckRefNumber,conditioncheck.conditioncheckrefnumber,Condition Check/Technical Assessment Information > Reference number
lhmc_9-0,conditioncheck.conditionCheckAssessmentDate,conditioncheck.conditioncheckassessmentdate,Condition Check/Technical Assessment Information > Check/assessment date
lhmc_9-0,conditioncheck.conditionCheckMethod,conditioncheck.conditioncheckmethod,Condition Check/Technical Assessment Information > Method
lhmc_9-0,conditioncheck.conditionCheckReason,conditioncheck.conditioncheckreason,Condition Check/Technical Assessment Information > Reason
lhmc_9-0,conditioncheck.conditionChecker,conditioncheck.conditionchecker,Condition Check/Technical Assessment Information > Checker/assessor
lhmc_9-0,conditioncheck.conditionCheckNote,conditioncheck.conditionchecknote,Condition Check/Technical Assessment Information > Note
lhmc_9-0,conditioncheck.objectAuditCategory,conditioncheck.objectauditcategory,Object Condition Information > Object audit category
lhmc_9-0,conditioncheck.conservationTreatmentPriority,conditioncheck.conservationtreatmentpriority,Object Condition Information > Conservation treatment priority
lhmc_9-0,conditioncheck.nextConditionCheckDate,conditioncheck.nextconditioncheckdate,Object Condition Information > Next check/assessment date
lhmc_9-0,conditioncheck.completeness,conditioncheck.completeness,Object Condition Information > Completeness description
lhmc_9-0,conditioncheck.completenessDate,conditioncheck.completenessdate,Object Condition Information > Completeness date
lhmc_9-0,conditioncheck.completenessNote,conditioncheck.completenessnote,Object Condition Information > Completeness note
lhmc_9-0,conditioncheck.hazard,conditioncheck.hazard,Object Condition Information > Hazard description
lhmc_9-0,conditioncheck.hazardDate,conditioncheck.hazarddate,Object Condition Information > Hazard date
lhmc_9-0,conditioncheck.hazardNote,conditioncheck.hazardnote,Object Condition Information > Hazard note
lhmc_9-0,conditioncheck.techAssessment,conditioncheck.techassessment,Object Condition Information > Mechanism operation description
lhmc_9-0,conditioncheck.techAssessmentDate,conditioncheck.techassessmentdate,Object Condition Information > Mechanism operation date
lhmc_9-0,conditioncheck.conditionLHMC,conditioncheck.conditionlhmc,Object Condition Information > Condition description
lhmc_9-0,conditioncheck.conditionFacetLHMC,conditioncheck.conditionfacetlhmc,Object Condition Information > Condition facet
lhmc_9-0,conditioncheck.conditionDateLHMC,conditioncheck.conditiondatelhmc,Object Condition Information > Condition date
lhmc_9-0,conditioncheck.conditionNoteLHMC,conditioncheck.conditionnotelhmc,Object Condition Information > Condition note
lhmc_9-0,conditioncheck.maintenanceDate,conditioncheck.maintenancedate,Object Condition Information > Maintenance > Maintenance date
lhmc_9-0,conditioncheck.maintenanceCycle,conditioncheck.maintenancecycle,Object Condition Information > Maintenance > Maintenance cycle
lhmc_9-0,conditioncheck.maintenanceNote,conditioncheck.maintenancenote,Object Condition Information > Maintenance > Maintenance note
lhmc_9-0,conditioncheck.envConditionNote,conditioncheck.envconditionnote,Object Condition Information > Environmental condition note
lhmc_9-0,conditioncheck.envConditionNoteDate,conditioncheck.envconditionnotedate,Object Condition Information > Environmental condition date
lhmc_9-0,conditioncheck.displayRecommendations,conditioncheck.displayrecommendations,Object Recommendation/Requirement Information > Display recommendation
lhmc_9-0,conditioncheck.handlingRecommendations,conditioncheck.handlingrecommendations,Object Recommendation/Requirement Information > Handling recommendation
lhmc_9-0,conditioncheck.securityRecommendations,conditioncheck.securityrecommendations,Object Recommendation/Requirement Information > Security recommendation
lhmc_9-0,conditioncheck.storageRequirements,conditioncheck.storagerequirements,Object Recommendation/Requirement Information > Storage recommendation
lhmc_9-0,conditioncheck.envRecommendations,conditioncheck.envrecommendations,Object Recommendation/Requirement Information > Environmental recommendation
lhmc_9-0,conditioncheck.packingRecommendations,conditioncheck.packingrecommendations,Object Recommendation/Requirement Information > Packing recommendation
lhmc_9-0,conditioncheck.specialRequirements,conditioncheck.specialrequirements,Object Recommendation/Requirement Information > Special requirement
lhmc_9-0,conditioncheck.legalRequirements,conditioncheck.legalrequirements,Object Recommendation/Requirement Information > Legal requirement
lhmc_9-0,conditioncheck.legalReqsHeld,conditioncheck.legalreqsheld,Object Recommendation/Requirement Information > Legal/license requirement held description
lhmc_9-0,conditioncheck.legalReqsHeldBeginDate,conditioncheck.legalreqsheldbegindate,Object Recommendation/Requirement Information > Legal/license requirement held begin date
lhmc_9-0,conditioncheck.legalReqsHeldEndDate,conditioncheck.legalreqsheldenddate,Object Recommendation/Requirement Information > Legal/license requirement held end date
lhmc_9-0,conditioncheck.legalReqsHeldNumber,conditioncheck.legalreqsheldnumber,Object Recommendation/Requirement Information > Legal/license requirement held number
lhmc_9-0,conditioncheck.legalReqsHeldRenewDate,conditioncheck.legalreqsheldrenewdate,Object Recommendation/Requirement Information > Legal/license requirement held renewal date
lhmc_9-0,conditioncheck.salvagePriorityCode,conditioncheck.salvageprioritycode,Object Recommendation/Requirement Information > Salvage priority code
lhmc_9-0,conditioncheck.salvagePriorityCodeDate,conditioncheck.salvageprioritycodedate,Object Recommendation/Requirement Information > Salvage priority date
lhmc_9-0,conservation.conservationNumber,conservation.conservationnumber,Conservation Treatment Information > Reference number
lhmc_9-0,conservation.status,conservation.status,Conservation Treatment Information > Procedural status
lhmc_9-0,conservation.statusDate,conservation.statusdate,Conservation Treatment Information > Procedural status date
lhmc_9-0,conservation.treatmentPurpose,conservation.treatmentpurpose,Conservation Treatment Information > Treatment purpose
lhmc_9-0,conservation.conservator,conservation.conservator,Conservation Treatment Information > Conservator
lhmc_9-0,conservation.otherParty,conservation.otherparty,Conservation Treatment Information > Other treatment party name
lhmc_9-0,conservation.otherPartyRole,conservation.otherpartyrole,Conservation Treatment Information > Other treatment party role
lhmc_9-0,conservation.otherPartyNote,conservation.otherpartynote,Conservation Treatment Information > Other treatment party note
lhmc_9-0,conservation.examinationStaff,conservation.examinationstaff,Conservation Treatment Information > Examination staff
lhmc_9-0,conservation.examinationPhase,conservation.examinationphase,Conservation Treatment Information > Examination phase of treatment
lhmc_9-0,conservation.examinationDate,conservation.examinationdate,Conservation Treatment Information > Examination date
lhmc_9-0,conservation.examinationNote,conservation.examinationnote,Conservation Treatment Information > Examination note
lhmc_9-0,conservation.fabricationNote,conservation.fabricationnote,Conservation Treatment Information > Fabrication note
lhmc_9-0,conservation.proposedTreatment,conservation.proposedtreatment,Conservation Treatment Information > Proposed treatment
lhmc_9-0,conservation.approvedBy,conservation.approvedby,Conservation Treatment Information > Approved by
lhmc_9-0,conservation.approvedDate,conservation.approveddate,Conservation Treatment Information > Approval date
lhmc_9-0,conservation.treatmentStartDate,conservation.treatmentstartdate,Conservation Treatment Information > Treatment start date
lhmc_9-0,conservation.treatmentEndDate,conservation.treatmentenddate,Conservation Treatment Information > Treatment end date
lhmc_9-0,conservation.treatmentSummary,conservation.treatmentsummary,Conservation Treatment Information > Treatment summary
lhmc_9-0,conservation.proposedAnalysis,conservation.proposedanalysis,Object Analysis Information > Proposed analysis
lhmc_9-0,conservation.researcher,conservation.researcher,Object Analysis Information > Analysis researcher
lhmc_9-0,conservation.proposedAnalysisDate,conservation.proposedanalysisdate,Object Analysis Information > Analysis proposal date
lhmc_9-0,conservation.destAnalysisApprovedDate,conservation.destanalysisapproveddate,Object Analysis Information > Destructive analysis approval date
lhmc_9-0,conservation.destAnalysisApprovalNote,conservation.destanalysisapprovalnote,Object Analysis Information > Destructive analysis approval note
lhmc_9-0,conservation.sampleBy,conservation.sampleby,Object Analysis Information > Destructive analysis sample taken by
lhmc_9-0,conservation.sampleDate,conservation.sampledate,Object Analysis Information > Destructive analysis sample date
lhmc_9-0,conservation.sampleDescription,conservation.sampledescription,Object Analysis Information > Destructive analysis sample description
lhmc_9-0,conservation.sampleReturned,conservation.samplereturned,Object Analysis Information > Destructive analysis sample returned
lhmc_9-0,conservation.sampleReturnedLocation,conservation.samplereturnedlocation,Object Analysis Information > Destructive analysis sample returned location
lhmc_9-0,conservation.analysisMethod,conservation.analysismethod,Object Analysis Information > Analytical methodology
lhmc_9-0,conservation.analysisResults,conservation.analysisresults,Object Analysis Information > Analytical result
lhmc_9-0,deaccession.deaccessionNumber,deaccession.deaccessionnumber,Deaccession Information > Deaccession number
lhmc_9-0,deaccession.deaccessionReason,deaccession.deaccessionreason,Deaccession Information > Deaccession reason
lhmc_9-0,deaccession.deaccessionDate,deaccession.deaccessiondate,Deaccession Information > Deaccession date
lhmc_9-0,deaccession.deaccessionRationale,deaccession.deaccessionrationale,Deaccession Information > Deaccession rationale
lhmc_9-0,deaccession.deaccessionNote,deaccession.deaccessionnote,Deaccession Information > Deaccession note
lhmc_9-0,deaccession.deaccessionApprovalGroup,deaccession.deaccessionapprovalgroup,Deaccession Information > Deaccession approval group > Deaccession approval group
lhmc_9-0,deaccession.deaccessionApprovalIndividual,deaccession.deaccessionapprovalindividual,Deaccession Information > Deaccession approval group > Deaccession approval individual
lhmc_9-0,deaccession.deaccessionApprovalStatus,deaccession.deaccessionapprovalstatus,Deaccession Information > Deaccession approval group > Deaccession approval status
lhmc_9-0,deaccession.deaccessionApprovalDate,deaccession.deaccessionapprovaldate,Deaccession Information > Deaccession approval group > Deaccession approval date
lhmc_9-0,deaccession.deaccessionApprovalNote,deaccession.deaccessionapprovalnote,Deaccession Information > Deaccession approval group > Deaccession approval note
lhmc_9-0,deaccession.involvedParty,deaccession.involvedparty,Deaccession Information > Parties involved person
lhmc_9-0,deaccession.involvedOnBehalfOf,deaccession.involvedonbehalfof,Deaccession Information > Parties involved on behalf of
lhmc_9-0,deaccession.involvedRole,deaccession.involvedrole,Deaccession Information > Parties involved role
lhmc_9-0,deaccession.exitDate,deaccession.exitdate,Proposed Exit Details > Exit date
lhmc_9-0,deaccession.exitRecipient,deaccession.exitrecipient,Proposed Exit Details > Exit recipient
lhmc_9-0,deaccession.exitMethod,deaccession.exitmethod,Proposed Exit Details > Exit method
lhmc_9-0,exhibition.exhibitionNumber,exhibition.exhibitionnumber,Exhibition Information > Exhibition number
lhmc_9-0,exhibition.type,exhibition.type,Exhibition Information > Type
lhmc_9-0,exhibition.title,exhibition.title,Exhibition Information > Title
lhmc_9-0,exhibition.sponsor,exhibition.sponsor,Exhibition Information > Sponsor
lhmc_9-0,exhibition.organizer,exhibition.organizer,Exhibition Information > Organizer
lhmc_9-0,exhibition.publishTo,exhibition.publishto,Exhibition Information > Publish to
lhmc_9-0,exhibition.venue,exhibition.venue,Exhibition Information > Venue name
lhmc_9-0,exhibition.venueOpeningDate,exhibition.venueopeningdate,Exhibition Information > Venue opening date
lhmc_9-0,exhibition.venueClosingDate,exhibition.venueclosingdate,Exhibition Information > Venue closing date
lhmc_9-0,exhibition.venueAttendance,exhibition.venueattendance,Exhibition Information > Venue attendance
lhmc_9-0,exhibition.venueUrl,exhibition.venueurl,Exhibition Information > Venue web address
lhmc_9-0,exhibition.workingGroupTitle,exhibition.workinggrouptitle,Exhibition Information > Working group title
lhmc_9-0,exhibition.workingGroupNote,exhibition.workinggroupnote,Exhibition Information > Working group note
lhmc_9-0,exhibition.exhibitionPerson,exhibition.exhibitionperson,Exhibition Information > Working group member name
lhmc_9-0,exhibition.exhibitionPersonRole,exhibition.exhibitionpersonrole,Exhibition Information > Working group member role
lhmc_9-0,exhibition.planningNote,exhibition.planningnote,Exhibition Information > Planning note
lhmc_9-0,exhibition.curatorialNote,exhibition.curatorialnote,Exhibition Information > Curatorial note
lhmc_9-0,exhibition.generalNote,exhibition.generalnote,Exhibition Information > General note
lhmc_9-0,exhibition.boilerplateText,exhibition.boilerplatetext,Exhibition Information > Boilerplate text
lhmc_9-0,exhibition.restrictions,exhibition.restrictions,Exhibition Information > Restrictions
lhmc_9-0,exhibition.galleryRotationName,exhibition.galleryrotationname,Exhibition Information > Gallery rotation name
lhmc_9-0,exhibition.galleryRotationStartDateGroup,exhibition.galleryrotationstartdategroup,Exhibition Information > Gallery rotation start date
lhmc_9-0,exhibition.galleryRotationEndDateGroup,exhibition.galleryrotationenddategroup,Exhibition Information > Gallery rotation end date
lhmc_9-0,exhibition.galleryRotationNote,exhibition.galleryrotationnote,Exhibition Information > Gallery rotation note
lhmc_9-0,exhibition.exhibitionReference,exhibition.exhibitionreference,Exhibition Information > Bibliographic reference
lhmc_9-0,exhibition.exhibitionReferenceType,exhibition.exhibitionreferencetype,Exhibition Information > Bibliographic reference type
lhmc_9-0,exhibition.exhibitionReferenceNote,exhibition.exhibitionreferencenote,Exhibition Information > Bibliographic reference note
lhmc_9-0,exhibition.exhibitionSectionName,exhibition.exhibitionsectionname,Exhibition Planning Information > Exhibition section name
lhmc_9-0,exhibition.exhibitionSectionLocation,exhibition.exhibitionsectionlocation,Exhibition Planning Information > Exhibition section location
lhmc_9-0,exhibition.exhibitionSectionObjects,exhibition.exhibitionsectionobjects,Exhibition Planning Information > Exhibition section objects
lhmc_9-0,exhibition.exhibitionSectionNote,exhibition.exhibitionsectionnote,Exhibition Planning Information > Exhibition section note
lhmc_9-0,exhibition.exhibitionStatus,exhibition.exhibitionstatus,Exhibition Planning Information > Exhibition status
lhmc_9-0,exhibition.exhibitionStatusDate,exhibition.exhibitionstatusdate,Exhibition Planning Information > Exhibition status date
lhmc_9-0,exhibition.exhibitionStatusNote,exhibition.exhibitionstatusnote,Exhibition Planning Information > Exhibition status note
lhmc_9-0,exhibition.exhibitionObjectNumber,exhibition.exhibitionobjectnumber,Exhibited Object Information > Object number
lhmc_9-0,exhibition.exhibitionObjectName,exhibition.exhibitionobjectname,Exhibited Object Information > Object name
lhmc_9-0,exhibition.exhibitionObjectConsCheckDate,exhibition.exhibitionobjectconscheckdate,Exhibited Object Information > Object cons. check
lhmc_9-0,exhibition.exhibitionObjectConsTreatment,exhibition.exhibitionobjectconstreatment,Exhibited Object Information > Object cons. treatment
lhmc_9-0,exhibition.exhibitionObjectMount,exhibition.exhibitionobjectmount,Exhibited Object Information > Object mount
lhmc_9-0,exhibition.exhibitionObjectSection,exhibition.exhibitionobjectsection,Exhibited Object Information > Object section
lhmc_9-0,exhibition.exhibitionObjectCase,exhibition.exhibitionobjectcase,Exhibited Object Information > Object case
lhmc_9-0,exhibition.exhibitionObjectSeqNum,exhibition.exhibitionobjectseqnum,Exhibited Object Information > Object seq. #
lhmc_9-0,exhibition.exhibitionObjectRotation,exhibition.exhibitionobjectrotation,Exhibited Object Information > Object rotation
lhmc_9-0,exhibition.exhibitionObjectNote,exhibition.exhibitionobjectnote,Exhibited Object Information > Object note
lhmc_9-0,exit.exitNumber,exit.exitnumber,Object Exit Information > Exit number
lhmc_9-0,exit.exitDate,exit.exitdate,Object Exit Information > Exit date
lhmc_9-0,exit.reason,exit.reason,Object Exit Information > Exit reason
lhmc_9-0,exit.method,exit.method,Object Exit Information > Exit method
lhmc_9-0,exit.owner,exit.owner,Object Exit Information > Owner after exit
lhmc_9-0,exit.agent,exit.agent,Object Exit Information > Exit agent name
lhmc_9-0,exit.role,exit.role,Object Exit Information > Exit agent role
lhmc_9-0,exit.exitCountNote,exit.exitcountnote,Object Exit Information > Exit count note
lhmc_9-0,exit.note,exit.note,Object Exit Information > Note
lhmc_9-0,exit.group,exit.group,Object Exit Information > Approval status group
lhmc_9-0,exit.individual,exit.individual,Object Exit Information > Approval status individual
lhmc_9-0,exit.status,exit.status,Object Exit Information > Approval status
lhmc_9-0,exit.date,exit.date,Object Exit Information > Approval status date
lhmc_9-0,exit.approvalStatusNote,exit.approvalstatusnote,Object Exit Information > Approval status note
lhmc_9-0,exit.saleCurrency,exit.salecurrency,Sale Information > Sale/auction currency
lhmc_9-0,exit.saleValue,exit.salevalue,Sale Information > Sale/auction value
lhmc_9-0,exit.saleDate,exit.saledate,Sale Information > Sale/auction date
lhmc_9-0,exit.saleNumber,exit.salenumber,Sale Information > Sale/auction number
lhmc_9-0,exit.saleLot,exit.salelot,Sale Information > Sale/auction lot
lhmc_9-0,exit.saleNote,exit.salenote,Sale Information > Sale/auction note
lhmc_9-0,group.title,group.title,Group Information > Title
lhmc_9-0,group.responsibleDepartment,group.responsibledepartment,Group Information > Responsible department
lhmc_9-0,group.owner,group.owner,Group Information > Group owner
lhmc_9-0,group.groupEarliestSingleDate,group.groupearliestsingledate,Group Information > Earliest/single date
lhmc_9-0,group.groupLatestDate,group.grouplatestdate,Group Information > Latest date
lhmc_9-0,group.scopeNote,group.scopenote,Group Information > Scope note
lhmc_9-0,insurance.insuranceIndemnityReferenceNumber,insurance.insuranceindemnityreferencenumber,Insurance and Indemnity Information > Reference number
lhmc_9-0,insurance.insuranceIndemnityType,insurance.insuranceindemnitytype,Insurance and Indemnity Information > Type
lhmc_9-0,insurance.insurerIndemnifier,insurance.insurerindemnifier,Insurance and Indemnity Information > Insurer/indemnifier
lhmc_9-0,insurance.insuranceIndemnityPolicyNumber,insurance.insuranceindemnitypolicynumber,Insurance and Indemnity Information > Policy number
lhmc_9-0,insurance.insuranceIndemnityCurrency,insurance.insuranceindemnitycurrency,Insurance and Indemnity Information > Insurance/indemnity price > Insurance/indemnity price currency
lhmc_9-0,insurance.insuranceIndemnityValue,insurance.insuranceindemnityvalue,Insurance and Indemnity Information > Insurance/indemnity price > Insurance/indemnity price value
lhmc_9-0,insurance.minimumLiabilityCurrency,insurance.minimumliabilitycurrency,Insurance and Indemnity Information > Minimum liability price > Minimum liability price currency
lhmc_9-0,insurance.minimumLiabilityValue,insurance.minimumliabilityvalue,Insurance and Indemnity Information > Minimum liability price > Minimum liability price value
lhmc_9-0,insurance.insuranceIndemnityAuthorizer,insurance.insuranceindemnityauthorizer,Insurance and Indemnity Information > Authorization > Authorizer
lhmc_9-0,insurance.insuranceIndemnityAuthorizationDate,insurance.insuranceindemnityauthorizationdate,Insurance and Indemnity Information > Authorization > Authorization date
lhmc_9-0,insurance.insuranceIndemnityStatus,insurance.insuranceindemnitystatus,Insurance and Indemnity Information > Status type
lhmc_9-0,insurance.insuranceIndemnityStatusDate,insurance.insuranceindemnitystatusdate,Insurance and Indemnity Information > Status date
lhmc_9-0,insurance.insuranceIndemnityStatusNote,insurance.insuranceindemnitystatusnote,Insurance and Indemnity Information > Status note
lhmc_9-0,insurance.insuranceIndemnityNote,insurance.insuranceindemnitynote,Insurance and Indemnity Information > Note
lhmc_9-0,insurance.insuranceIndemnityQuoteProvider,insurance.insuranceindemnityquoteprovider,Insurance and Indemnity Information > Quote provider
lhmc_9-0,insurance.insuranceIndemnityQuoteCurrency,insurance.insuranceindemnityquotecurrency,Insurance and Indemnity Information > Quote currency
lhmc_9-0,insurance.insuranceIndemnityQuoteValue,insurance.insuranceindemnityquotevalue,Insurance and Indemnity Information > Quote value
lhmc_9-0,insurance.insuranceIndemnityQuoteDate,insurance.insuranceindemnityquotedate,Insurance and Indemnity Information > Quote date
lhmc_9-0,intake.entryNumber,intake.entrynumber,Object Entry Information > Entry number
lhmc_9-0,intake.entryDate,intake.entrydate,Object Entry Information > Received date
lhmc_9-0,intake.receivedBy,intake.receivedby,Object Entry Information > Received by
lhmc_9-0,intake.entryReason,intake.entryreason,Object Entry Information > Entry reason
lhmc_9-0,intake.entryMethod,intake.entrymethod,Object Entry Information > Received as
lhmc_9-0,intake.returnDate,intake.returndate,Object Entry Information > Return by
lhmc_9-0,intake.currentOwner,intake.currentowner,Object Entry Information > Source
lhmc_9-0,intake.depositor,intake.depositor,Object Entry Information > Depositor name
lhmc_9-0,intake.depositorsRequirements,intake.depositorsrequirements,Object Entry Information > Depositor requirements
lhmc_9-0,intake.intakeStatus,intake.intakestatus,Object Entry Information > Intake status
lhmc_9-0,intake.approvalGroup,intake.approvalgroup,Object Entry Information > Approval group > Approval group
lhmc_9-0,intake.approvalIndividual,intake.approvalindividual,Object Entry Information > Approval group > Approval individual
lhmc_9-0,intake.approvalStatus,intake.approvalstatus,Object Entry Information > Approval group > Approval status
lhmc_9-0,intake.approvalDate,intake.approvaldate,Object Entry Information > Approval group > Approval status date
lhmc_9-0,intake.approvalNote,intake.approvalnote,Object Entry Information > Approval group > Approval note
lhmc_9-0,intake.entryNote,intake.entrynote,Object Entry Information > Note
lhmc_9-0,intake.packingNote,intake.packingnote,Object Entry Information > Packing note
lhmc_9-0,intake.valuer,intake.valuer,Valuation Information > Valuer
lhmc_9-0,intake.insurer,intake.insurer,Insurance Information > Insurance company
lhmc_9-0,intake.insurancePolicyNumber,intake.insurancepolicynumber,Insurance Information > Insurance policy number
lhmc_9-0,intake.insuranceRenewalDate,intake.insurancerenewaldate,Insurance Information > Insurance policy expiration date
lhmc_9-0,intake.premiumCurrency,intake.premiumcurrency,Insurance Information > Premium currency
lhmc_9-0,intake.premiumValue,intake.premiumvalue,Insurance Information > Premium value
lhmc_9-0,intake.insuranceNote,intake.insurancenote,Insurance Information > Insurance note
lhmc_9-0,intake.insuredBy,intake.insuredby,Insurance Information > Insured by
lhmc_9-0,intake.insuredValueCurrency,intake.insuredvaluecurrency,Insurance Information > Insured value currency
lhmc_9-0,intake.insuredValue,intake.insuredvalue,Insurance Information > Insured value
lhmc_9-0,intake.currentLocation,intake.currentlocation,Location Information > Interim location
lhmc_9-0,intake.currentLocationFitness,intake.currentlocationfitness,Location Information > Interim location fitness
lhmc_9-0,intake.currentLocationNote,intake.currentlocationnote,Location Information > Current location note
lhmc_9-0,intake.locationDate,intake.locationdate,Location Information > Inventoried date
lhmc_9-0,intake.inventoriedBy,intake.inventoriedby,Location Information > Inventoried by
lhmc_9-0,intake.conditionCheckMethod,intake.conditioncheckmethod,Condition Check Information > Condition check method
lhmc_9-0,intake.conditionCheckReason,intake.conditioncheckreason,Condition Check Information > Condition check reason
lhmc_9-0,intake.conditionCheckerOrAssessor,intake.conditioncheckerorassessor,Condition Check Information > Condition check by
lhmc_9-0,intake.conditionCheckDate,intake.conditioncheckdate,Condition Check Information > Condition check date
lhmc_9-0,intake.conditionCheckReferenceNumber,intake.conditioncheckreferencenumber,Condition Check Information > Condition check reference number
lhmc_9-0,intake.intakeCondition,intake.intakecondition,Condition Check Information > Condition
lhmc_9-0,intake.conditionCheckNote,intake.conditionchecknote,Condition Check Information > Condition check note
lhmc_9-0,loanin.loanInNumber,loanin.loaninnumber,Loan In Information > Loan in number
lhmc_9-0,loanin.loanPurpose,loanin.loanpurpose,Loan In Information > Loan purpose
lhmc_9-0,loanin.loaninStatusLHMC,loanin.loaninstatuslhmc,Loan In Information > Loan status
lhmc_9-0,loanin.loaninStatusDateLHMC,loanin.loaninstatusdatelhmc,Loan In Information > Loan status date
lhmc_9-0,loanin.loaninStatusAuthorizerLHMC,loanin.loaninstatusauthorizerlhmc,Loan In Information > Loan status authorizer
lhmc_9-0,loanin.loaninStatusNoteLHMC,loanin.loaninstatusnotelhmc,Loan In Information > Loan status note
lhmc_9-0,loanin.lender,loanin.lender,Loan In Information > Lender name
lhmc_9-0,loanin.lendersContact,loanin.lenderscontact,Loan In Information > Lender contact
lhmc_9-0,loanin.lendersAuthorizer,loanin.lendersauthorizer,Loan In Information > Lender authorizer
lhmc_9-0,loanin.lendersAuthorizationDate,loanin.lendersauthorizationdate,Loan In Information > Lender authorization date
lhmc_9-0,loanin.borrowersContact,loanin.borrowerscontact,Loan In Information > Borrower > Borrower contact
lhmc_9-0,loanin.borrowersAuthorizer,loanin.borrowersauthorizer,Loan In Information > Borrower > Borrower authorizer
lhmc_9-0,loanin.borrowersAuthorizationDate,loanin.borrowersauthorizationdate,Loan In Information > Borrower > Borrower authorization date
lhmc_9-0,loanin.loanInConditions,loanin.loaninconditions,Loan In Information > Conditions of loan
lhmc_9-0,loanin.loanInNote,loanin.loaninnote,Loan In Information > Note
lhmc_9-0,loanin.loanInDate,loanin.loanindate,Loan In Information > Loan in date
lhmc_9-0,loanin.loanReturnDate,loanin.loanreturndate,Loan In Information > Loan return date
lhmc_9-0,loanin.loanRenewalApplicationDate,loanin.loanrenewalapplicationdate,Loan In Information > Loan renewal application date
lhmc_9-0,loanin.creditLine,loanin.creditline,Loan In Information > Credit line
lhmc_9-0,loanout.loanOutNumber,loanout.loanoutnumber,Loan Out Information > Loan out number
lhmc_9-0,loanout.loanPurpose,loanout.loanpurpose,Loan Out Information > Loan purpose
lhmc_9-0,loanout.lendersAuthorizer,loanout.lendersauthorizer,Loan Out Information > Lender > Lender authorizer
lhmc_9-0,loanout.lendersContact,loanout.lenderscontact,Loan Out Information > Lender > Lender contact
lhmc_9-0,loanout.lendersAuthorizationDate,loanout.lendersauthorizationdate,Loan Out Information > Lender > Lender authorization date
lhmc_9-0,loanout.borrower,loanout.borrower,Loan Out Information > Borrower > Borrower name
lhmc_9-0,loanout.borrowersContact,loanout.borrowerscontact,Loan Out Information > Borrower > Borrower contact
lhmc_9-0,loanout.borrowersAuthorizer,loanout.borrowersauthorizer,Loan Out Information > Borrower > Borrower authorizer
lhmc_9-0,loanout.borrowersAuthorizationDate,loanout.borrowersauthorizationdate,Loan Out Information > Borrower > Borrower authorization date
lhmc_9-0,loanout.specialConditionsOfLoan,loanout.specialconditionsofloan,Loan Out Information > Conditions of loan
lhmc_9-0,loanout.loanOutNote,loanout.loanoutnote,Loan Out Information > Note
lhmc_9-0,loanout.loanoutStatusLHMC,loanout.loanoutstatuslhmc,Loan Out Information > Loan status
lhmc_9-0,loanout.loanoutStatusDateLHMC,loanout.loanoutstatusdatelhmc,Loan Out Information > Loan status date
lhmc_9-0,loanout.loanoutStatusAuthorizerLHMC,loanout.loanoutstatusauthorizerlhmc,Loan Out Information > Loan status authorizer
lhmc_9-0,loanout.loanoutStatusNoteLHMC,loanout.loanoutstatusnotelhmc,Loan Out Information > Loan status note
lhmc_9-0,loanout.loanOutDate,loanout.loanoutdate,Loan Out Information > Loan out date
lhmc_9-0,loanout.loanReturnDate,loanout.loanreturndate,Loan Out Information > Loan return date
lhmc_9-0,loanout.loanRenewalApplicationDate,loanout.loanrenewalapplicationdate,Loan Out Information > Loan renewal application date
lhmc_9-0,loanout.creditLine,loanout.creditline,Loan Out Information > Credit line
lhmc_9-0,location.termDisplayName,location.termdisplayname,Storage Location Information > Term display name
lhmc_9-0,location.termName,location.termname,Storage Location Information > Term name
lhmc_9-0,location.termQualifier,location.termqualifier,Storage Location Information > Term qualifier
lhmc_9-0,location.termStatus,location.termstatus,Storage Location Information > Term status
lhmc_9-0,location.termType,location.termtype,Storage Location Information > Term type
lhmc_9-0,location.termFlag,location.termflag,Storage Location Information > Term flag
lhmc_9-0,location.termLanguage,location.termlanguage,Storage Location Information > Term language
lhmc_9-0,location.termPrefForLang,location.termprefforlang,Storage Location Information > Term preferred for lang
lhmc_9-0,location.termSource,location.termsource,Storage Location Information > Source > Term source name
lhmc_9-0,location.termSourceDetail,location.termsourcedetail,Storage Location Information > Source > Term source detail
lhmc_9-0,location.termSourceID,location.termsourceid,Storage Location Information > Source > Term source ID
lhmc_9-0,location.termSourceNote,location.termsourcenote,Storage Location Information > Source > Term source note
lhmc_9-0,location.locationType,location.locationtype,Storage Location Information > Storage location type
lhmc_9-0,location.securityNote,location.securitynote,Storage Location Information > Security note
lhmc_9-0,location.address,location.address,Storage Location Information > Address
lhmc_9-0,location.accessNote,location.accessnote,Storage Location Information > Access note
lhmc_9-0,location.conditionNote,location.conditionnote,Storage Location Information > Condition note
lhmc_9-0,location.conditionNoteDate,location.conditionnotedate,Storage Location Information > Condition note date
lhmc_9-0,media.identificationNumber,media.identificationnumber,Media Handling Information > Identification number
lhmc_9-0,media.title,media.title,Media Handling Information > Title
lhmc_9-0,media.publishTo,media.publishto,Media Handling Information > Publish to
lhmc_9-0,media.name,media.name,File Information > Name
lhmc_9-0,media.mimeType,media.mimetype,File Information > Type
lhmc_9-0,media.length,media.length,File Information > Size
lhmc_9-0,media.externalUrl,media.externalurl,Media Handling Information > External URL
lhmc_9-0,media.measuredPart,media.measuredpart,Media Handling Information > Measured part
lhmc_9-0,media.dimensionSummary,media.dimensionsummary,Media Handling Information > Dimension summary
lhmc_9-0,media.dimension,media.dimension,Media Handling Information > Measurement dimension
lhmc_9-0,media.measuredBy,media.measuredby,Media Handling Information > Measured by
lhmc_9-0,media.measurementMethod,media.measurementmethod,Media Handling Information > Measurement method
lhmc_9-0,media.value,media.value,Media Handling Information > Measurement value
lhmc_9-0,media.measurementUnit,media.measurementunit,Media Handling Information > Measurement unit
lhmc_9-0,media.valueQualifier,media.valuequalifier,Media Handling Information > Measurement qualifier
lhmc_9-0,media.valueDate,media.valuedate,Media Handling Information > Measurement date
lhmc_9-0,media.measuredPartNote,media.measuredpartnote,Media Handling Information > Dimension note
lhmc_9-0,media.checksumValue,media.checksumvalue,Media Handling Information > Checksum value
lhmc_9-0,media.checksumType,media.checksumtype,Media Handling Information > Checksum type
lhmc_9-0,media.checksumDate,media.checksumdate,Media Handling Information > Checksum date
lhmc_9-0,media.contributor,media.contributor,Media Handling Information > Contributor
lhmc_9-0,media.creator,media.creator,Media Handling Information > Creator
lhmc_9-0,media.language,media.language,Media Handling Information > Language
lhmc_9-0,media.publisher,media.publisher,Media Handling Information > Publisher
lhmc_9-0,media.relation,media.relation,Media Handling Information > Relation
lhmc_9-0,media.copyrightStatement,media.copyrightstatement,Media Handling Information > Copyright statement
lhmc_9-0,media.type,media.type,Media Handling Information > Type
lhmc_9-0,media.coverage,media.coverage,Media Handling Information > Coverage
lhmc_9-0,media.dateGroup,media.dategroup,Media Handling Information > Date
lhmc_9-0,media.source,media.source,Media Handling Information > Source
lhmc_9-0,media.subject,media.subject,Media Handling Information > Subject
lhmc_9-0,media.rightsHolder,media.rightsholder,Media Handling Information > Rights holder
lhmc_9-0,media.description,media.description,Media Handling Information > Description
lhmc_9-0,media.altText,media.alttext,Media Handling Information > Alt text
lhmc_9-0,media.mediaFileURI,media.mediafileuri,""
lhmc_9-0,movement.movementReferenceNumber,movement.movementreferencenumber,Object Location Information > Reference number
lhmc_9-0,movement.normalLocation,movement.normallocation,Object Location Information > Normal location
lhmc_9-0,movement.currentLocation,movement.currentlocation,Object Location Information > Current location > Current location
lhmc_9-0,movement.currentLocationFitness,movement.currentlocationfitness,Object Location Information > Current location > Current location fitness
lhmc_9-0,movement.currentLocationNote,movement.currentlocationnote,Object Location Information > Current location > Current location note
lhmc_9-0,movement.locationDate,movement.locationdate,Object Location Information > Location date
lhmc_9-0,movement.reasonForMove,movement.reasonformove,Movement Information > Reason for move
lhmc_9-0,movement.movementMethod,movement.movementmethod,Movement Information > Movement method
lhmc_9-0,movement.plannedRemovalDate,movement.plannedremovaldate,Movement Information > Planned removal date
lhmc_9-0,movement.removalDate,movement.removaldate,Movement Information > Removal date
lhmc_9-0,movement.tempLocAuthorizedBy,movement.templocauthorizedby,Movement Information > Location authorized by
lhmc_9-0,movement.movementContact,movement.movementcontact,Movement Information > Movement contact
lhmc_9-0,movement.movementNote,movement.movementnote,Movement Information > Movement note
lhmc_9-0,movement.inventoryActionRequired,movement.inventoryactionrequired,Inventory Information > Inventory action required
lhmc_9-0,movement.frequencyForInventory,movement.frequencyforinventory,Inventory Information > Inventory frequency
lhmc_9-0,movement.inventoryDate,movement.inventorydate,Inventory Information > Inventory date
lhmc_9-0,movement.nextInventoryDate,movement.nextinventorydate,Inventory Information > Next inventory date
lhmc_9-0,movement.inventoryContact,movement.inventorycontact,Inventory Information > Inventory contact
lhmc_9-0,movement.inventoryNote,movement.inventorynote,Inventory Information > Inventory note
lhmc_9-0,objectexit.exitNumber,objectexit.exitnumber,Object Exit Information > Exit number
lhmc_9-0,objectexit.exitDateGroup,objectexit.exitdategroup,Object Exit Information > Exit date
lhmc_9-0,objectexit.exitReason,objectexit.exitreason,Object Exit Information > Exit reason
lhmc_9-0,objectexit.exitMethod,objectexit.exitmethod,Object Exit Information > Exit method
lhmc_9-0,objectexit.exitQuantity,objectexit.exitquantity,Object Exit Information > Exit quantity
lhmc_9-0,objectexit.currentOwner,objectexit.currentowner,Object Exit Information > Current owner
lhmc_9-0,objectexit.depositor,objectexit.depositor,Object Exit Information > Depositor
lhmc_9-0,objectexit.exitNote,objectexit.exitnote,Object Exit Information > Exit note
lhmc_9-0,objectexit.packingNote,objectexit.packingnote,Object Exit Information > Packing note
lhmc_9-0,objectexit.displosalNewObjectNumber,objectexit.displosalnewobjectnumber,Deaccession and Disposal Information > Disposal new object number
lhmc_9-0,objectexit.deaccessionAuthorizer,objectexit.deaccessionauthorizer,Deaccession and Disposal Information > Deaccession authorizer
lhmc_9-0,objectexit.authorizationDate,objectexit.authorizationdate,Deaccession and Disposal Information > Authorization date
lhmc_9-0,objectexit.deaccessionApprovalGroup,objectexit.deaccessionapprovalgroup,Deaccession and Disposal Information > Deaccession approval group
lhmc_9-0,objectexit.deaccessionApprovalIndividual,objectexit.deaccessionapprovalindividual,Deaccession and Disposal Information > Deaccession approval individual
lhmc_9-0,objectexit.deaccessionApprovalStatus,objectexit.deaccessionapprovalstatus,Deaccession and Disposal Information > Deaccession approval status
lhmc_9-0,objectexit.deaccessionApprovalDate,objectexit.deaccessionapprovaldate,Deaccession and Disposal Information > Deaccession approval status date
lhmc_9-0,objectexit.deaccessionApprovalNote,objectexit.deaccessionapprovalnote,Deaccession and Disposal Information > Deaccession approval note
lhmc_9-0,objectexit.deaccessionDate,objectexit.deaccessiondate,Deaccession and Disposal Information > Deaccession date
lhmc_9-0,objectexit.disposalDate,objectexit.disposaldate,Deaccession and Disposal Information > Disposal date
lhmc_9-0,objectexit.disposalMethod,objectexit.disposalmethod,Deaccession and Disposal Information > Disposal method
lhmc_9-0,objectexit.displosalReason,objectexit.displosalreason,Deaccession and Disposal Information > Disposal reason
lhmc_9-0,objectexit.disposalProposedRecipient,objectexit.disposalproposedrecipient,Deaccession and Disposal Information > Disposal proposed recipient
lhmc_9-0,objectexit.disposalRecipient,objectexit.disposalrecipient,Deaccession and Disposal Information > Disposal recipient
lhmc_9-0,objectexit.disposalCurrency,objectexit.disposalcurrency,Deaccession and Disposal Information > Disposal > Disposal currency
lhmc_9-0,objectexit.displosalValue,objectexit.displosalvalue,Deaccession and Disposal Information > Disposal > Disposal value
lhmc_9-0,objectexit.groupDisposalCurrency,objectexit.groupdisposalcurrency,Deaccession and Disposal Information > Group disposal > Group disposal currency
lhmc_9-0,objectexit.groupDisplosalValue,objectexit.groupdisplosalvalue,Deaccession and Disposal Information > Group disposal > Group disposal value
lhmc_9-0,objectexit.displosalProvisos,objectexit.displosalprovisos,Deaccession and Disposal Information > Disposal provisos
lhmc_9-0,objectexit.displosalNote,objectexit.displosalnote,Deaccession and Disposal Information > Disposal note
lhmc_9-0,organization.termDisplayName,organization.termdisplayname,Organization Information > Term display name
lhmc_9-0,organization.termName,organization.termname,Organization Information > Term name
lhmc_9-0,organization.termQualifier,organization.termqualifier,Organization Information > Term qualifier
lhmc_9-0,organization.termStatus,organization.termstatus,Organization Information > Term status
lhmc_9-0,organization.termType,organization.termtype,Organization Information > Term type
lhmc_9-0,organization.termFlag,organization.termflag,Organization Information > Term flag
lhmc_9-0,organization.termLanguage,organization.termlanguage,Organization Information > Term language
lhmc_9-0,organization.termPrefForLang,organization.termprefforlang,Organization Information > Term preferred for lang
lhmc_9-0,organization.mainBodyName,organization.mainbodyname,Organization Information > Name detail > Term main body name
lhmc_9-0,organization.additionsToName,organization.additionstoname,Organization Information > Name detail > Term name addition
lhmc_9-0,organization.termSource,organization.termsource,Organization Information > Source > Term source name
lhmc_9-0,organization.termSourceDetail,organization.termsourcedetail,Organization Information > Source > Term source detail
lhmc_9-0,organization.termSourceID,organization.termsourceid,Organization Information > Source > Term source ID
lhmc_9-0,organization.termSourceNote,organization.termsourcenote,Organization Information > Source > Term source note
lhmc_9-0,organization.organizationRecordType,organization.organizationrecordtype,Organization Information > Organization type
lhmc_9-0,organization.foundingDateGroup,organization.foundingdategroup,Organization Information > Foundation date
lhmc_9-0,organization.foundingPlace,organization.foundingplace,Organization Information > Foundation place
lhmc_9-0,organization.dissolutionDateGroup,organization.dissolutiondategroup,Organization Information > Dissolution date
lhmc_9-0,organization.nameNote,organization.namenote,Organization Information > Name note
lhmc_9-0,organization.group,organization.group,Organization Information > Group
lhmc_9-0,organization.function,organization.function,Organization Information > Function
lhmc_9-0,organization.historyNote,organization.historynote,Organization Information > History
lhmc_9-0,organization.contactName,organization.contactname,Organization Information > Contact name
lhmc_9-0,organization.contactRole,organization.contactrole,Organization Information > Contact role
lhmc_9-0,organization.contactDateGroup,organization.contactdategroup,Organization Information > Contact date
lhmc_9-0,organization.contactEndDateGroup,organization.contactenddategroup,Organization Information > Contact end date
lhmc_9-0,organization.contactStatus,organization.contactstatus,Organization Information > Contact status
lhmc_9-0,organization.email,organization.email,Contact Information > Organization Information > Address
lhmc_9-0,organization.emailType,organization.emailtype,Contact Information > Organization Information > Type
lhmc_9-0,organization.telephoneNumber,organization.telephonenumber,Contact Information > Organization Information > Number
lhmc_9-0,organization.telephoneNumberType,organization.telephonenumbertype,Contact Information > Organization Information > Type
lhmc_9-0,organization.faxNumber,organization.faxnumber,Contact Information > Organization Information > Number
lhmc_9-0,organization.faxNumberType,organization.faxnumbertype,Contact Information > Organization Information > Type
lhmc_9-0,organization.webAddress,organization.webaddress,Contact Information > Organization Information > URL
lhmc_9-0,organization.webAddressType,organization.webaddresstype,Contact Information > Organization Information > Type
lhmc_9-0,organization.addressPlace1,organization.addressplace1,Contact Information > Organization Information > Line 1
lhmc_9-0,organization.addressPlace2,organization.addressplace2,Contact Information > Organization Information > Line 2
lhmc_9-0,organization.addressMunicipality,organization.addressmunicipality,Contact Information > Organization Information > Municipality
lhmc_9-0,organization.addressStateOrProvince,organization.addressstateorprovince,Contact Information > Organization Information > State/province
lhmc_9-0,organization.addressPostCode,organization.addresspostcode,Contact Information > Organization Information > Postal code
lhmc_9-0,organization.addressCountry,organization.addresscountry,Contact Information > Organization Information > Country
lhmc_9-0,organization.addressType,organization.addresstype,Contact Information > Organization Information > Type
lhmc_9-0,person.termDisplayName,person.termdisplayname,Person Information > Term full name
lhmc_9-0,person.termName,person.termname,Person Information > Term name
lhmc_9-0,person.termQualifier,person.termqualifier,Person Information > Term qualifier
lhmc_9-0,person.termStatus,person.termstatus,Person Information > Term status
lhmc_9-0,person.termType,person.termtype,Person Information > Term type
lhmc_9-0,person.termFlag,person.termflag,Person Information > Term flag
lhmc_9-0,person.termLanguage,person.termlanguage,Person Information > Term language
lhmc_9-0,person.termPrefForLang,person.termprefforlang,Person Information > Term preferred for lang
lhmc_9-0,person.salutation,person.salutation,Person Information > Name detail > Term salutation
lhmc_9-0,person.title,person.title,Person Information > Name detail > Term title
lhmc_9-0,person.foreName,person.forename,Person Information > Name detail > Term forename
lhmc_9-0,person.middleName,person.middlename,Person Information > Name detail > Term middle name
lhmc_9-0,person.surName,person.surname,Person Information > Name detail > Term surname
lhmc_9-0,person.nameAdditions,person.nameadditions,Person Information > Name detail > Term name addition
lhmc_9-0,person.initials,person.initials,Person Information > Name detail > Term initials
lhmc_9-0,person.termSource,person.termsource,Person Information > Source > Term source name
lhmc_9-0,person.termSourceDetail,person.termsourcedetail,Person Information > Source > Term source detail
lhmc_9-0,person.termSourceID,person.termsourceid,Person Information > Source > Term source ID
lhmc_9-0,person.termSourceNote,person.termsourcenote,Person Information > Source > Term source note
lhmc_9-0,person.gender,person.gender,Person Information > Gender
lhmc_9-0,person.occupation,person.occupation,Person Information > Occupation/sphere of activity
lhmc_9-0,person.schoolOrStyle,person.schoolorstyle,Person Information > School/style
lhmc_9-0,person.group,person.group,Person Information > Group
lhmc_9-0,person.nationality,person.nationality,Person Information > Nationality
lhmc_9-0,person.publicationsPerson,person.publicationsperson,Person Information > Publication name
lhmc_9-0,person.publicationsPersonNote,person.publicationspersonnote,Person Information > Publication note
lhmc_9-0,person.nameNote,person.namenote,Person Information > Name note
lhmc_9-0,person.relatedPerson,person.relatedperson,Person Information > Related person > Related person name
lhmc_9-0,person.relationshipType,person.relationshiptype,Person Information > Related person > Related person type
lhmc_9-0,person.relationshipNote,person.relationshipnote,Person Information > Related person > Related person note
lhmc_9-0,person.placeOrResidence,person.placeorresidence,Person Information > Place and/or geographical area of residence > Place/geographical area of residence name
lhmc_9-0,person.placeNote,person.placenote,Person Information > Place and/or geographical area of residence > Place/geographical area of residence note
lhmc_9-0,person.birthDateGroup,person.birthdategroup,Person Information > Born
lhmc_9-0,person.birthPlace,person.birthplace,Person Information > Where born
lhmc_9-0,person.deathDateGroup,person.deathdategroup,Person Information > Died
lhmc_9-0,person.deathPlace,person.deathplace,Person Information > Where died
lhmc_9-0,person.bioNote,person.bionote,Person Information > Note
lhmc_9-0,person.email,person.email,Contact Information > Person Information > Address
lhmc_9-0,person.emailType,person.emailtype,Contact Information > Person Information > Type
lhmc_9-0,person.telephoneNumber,person.telephonenumber,Contact Information > Person Information > Number
lhmc_9-0,person.telephoneNumberType,person.telephonenumbertype,Contact Information > Person Information > Type
lhmc_9-0,person.faxNumber,person.faxnumber,Contact Information > Person Information > Number
lhmc_9-0,person.faxNumberType,person.faxnumbertype,Contact Information > Person Information > Type
lhmc_9-0,person.webAddress,person.webaddress,Contact Information > Person Information > URL
lhmc_9-0,person.webAddressType,person.webaddresstype,Contact Information > Person Information > Type
lhmc_9-0,person.addressPlace1,person.addressplace1,Contact Information > Person Information > Line 1
lhmc_9-0,person.addressPlace2,person.addressplace2,Contact Information > Person Information > Line 2
lhmc_9-0,person.addressMunicipality,person.addressmunicipality,Contact Information > Person Information > Municipality
lhmc_9-0,person.addressStateOrProvince,person.addressstateorprovince,Contact Information > Person Information > State/province
lhmc_9-0,person.addressPostCode,person.addresspostcode,Contact Information > Person Information > Postal code
lhmc_9-0,person.addressCountry,person.addresscountry,Contact Information > Person Information > Country
lhmc_9-0,person.addressType,person.addresstype,Contact Information > Person Information > Type
lhmc_9-0,person.declinedToAnswerPronoun,person.declinedtoanswerpronoun,Maker-Supplied Identity Information > Pronoun supplied declined to answer
lhmc_9-0,person.suppliedPronoun,person.suppliedpronoun,Maker-Supplied Identity Information > Pronoun supplied
lhmc_9-0,person.useRestrictionPronoun,person.userestrictionpronoun,Maker-Supplied Identity Information > Pronoun supplied use restriction
lhmc_9-0,person.declinedToAnswerGender,person.declinedtoanswergender,Maker-Supplied Identity Information > Gender supplied declined to answer
lhmc_9-0,person.suppliedGender,person.suppliedgender,Maker-Supplied Identity Information > Gender supplied
lhmc_9-0,person.useRestrictionGender,person.userestrictiongender,Maker-Supplied Identity Information > Gender supplied use restriction
lhmc_9-0,person.declinedToAnswerRace,person.declinedtoanswerrace,Maker-Supplied Identity Information > Race supplied declined to answer
lhmc_9-0,person.suppliedRace,person.suppliedrace,Maker-Supplied Identity Information > Race supplied
lhmc_9-0,person.useRestrictionRace,person.userestrictionrace,Maker-Supplied Identity Information > Race supplied use restriction
lhmc_9-0,person.declinedToAnswerEthnicity,person.declinedtoanswerethnicity,Maker-Supplied Identity Information > Ethnicity supplied declined to answer
lhmc_9-0,person.suppliedEthnicity,person.suppliedethnicity,Maker-Supplied Identity Information > Ethnicity supplied
lhmc_9-0,person.useRestrictionEthnicity,person.userestrictionethnicity,Maker-Supplied Identity Information > Ethnicity supplied use restriction
lhmc_9-0,person.declinedToAnswerSexuality,person.declinedtoanswersexuality,Maker-Supplied Identity Information > Sexuality supplied declined to answer
lhmc_9-0,person.suppliedSexuality,person.suppliedsexuality,Maker-Supplied Identity Information > Sexuality supplied
lhmc_9-0,person.useRestrictionSexuality,person.userestrictionsexuality,Maker-Supplied Identity Information > Sexuality supplied use restriction
lhmc_9-0,person.declinedToAnswerBirthPlace,person.declinedtoanswerbirthplace,Maker-Supplied Identity Information > Birth place supplied declined to answer
lhmc_9-0,person.suppliedBirthPlace,person.suppliedbirthplace,Maker-Supplied Identity Information > Birth place supplied
lhmc_9-0,person.useRestrictionBirthPlace,person.userestrictionbirthplace,Maker-Supplied Identity Information > Birth place supplied use restriction
lhmc_9-0,person.declinedToAnswerBirthDate,person.declinedtoanswerbirthdate,Maker-Supplied Identity Information > Birth date supplied declined to answer
lhmc_9-0,person.suppliedStructuredBirthDateGroup,person.suppliedstructuredbirthdategroup,Maker-Supplied Identity Information > Birth date supplied
lhmc_9-0,person.useRestrictionBirthDate,person.userestrictionbirthdate,Maker-Supplied Identity Information > Birth date supplied use restriction
lhmc_9-0,person.informationAuthor,person.informationauthor,Maker-Supplied Identity Information > Other information author
lhmc_9-0,person.informationDate,person.informationdate,Maker-Supplied Identity Information > Other information date
lhmc_9-0,person.informationUseRestriction,person.informationuserestriction,Maker-Supplied Identity Information > Other information use restriction
lhmc_9-0,person.otherInformation,person.otherinformation,Maker-Supplied Identity Information > Other information note
lhmc_9-0,person.assocPerson,person.assocperson,Associated Authorities > Associated person
lhmc_9-0,person.assocPersonType,person.assocpersontype,Associated Authorities > Associated person relationship/type
lhmc_9-0,person.assocPersonStructuredDateGroup,person.assocpersonstructureddategroup,Associated Authorities > Associated person date
lhmc_9-0,person.assocPersonCitation,person.assocpersoncitation,Associated Authorities > Associated person citation
lhmc_9-0,person.assocPersonNote,person.assocpersonnote,Associated Authorities > Associated person note
lhmc_9-0,person.assocPeople,person.assocpeople,Associated Authorities > Associated people
lhmc_9-0,person.assocPeopleType,person.assocpeopletype,Associated Authorities > Associated people relationship/type
lhmc_9-0,person.assocPeopleStructuredDateGroup,person.assocpeoplestructureddategroup,Associated Authorities > Associated people date
lhmc_9-0,person.assocPeopleCitation,person.assocpeoplecitation,Associated Authorities > Associated people citation
lhmc_9-0,person.assocPeopleNote,person.assocpeoplenote,Associated Authorities > Associated people note
lhmc_9-0,person.assocOrganization,person.assocorganization,Associated Authorities > Associated organization
lhmc_9-0,person.assocOrganizationType,person.assocorganizationtype,Associated Authorities > Associated organization relationship/type
lhmc_9-0,person.assocOrganizationStructuredDateGroup,person.assocorganizationstructureddategroup,Associated Authorities > Associated organization date
lhmc_9-0,person.assocOrganizationCitation,person.assocorganizationcitation,Associated Authorities > Associated organization citation
lhmc_9-0,person.assocOrganizationNote,person.assocorganizationnote,Associated Authorities > Associated organization note
lhmc_9-0,person.assocConcept,person.assocconcept,Associated Authorities > Associated concept
lhmc_9-0,person.assocConceptType,person.assocconcepttype,Associated Authorities > Associated concept relationship/type
lhmc_9-0,person.assocConceptStructuredDateGroup,person.assocconceptstructureddategroup,Associated Authorities > Associated concept date
lhmc_9-0,person.assocConceptCitation,person.assocconceptcitation,Associated Authorities > Associated concept citation
lhmc_9-0,person.assocConceptNote,person.assocconceptnote,Associated Authorities > Associated concept note
lhmc_9-0,person.assocPlace,person.assocplace,Associated Authorities > Associated place
lhmc_9-0,person.assocPlaceType,person.assocplacetype,Associated Authorities > Associated place relationship/type
lhmc_9-0,person.assocPlaceStructuredDateGroup,person.assocplacestructureddategroup,Associated Authorities > Associated place date
lhmc_9-0,person.assocPlaceCitation,person.assocplacecitation,Associated Authorities > Associated place citation
lhmc_9-0,person.assocPlaceNote,person.assocplacenote,Associated Authorities > Associated place note
lhmc_9-0,person.assocChronology,person.assocchronology,Associated Authorities > Associated event/era
lhmc_9-0,person.assocChronologyType,person.assocchronologytype,Associated Authorities > Associated event/era relationship/type
lhmc_9-0,person.assocChronologyStructuredDateGroup,person.assocchronologystructureddategroup,Associated Authorities > Associated event/era date
lhmc_9-0,person.assocChronologyCitation,person.assocchronologycitation,Associated Authorities > Associated event/era citation
lhmc_9-0,person.assocChronologyNote,person.assocchronologynote,Associated Authorities > Associated event/era note
lhmc_9-0,place.termDisplayName,place.termdisplayname,Place Information > Term display name
lhmc_9-0,place.termName,place.termname,Place Information > Term name
lhmc_9-0,place.termQualifier,place.termqualifier,Place Information > Term qualifier
lhmc_9-0,place.termStatus,place.termstatus,Place Information > Term status
lhmc_9-0,place.termType,place.termtype,Place Information > Term type
lhmc_9-0,place.termFlag,place.termflag,Place Information > Term flag
lhmc_9-0,place.historicalStatus,place.historicalstatus,Place Information > Term historical status
lhmc_9-0,place.termLanguage,place.termlanguage,Place Information > Term language
lhmc_9-0,place.termPrefForLang,place.termprefforlang,Place Information > Term preferred for lang
lhmc_9-0,place.nameAbbrev,place.nameabbrev,Place Information > Term abbreviation
lhmc_9-0,place.nameNote,place.namenote,Place Information > Term note
lhmc_9-0,place.nameDateGroup,place.namedategroup,Place Information > Term date
lhmc_9-0,place.termSource,place.termsource,Place Information > Source > Term source name
lhmc_9-0,place.termSourceDetail,place.termsourcedetail,Place Information > Source > Term source detail
lhmc_9-0,place.termSourceID,place.termsourceid,Place Information > Source > Term source ID
lhmc_9-0,place.termSourceNote,place.termsourcenote,Place Information > Source > Term source note
lhmc_9-0,place.placeType,place.placetype,Place Information > Place type
lhmc_9-0,place.placeWidth,place.placewidth,Place Information > Width
lhmc_9-0,place.placeLength,place.placelength,Place Information > Length
lhmc_9-0,place.placeSource,place.placesource,Place Information > Place source
lhmc_9-0,place.owner,place.owner,Place Information > Owner
lhmc_9-0,place.ownershipDateGroup,place.ownershipdategroup,Place Information > Ownership date
lhmc_9-0,place.ownershipNote,place.ownershipnote,Place Information > Ownership note
lhmc_9-0,place.placeNote,place.placenote,Place Information > Legal description
lhmc_9-0,place.addressPlace1,place.addressplace1,Place Information > Address line 1
lhmc_9-0,place.addressPlace2,place.addressplace2,Place Information > Address line 2
lhmc_9-0,place.addressMunicipality,place.addressmunicipality,Place Information > Address municipality
lhmc_9-0,place.addressStateOrProvince,place.addressstateorprovince,Place Information > Address state/province
lhmc_9-0,place.addressPostCode,place.addresspostcode,Place Information > Address postal code
lhmc_9-0,place.addressCountry,place.addresscountry,Place Information > Address country
lhmc_9-0,place.addressType,place.addresstype,Place Information > Address type
lhmc_9-0,place.vCoordinates,place.vcoordinates,Locality Information > Verbatim coords
lhmc_9-0,place.vLatitude,place.vlatitude,Locality Information > Verbatim latitude
lhmc_9-0,place.vLongitude,place.vlongitude,Locality Information > Verbatim longitude
lhmc_9-0,place.vCoordSys,place.vcoordsys,Locality Information > Coordinate system
lhmc_9-0,place.vSpatialReferenceSystem,place.vspatialreferencesystem,Locality Information > Spatial ref system
lhmc_9-0,place.vElevation,place.velevation,Locality Information > Elevation
lhmc_9-0,place.vDepth,place.vdepth,Locality Information > Depth
lhmc_9-0,place.vDistanceAboveSurface,place.vdistanceabovesurface,Locality Information > Distance above surface
lhmc_9-0,place.vUnitofMeasure,place.vunitofmeasure,Locality Information > Unit of measure
lhmc_9-0,place.minElevationInMeters,place.minelevationinmeters,Locality Information > Min elevation (m)
lhmc_9-0,place.maxElevationInMeters,place.maxelevationinmeters,Locality Information > Max elevation (m)
lhmc_9-0,place.minDepthInMeters,place.mindepthinmeters,Locality Information > Min depth (m)
lhmc_9-0,place.maxDepthInMeters,place.maxdepthinmeters,Locality Information > Max depth (m)
lhmc_9-0,place.minDistanceAboveSurfaceInMeters,place.mindistanceabovesurfaceinmeters,Locality Information > Min distance above surface (m)
lhmc_9-0,place.maxDistanceAboveSurfaceInMeters,place.maxdistanceabovesurfaceinmeters,Locality Information > Max distance above surface (m)
lhmc_9-0,place.vCoordSource,place.vcoordsource,Locality Information > Coordinate source
lhmc_9-0,place.vCoordSourceRefId,place.vcoordsourcerefid,Locality Information > Coordinate source detail
lhmc_9-0,place.decimalLatitude,place.decimallatitude,Georeference Information > Georeference decimal latitude
lhmc_9-0,place.decimalLongitude,place.decimallongitude,Georeference Information > Georeference decimal longitude
lhmc_9-0,place.geodeticDatum,place.geodeticdatum,Georeference Information > Georeference datum
lhmc_9-0,place.coordUncertaintyInMeters,place.coorduncertaintyinmeters,Georeference Information > Georeference uncertainty (m)
lhmc_9-0,place.coordPrecision,place.coordprecision,Georeference Information > Georeference precision
lhmc_9-0,place.pointRadiusSpatialFit,place.pointradiusspatialfit,Georeference Information > Georeference point radius spatial fit
lhmc_9-0,place.footprintWKT,place.footprintwkt,Georeference Information > Georeference footprint WKT
lhmc_9-0,place.footprintSRS,place.footprintsrs,Georeference Information > Georeference footprint SRS
lhmc_9-0,place.footprintSpatialFit,place.footprintspatialfit,Georeference Information > Georeference footprint spatial fit
lhmc_9-0,place.geoReferencedBy,place.georeferencedby,Georeference Information > Georeferenced by
lhmc_9-0,place.geoRefDateGroup,place.georefdategroup,Georeference Information > Georeference date
lhmc_9-0,place.geoRefProtocol,place.georefprotocol,Georeference Information > Georeference protocol
lhmc_9-0,place.geoRefSource,place.georefsource,Georeference Information > Georeference source
lhmc_9-0,place.geoRefVerificationStatus,place.georefverificationstatus,Georeference Information > Georeference verification
lhmc_9-0,place.geoRefRemarks,place.georefremarks,Georeference Information > Georeference remarks
lhmc_9-0,place.geoRefPlaceName,place.georefplacename,Georeference Information > Georeference place name
lhmc_9-0,place.assocPerson,place.assocperson,Associated Authorities > Associated person
lhmc_9-0,place.assocPersonType,place.assocpersontype,Associated Authorities > Associated person relationship/type
lhmc_9-0,place.assocPersonStructuredDateGroup,place.assocpersonstructureddategroup,Associated Authorities > Associated person date
lhmc_9-0,place.assocPersonCitation,place.assocpersoncitation,Associated Authorities > Associated person citation
lhmc_9-0,place.assocPersonNote,place.assocpersonnote,Associated Authorities > Associated person note
lhmc_9-0,place.assocPeople,place.assocpeople,Associated Authorities > Associated people
lhmc_9-0,place.assocPeopleType,place.assocpeopletype,Associated Authorities > Associated people relationship/type
lhmc_9-0,place.assocPeopleStructuredDateGroup,place.assocpeoplestructureddategroup,Associated Authorities > Associated people date
lhmc_9-0,place.assocPeopleCitation,place.assocpeoplecitation,Associated Authorities > Associated people citation
lhmc_9-0,place.assocPeopleNote,place.assocpeoplenote,Associated Authorities > Associated people note
lhmc_9-0,place.assocOrganization,place.assocorganization,Associated Authorities > Associated organization
lhmc_9-0,place.assocOrganizationType,place.assocorganizationtype,Associated Authorities > Associated organization relationship/type
lhmc_9-0,place.assocOrganizationStructuredDateGroup,place.assocorganizationstructureddategroup,Associated Authorities > Associated organization date
lhmc_9-0,place.assocOrganizationCitation,place.assocorganizationcitation,Associated Authorities > Associated organization citation
lhmc_9-0,place.assocOrganizationNote,place.assocorganizationnote,Associated Authorities > Associated organization note
lhmc_9-0,place.assocConcept,place.assocconcept,Associated Authorities > Associated concept
lhmc_9-0,place.assocConceptType,place.assocconcepttype,Associated Authorities > Associated concept relationship/type
lhmc_9-0,place.assocConceptStructuredDateGroup,place.assocconceptstructureddategroup,Associated Authorities > Associated concept date
lhmc_9-0,place.assocConceptCitation,place.assocconceptcitation,Associated Authorities > Associated concept citation
lhmc_9-0,place.assocConceptNote,place.assocconceptnote,Associated Authorities > Associated concept note
lhmc_9-0,place.assocPlace,place.assocplace,Associated Authorities > Associated place
lhmc_9-0,place.assocPlaceType,place.assocplacetype,Associated Authorities > Associated place relationship/type
lhmc_9-0,place.assocPlaceStructuredDateGroup,place.assocplacestructureddategroup,Associated Authorities > Associated place date
lhmc_9-0,place.assocPlaceCitation,place.assocplacecitation,Associated Authorities > Associated place citation
lhmc_9-0,place.assocPlaceNote,place.assocplacenote,Associated Authorities > Associated place note
lhmc_9-0,place.assocChronology,place.assocchronology,Associated Authorities > Associated event/era
lhmc_9-0,place.assocChronologyType,place.assocchronologytype,Associated Authorities > Associated event/era relationship/type
lhmc_9-0,place.assocChronologyStructuredDateGroup,place.assocchronologystructureddategroup,Associated Authorities > Associated event/era date
lhmc_9-0,place.assocChronologyCitation,place.assocchronologycitation,Associated Authorities > Associated event/era citation
lhmc_9-0,place.assocChronologyNote,place.assocchronologynote,Associated Authorities > Associated event/era note
lhmc_9-0,transport.transportReferenceNumber,transport.transportreferencenumber,Transport Information > Transport reference number
lhmc_9-0,transport.transportMethod,transport.transportmethod,Transport Information > Transport method
lhmc_9-0,transport.numberOfCrates,transport.numberofcrates,Transport Information > Number of crates/objects
lhmc_9-0,transport.transporter,transport.transporter,Transport Information > Transporter > Transporter name
lhmc_9-0,transport.transporterContact,transport.transportercontact,Transport Information > Transporter > Transporter contact
lhmc_9-0,transport.transporterContactNumber,transport.transportercontactnumber,Transport Information > Transporter > Transporter contact number
lhmc_9-0,transport.transportAuthorizer,transport.transportauthorizer,Transport Information > Authorization > Transport authorizer
lhmc_9-0,transport.transportAuthorizationDate,transport.transportauthorizationdate,Transport Information > Authorization > Authorization date
lhmc_9-0,transport.transportTrackingNumber,transport.transporttrackingnumber,Transport Information > Tracking number
lhmc_9-0,transport.transportTrackingNumberNote,transport.transporttrackingnumbernote,Transport Information > Tracking number note
lhmc_9-0,transport.departurePoint,transport.departurepoint,Transport Information > Departure > Departure point
lhmc_9-0,transport.transportDepartureDate,transport.transportdeparturedate,Transport Information > Departure > Departure date
lhmc_9-0,transport.transportDepartureTime,transport.transportdeparturetime,Transport Information > Departure > Departure time
lhmc_9-0,transport.destination,transport.destination,Transport Information > Arrival > Arrival point
lhmc_9-0,transport.transportArrivalDate,transport.transportarrivaldate,Transport Information > Arrival > Arrival date
lhmc_9-0,transport.transportArrivalTime,transport.transportarrivaltime,Transport Information > Arrival > Arrival time
lhmc_9-0,transport.courier,transport.courier,Transport Information > Courier name
lhmc_9-0,transport.courierContactNumber,transport.couriercontactnumber,Transport Information > Courier contact number
lhmc_9-0,transport.transportRemarks,transport.transportremarks,Transport Information > Note
lhmc_9-0,transport.transportCostType,transport.transportcosttype,Cost Information > Transport cost type
lhmc_9-0,transport.transportCostResponsibleParty,transport.transportcostresponsibleparty,Cost Information > Transport cost responsible party
lhmc_9-0,transport.insuranceCostResponsibleParty,transport.insurancecostresponsibleparty,Cost Information > Insurance/indemnity cost responsible party
lhmc_9-0,transport.finalShippingCostCurrency,transport.finalshippingcostcurrency,Cost Information > Final shipping cost > Final shipping cost currency
lhmc_9-0,transport.finalShippingCostValue,transport.finalshippingcostvalue,Cost Information > Final shipping cost > Final shipping cost value
lhmc_9-0,transport.customsBroker,transport.customsbroker,Cost Information > Customs broker > Customs broker name
lhmc_9-0,transport.customsBrokerContact,transport.customsbrokercontact,Cost Information > Customs broker > Customs broker contact
lhmc_9-0,transport.customsDeclaredValueCurrency,transport.customsdeclaredvaluecurrency,Cost Information > Declared value for customs > Declared value for customs currency
lhmc_9-0,transport.customsDeclaredValueAmount,transport.customsdeclaredvalueamount,Cost Information > Declared value for customs > Declared value for customs amount
lhmc_9-0,transport.customsFeeCurrency,transport.customsfeecurrency,Cost Information > Customs fee > Customs fee currency
lhmc_9-0,transport.customsFeeValue,transport.customsfeevalue,Cost Information > Customs fee > Customs fee value
lhmc_9-0,transport.customsFeeNote,transport.customsfeenote,Cost Information > Customs fee > Customs fee note
lhmc_9-0,transport.additionalCostsType,transport.additionalcoststype,Cost Information > Additional cost type
lhmc_9-0,transport.additionalCostsCurrency,transport.additionalcostscurrency,Cost Information > Additional cost currency
lhmc_9-0,transport.additionalCostsValue,transport.additionalcostsvalue,Cost Information > Additional cost value
lhmc_9-0,transport.shippingQuoteProvider,transport.shippingquoteprovider,Cost Information > Shipping quote provider
lhmc_9-0,transport.shippingQuoteCurrency,transport.shippingquotecurrency,Cost Information > Shipping quote currency
lhmc_9-0,transport.shippingQuoteValue,transport.shippingquotevalue,Cost Information > Shipping quote value
lhmc_9-0,transport.shippingQuoteDate,transport.shippingquotedate,Cost Information > Shipping quote date
lhmc_9-0,uoc.referenceNumber,uoc.referencenumber,Use of Collections Information > Reference number
lhmc_9-0,uoc.method,uoc.method,Use of Collections Information > Method
lhmc_9-0,uoc.collectionType,uoc.collectiontype,Use of Collections Information > Collection type
lhmc_9-0,uoc.projectId,uoc.projectid,Use of Collections Information > Project ID
lhmc_9-0,uoc.subcollection,uoc.subcollection,Use of Collections Information > Subcollection
lhmc_9-0,uoc.materialType,uoc.materialtype,Use of Collections Information > Material type
lhmc_9-0,uoc.user,uoc.user,Use of Collections Information > User name
lhmc_9-0,uoc.userUocRole,uoc.useruocrole,Use of Collections Information > User role
lhmc_9-0,uoc.userInstitution,uoc.userinstitution,Use of Collections Information > User institution
lhmc_9-0,uoc.userInstitutionRole,uoc.userinstitutionrole,Use of Collections Information > User institution role
lhmc_9-0,uoc.title,uoc.title,Use of Collections Information > Title
lhmc_9-0,uoc.dateRequested,uoc.daterequested,Use of Collections Information > Date requested
lhmc_9-0,uoc.dateCompleted,uoc.datecompleted,Use of Collections Information > Date completed
lhmc_9-0,uoc.occasion,uoc.occasion,Use of Collections Information > Occasion
lhmc_9-0,uoc.projectDescription,uoc.projectdescription,Use of Collections Information > Project description
lhmc_9-0,uoc.authorizedBy,uoc.authorizedby,Use of Collections Information > Authorized by
lhmc_9-0,uoc.authorizationDate,uoc.authorizationdate,Use of Collections Information > Authorization date
lhmc_9-0,uoc.authorizationStatus,uoc.authorizationstatus,Use of Collections Information > Authorization status
lhmc_9-0,uoc.authorizationNote,uoc.authorizationnote,Use of Collections Information > Authorization note
lhmc_9-0,uoc.useDate,uoc.usedate,Use of Collections Information > Start/ongoing date
lhmc_9-0,uoc.useDateTimeNote,uoc.usedatetimenote,Use of Collections Information > Start/ongoing date time note
lhmc_9-0,uoc.useDateNumberOfVisitors,uoc.usedatenumberofvisitors,Use of Collections Information > Start/ongoing date no. of visitors
lhmc_9-0,uoc.useDateHoursSpent,uoc.usedatehoursspent,Use of Collections Information > Start/ongoing date hours spent
lhmc_9-0,uoc.useDateVisitorNote,uoc.usedatevisitornote,Use of Collections Information > Start/ongoing date visitor note
lhmc_9-0,uoc.endDate,uoc.enddate,Use of Collections Information > End date
lhmc_9-0,uoc.staffName,uoc.staffname,Use of Collections Information > Staff name
lhmc_9-0,uoc.staffRole,uoc.staffrole,Use of Collections Information > Staff role
lhmc_9-0,uoc.staffHours,uoc.staffhours,Use of Collections Information > Staff hours spent
lhmc_9-0,uoc.staffNote,uoc.staffnote,Use of Collections Information > Staff note
lhmc_9-0,uoc.location,uoc.location,Use of Collections Information > Location
lhmc_9-0,uoc.feeCurrency,uoc.feecurrency,Use of Collections Information > Fee currency
lhmc_9-0,uoc.feeValue,uoc.feevalue,Use of Collections Information > Fee value
lhmc_9-0,uoc.feePaid,uoc.feepaid,Use of Collections Information > Fee paid
lhmc_9-0,uoc.feeNote,uoc.feenote,Use of Collections Information > Fee note
lhmc_9-0,uoc.note,uoc.note,Use of Collections Information > Note
lhmc_9-0,uoc.provisos,uoc.provisos,Use of Collections Information > Provisos
lhmc_9-0,uoc.obligationsFulfilled,uoc.obligationsfulfilled,Use of Collections Information > Obligations fulfilled
lhmc_9-0,uoc.result,uoc.result,Use of Collections Information > Result
lhmc_9-0,valuation.valuationcontrolRefNumber,valuation.valuationcontrolrefnumber,Object Valuation Information > Reference number
lhmc_9-0,valuation.valueCurrency,valuation.valuecurrency,Object Valuation Information > Amount currency
lhmc_9-0,valuation.valueAmount,valuation.valueamount,Object Valuation Information > Amount value
lhmc_9-0,valuation.valueDate,valuation.valuedate,Object Valuation Information > Date
lhmc_9-0,valuation.valueRenewalDate,valuation.valuerenewaldate,Object Valuation Information > Renewal date
lhmc_9-0,valuation.valueSource,valuation.valuesource,Object Valuation Information > Source
lhmc_9-0,valuation.valueType,valuation.valuetype,Object Valuation Information > Type
lhmc_9-0,valuation.valueNote,valuation.valuenote,Object Valuation Information > Note
lhmc_9-0,work.termDisplayName,work.termdisplayname,Work Information > Term display name
lhmc_9-0,work.termName,work.termname,Work Information > Term name
lhmc_9-0,work.termQualifier,work.termqualifier,Work Information > Term qualifier
lhmc_9-0,work.termStatus,work.termstatus,Work Information > Term status
lhmc_9-0,work.termType,work.termtype,Work Information > Term type
lhmc_9-0,work.termFlag,work.termflag,Work Information > Term flag
lhmc_9-0,work.termLanguage,work.termlanguage,Work Information > Term language
lhmc_9-0,work.termPrefForLang,work.termprefforlang,Work Information > Term preferred for lang
lhmc_9-0,work.termSource,work.termsource,Work Information > Source > Term source name
lhmc_9-0,work.termSourceDetail,work.termsourcedetail,Work Information > Source > Term source detail
lhmc_9-0,work.termSourceID,work.termsourceid,Work Information > Source > Term source ID
lhmc_9-0,work.termSourceNote,work.termsourcenote,Work Information > Source > Term source note
lhmc_9-0,work.workType,work.worktype,Work Information > Work type
lhmc_9-0,work.workDateGroup,work.workdategroup,Work Information > Work date
lhmc_9-0,work.workHistoryNote,work.workhistorynote,Work Information > History note
lhmc_9-0,work.creator,work.creator,Work Information > Creator name
lhmc_9-0,work.creatorType,work.creatortype,Work Information > Creator type
lhmc_9-0,work.publisher,work.publisher,Work Information > Publisher name
lhmc_9-0,work.publisherType,work.publishertype,Work Information > Publisher type
lhmc_9-0,work.addressPlace1,work.addressplace1,Work Information > Address line 1
lhmc_9-0,work.addressPlace2,work.addressplace2,Work Information > Address line 2
lhmc_9-0,work.addressMunicipality,work.addressmunicipality,Work Information > Address municipality
lhmc_9-0,work.addressStateOrProvince,work.addressstateorprovince,Work Information > Address state/province
lhmc_9-0,work.addressPostCode,work.addresspostcode,Work Information > Address postal code
lhmc_9-0,work.addressCountry,work.addresscountry,Work Information > Address country
lhmc_9-0,work.addressType,work.addresstype,Work Information > Address type
anthro_9-3,acquisition.acquisitionReferenceNumber,acquisition.acquisitionreferencenumber,Acquisition Information > Reference number
anthro_9-3,acquisition.alternativeIdentifier,acquisition.alternativeidentifier,Acquisition Information > Alternative identifier
anthro_9-3,acquisition.alternativeIdentifierNote,acquisition.alternativeidentifiernote,Acquisition Information > Alternative identifier note
anthro_9-3,acquisition.accessionDateGroup,acquisition.accessiondategroup,Acquisition Information > Accession date
anthro_9-3,acquisition.acquisitionAuthorizer,acquisition.acquisitionauthorizer,Acquisition Information > Authorization > Authorizer
anthro_9-3,acquisition.acquisitionAuthorizerDate,acquisition.acquisitionauthorizerdate,Acquisition Information > Authorization > Authorization date
anthro_9-3,acquisition.acquisitionDateGroup,acquisition.acquisitiondategroup,Acquisition Information > Acquisition date
anthro_9-3,acquisition.acquisitionSource,acquisition.acquisitionsource,Acquisition Information > Acquisition source
anthro_9-3,acquisition.owner,acquisition.owner,Acquisition Information > Owner
anthro_9-3,acquisition.transferOfTitleNumber,acquisition.transferoftitlenumber,Acquisition Information > Transfer of title number
anthro_9-3,acquisition.acquisitionMethod,acquisition.acquisitionmethod,Acquisition Information > Acquisition method
anthro_9-3,acquisition.acquisitionDescription,acquisition.acquisitiondescription,Acquisition Information > Acquisition description
anthro_9-3,acquisition.acquisitionReason,acquisition.acquisitionreason,Acquisition Information > Acquisition reason
anthro_9-3,acquisition.approvalGroup,acquisition.approvalgroup,Acquisition Information > Approval group > Approval group
anthro_9-3,acquisition.approvalIndividual,acquisition.approvalindividual,Acquisition Information > Approval group > Approval individual
anthro_9-3,acquisition.approvalStatus,acquisition.approvalstatus,Acquisition Information > Approval group > Approval status
anthro_9-3,acquisition.approvalDate,acquisition.approvaldate,Acquisition Information > Approval group > Approval status date
anthro_9-3,acquisition.approvalNote,acquisition.approvalnote,Acquisition Information > Approval group > Approval note
anthro_9-3,acquisition.acquisitionNote,acquisition.acquisitionnote,Acquisition Information > Note
anthro_9-3,acquisition.acquisitionProvisos,acquisition.acquisitionprovisos,Acquisition Information > Provisos
anthro_9-3,acquisition.acquisitionFundingCurrency,acquisition.acquisitionfundingcurrency,Acquisition Information > Funding currency
anthro_9-3,acquisition.acquisitionFundingValue,acquisition.acquisitionfundingvalue,Acquisition Information > Funding value
anthro_9-3,acquisition.acquisitionFundingSource,acquisition.acquisitionfundingsource,Acquisition Information > Funding source
anthro_9-3,acquisition.acquisitionFundingSourceProvisos,acquisition.acquisitionfundingsourceprovisos,Acquisition Information > Funding source provisos
anthro_9-3,acquisition.involvedParty,acquisition.involvedparty,Acquisition Information > Parties involved person
anthro_9-3,acquisition.involvedOnBehalfOf,acquisition.involvedonbehalfof,Acquisition Information > Parties involved on behalf of
anthro_9-3,acquisition.involvedRole,acquisition.involvedrole,Acquisition Information > Parties involved role
anthro_9-3,acquisition.creditLine,acquisition.creditline,Acquisition Information > Credit line
anthro_9-3,acquisition.groupPurchasePriceCurrency,acquisition.grouppurchasepricecurrency,Price Information > Group purchase price > Group purchase price currency
anthro_9-3,acquisition.groupPurchasePriceValue,acquisition.grouppurchasepricevalue,Price Information > Group purchase price > Group purchase price value
anthro_9-3,acquisition.objectOfferPriceCurrency,acquisition.objectofferpricecurrency,Price Information > Object offer price > Object offer price currency
anthro_9-3,acquisition.objectOfferPriceValue,acquisition.objectofferpricevalue,Price Information > Object offer price > Object offer price value
anthro_9-3,acquisition.objectPurchaseOfferPriceCurrency,acquisition.objectpurchaseofferpricecurrency,Price Information > Object purchaser offer price > Object purchaser offer price currency
anthro_9-3,acquisition.objectPurchaseOfferPriceValue,acquisition.objectpurchaseofferpricevalue,Price Information > Object purchaser offer price > Object purchaser offer price value
anthro_9-3,acquisition.objectPurchasePriceCurrency,acquisition.objectpurchasepricecurrency,Price Information > Object purchase price > Object purchase price currency
anthro_9-3,acquisition.objectPurchasePriceValue,acquisition.objectpurchasepricevalue,Price Information > Object purchase price > Object purchase price value
anthro_9-3,acquisition.originalObjectPurchasePriceCurrency,acquisition.originalobjectpurchasepricecurrency,Price Information > Original object purchase price > Original object purchase price currency
anthro_9-3,acquisition.originalObjectPurchasePriceValue,acquisition.originalobjectpurchasepricevalue,Price Information > Original object purchase price > Original object purchase price value
anthro_9-3,acquisition.fieldCollectionEventName,acquisition.fieldcollectioneventname,Object Collection Information > Field collection event name
anthro_9-3,citation.termDisplayName,citation.termdisplayname,Citation Information > Term display name
anthro_9-3,citation.termStatus,citation.termstatus,Citation Information > Term status
anthro_9-3,citation.termType,citation.termtype,Citation Information > Term type
anthro_9-3,citation.termFlag,citation.termflag,Citation Information > Term flag
anthro_9-3,citation.termLanguage,citation.termlanguage,Citation Information > Term language
anthro_9-3,citation.termPrefForLang,citation.termprefforlang,Citation Information > Term preferred for lang
anthro_9-3,citation.termFullCitation,citation.termfullcitation,Citation Information > Term full citation
anthro_9-3,citation.termTitle,citation.termtitle,Citation Information > Term title
anthro_9-3,citation.termSubTitle,citation.termsubtitle,Citation Information > Term subtitle
anthro_9-3,citation.termSectionTitle,citation.termsectiontitle,Citation Information > Term section title
anthro_9-3,citation.termVolume,citation.termvolume,Citation Information > Term volume
anthro_9-3,citation.termIssue,citation.termissue,Citation Information > Term issue
anthro_9-3,citation.termSource,citation.termsource,Citation Information > Source > Term source name
anthro_9-3,citation.termSourceDetail,citation.termsourcedetail,Citation Information > Source > Term source detail
anthro_9-3,citation.termSourceID,citation.termsourceid,Citation Information > Source > Term source ID
anthro_9-3,citation.termSourceNote,citation.termsourcenote,Citation Information > Source > Term source note
anthro_9-3,citation.publisher,citation.publisher,Citation Information > Publisher
anthro_9-3,citation.publicationPlace,citation.publicationplace,Citation Information > Publication place
anthro_9-3,citation.publicationDate,citation.publicationdate,Citation Information > Publication date
anthro_9-3,citation.edition,citation.edition,Citation Information > Publication edition
anthro_9-3,citation.pages,citation.pages,Citation Information > Publication page(s)
anthro_9-3,citation.agent,citation.agent,Citation Information > Agent name
anthro_9-3,citation.role,citation.role,Citation Information > Agent role
anthro_9-3,citation.note,citation.note,Citation Information > Agent note
anthro_9-3,citation.citationNote,citation.citationnote,Citation Information > Note
anthro_9-3,citation.resourceIdent,citation.resourceident,Citation Information > Resource identifier
anthro_9-3,citation.type,citation.type,Citation Information > Resource identifier type
anthro_9-3,citation.captureDate,citation.capturedate,Citation Information > Resource identifier capture date
anthro_9-3,citation.relatedTerm,citation.relatedterm,Citation Information > Related term
anthro_9-3,citation.relationType,citation.relationtype,Citation Information > Related term type
anthro_9-3,chronology.termDisplayName,chronology.termdisplayname,Chronology Information > Term display name
anthro_9-3,chronology.termName,chronology.termname,Chronology Information > Term name
anthro_9-3,chronology.termQualifier,chronology.termqualifier,Chronology Information > Term qualifier
anthro_9-3,chronology.termStatus,chronology.termstatus,Chronology Information > Term status
anthro_9-3,chronology.termType,chronology.termtype,Chronology Information > Term type
anthro_9-3,chronology.termFlag,chronology.termflag,Chronology Information > Term flag
anthro_9-3,chronology.historicalStatus,chronology.historicalstatus,Chronology Information > Term historical status
anthro_9-3,chronology.termLanguage,chronology.termlanguage,Chronology Information > Term language
anthro_9-3,chronology.termPrefForLang,chronology.termprefforlang,Chronology Information > Term preferred for lang
anthro_9-3,chronology.termSource,chronology.termsource,Chronology Information > Source > Term source name
anthro_9-3,chronology.termSourceDetail,chronology.termsourcedetail,Chronology Information > Source > Term source detail
anthro_9-3,chronology.termSourceID,chronology.termsourceid,Chronology Information > Source > Term source ID
anthro_9-3,chronology.termSourceNote,chronology.termsourcenote,Chronology Information > Source > Term source note
anthro_9-3,chronology.primaryDateRangeStructuredDateGroup,chronology.primarydaterangestructureddategroup,Chronology Information > Primary date range
anthro_9-3,chronology.chronologyType,chronology.chronologytype,Chronology Information > Chronology type
anthro_9-3,chronology.spatialCoverage,chronology.spatialcoverage,Chronology Information > Spatial coverage
anthro_9-3,chronology.chronologyDescription,chronology.chronologydescription,Chronology Information > Chronology description
anthro_9-3,chronology.chronologyNote,chronology.chronologynote,Chronology Information > Chronology note
anthro_9-3,chronology.identifierValue,chronology.identifiervalue,Chronology Information > Resource identifier value
anthro_9-3,chronology.identifierCitation,chronology.identifiercitation,Chronology Information > Resource identifier citation
anthro_9-3,chronology.identifierDate,chronology.identifierdate,Chronology Information > Resource identifier date
anthro_9-3,chronology.altDateRangeStructuredDateGroup,chronology.altdaterangestructureddategroup,Alternative Date Information > Alternative date range
anthro_9-3,chronology.altDateSpatialCoverage,chronology.altdatespatialcoverage,Alternative Date Information > Alternative date spatial coverage
anthro_9-3,chronology.altDateCitation,chronology.altdatecitation,Alternative Date Information > Alternative date citation
anthro_9-3,chronology.altDateNote,chronology.altdatenote,Alternative Date Information > Alternative date note
anthro_9-3,chronology.assocPerson,chronology.assocperson,Associated Authorities > Associated person
anthro_9-3,chronology.assocPersonType,chronology.assocpersontype,Associated Authorities > Associated person relationship/type
anthro_9-3,chronology.assocPersonStructuredDateGroup,chronology.assocpersonstructureddategroup,Associated Authorities > Associated person date
anthro_9-3,chronology.assocPersonCitation,chronology.assocpersoncitation,Associated Authorities > Associated person citation
anthro_9-3,chronology.assocPersonNote,chronology.assocpersonnote,Associated Authorities > Associated person note
anthro_9-3,chronology.assocPeople,chronology.assocpeople,Associated Authorities > Associated people
anthro_9-3,chronology.assocPeopleType,chronology.assocpeopletype,Associated Authorities > Associated people relationship/type
anthro_9-3,chronology.assocPeopleStructuredDateGroup,chronology.assocpeoplestructureddategroup,Associated Authorities > Associated people date
anthro_9-3,chronology.assocPeopleCitation,chronology.assocpeoplecitation,Associated Authorities > Associated people citation
anthro_9-3,chronology.assocPeopleNote,chronology.assocpeoplenote,Associated Authorities > Associated people note
anthro_9-3,chronology.assocOrganization,chronology.assocorganization,Associated Authorities > Associated organization
anthro_9-3,chronology.assocOrganizationType,chronology.assocorganizationtype,Associated Authorities > Associated organization relationship/type
anthro_9-3,chronology.assocOrganizationStructuredDateGroup,chronology.assocorganizationstructureddategroup,Associated Authorities > Associated organization date
anthro_9-3,chronology.assocOrganizationCitation,chronology.assocorganizationcitation,Associated Authorities > Associated organization citation
anthro_9-3,chronology.assocOrganizationNote,chronology.assocorganizationnote,Associated Authorities > Associated organization note
anthro_9-3,chronology.assocConcept,chronology.assocconcept,Associated Authorities > Associated concept
anthro_9-3,chronology.assocConceptType,chronology.assocconcepttype,Associated Authorities > Associated concept relationship/type
anthro_9-3,chronology.assocConceptStructuredDateGroup,chronology.assocconceptstructureddategroup,Associated Authorities > Associated concept date
anthro_9-3,chronology.assocConceptCitation,chronology.assocconceptcitation,Associated Authorities > Associated concept citation
anthro_9-3,chronology.assocConceptNote,chronology.assocconceptnote,Associated Authorities > Associated concept note
anthro_9-3,chronology.assocPlace,chronology.assocplace,Associated Authorities > Associated place
anthro_9-3,chronology.assocPlaceType,chronology.assocplacetype,Associated Authorities > Associated place relationship/type
anthro_9-3,chronology.assocPlaceStructuredDateGroup,chronology.assocplacestructureddategroup,Associated Authorities > Associated place date
anthro_9-3,chronology.assocPlaceCitation,chronology.assocplacecitation,Associated Authorities > Associated place citation
anthro_9-3,chronology.assocPlaceNote,chronology.assocplacenote,Associated Authorities > Associated place note
anthro_9-3,chronology.assocChronology,chronology.assocchronology,Associated Authorities > Associated event/era
anthro_9-3,chronology.assocChronologyType,chronology.assocchronologytype,Associated Authorities > Associated event/era relationship/type
anthro_9-3,chronology.assocChronologyStructuredDateGroup,chronology.assocchronologystructureddategroup,Associated Authorities > Associated event/era date
anthro_9-3,chronology.assocChronologyCitation,chronology.assocchronologycitation,Associated Authorities > Associated event/era citation
anthro_9-3,chronology.assocChronologyNote,chronology.assocchronologynote,Associated Authorities > Associated event/era note
anthro_9-3,repatriationrequest.requestNumber,repatriationrequest.requestnumber,Repatriation Request Information > Repatriation request number
anthro_9-3,repatriationrequest.title,repatriationrequest.title,Repatriation Request Information > Title
anthro_9-3,repatriationrequest.type,repatriationrequest.type,Repatriation Request Information > Type
anthro_9-3,repatriationrequest.alternativeIdentifier,repatriationrequest.alternativeidentifier,Repatriation Request Information > Alternative identifier
anthro_9-3,repatriationrequest.alternativeIdentifierNote,repatriationrequest.alternativeidentifiernote,Repatriation Request Information > Alternative identifier note
anthro_9-3,repatriationrequest.requestDate,repatriationrequest.requestdate,Repatriation Request Information > Origination date
anthro_9-3,repatriationrequest.note,repatriationrequest.note,Repatriation Request Information > Note
anthro_9-3,repatriationrequest.treatmentNote,repatriationrequest.treatmentnote,Repatriation Request Information > Treatment note
anthro_9-3,repatriationrequest.involvedParty,repatriationrequest.involvedparty,Repatriation Request Information > Parties involved person
anthro_9-3,repatriationrequest.involvedOnBehalfOf,repatriationrequest.involvedonbehalfof,Repatriation Request Information > Parties involved on behalf of
anthro_9-3,repatriationrequest.involvedRole,repatriationrequest.involvedrole,Repatriation Request Information > Parties involved role
anthro_9-3,repatriationrequest.geographicPlace,repatriationrequest.geographicplace,Repatriation Request Context > Place represented name
anthro_9-3,repatriationrequest.geographicPlaceNote,repatriationrequest.geographicplacenote,Repatriation Request Context > Place represented note
anthro_9-3,repatriationrequest.culture,repatriationrequest.culture,Repatriation Request Context > Cultural group name
anthro_9-3,repatriationrequest.cultureNote,repatriationrequest.culturenote,Repatriation Request Context > Cultural group note
anthro_9-3,repatriationrequest.timePeriod,repatriationrequest.timeperiod,Repatriation Request Context > Time period era
anthro_9-3,repatriationrequest.timePeriodNote,repatriationrequest.timeperiodnote,Repatriation Request Context > Time period note
anthro_9-3,repatriationrequest.archaeologicalSite,repatriationrequest.archaeologicalsite,Repatriation Request Context > Archaeological site name
anthro_9-3,repatriationrequest.archaeologicalSiteNote,repatriationrequest.archaeologicalsitenote,Repatriation Request Context > Archaeological site note
anthro_9-3,repatriationrequest.statusGroupType,repatriationrequest.statusgrouptype,Repatriation Request Status > Repatriation request status group
anthro_9-3,repatriationrequest.statusIndividual,repatriationrequest.statusindividual,Repatriation Request Status > Repatriation request status individual
anthro_9-3,repatriationrequest.status,repatriationrequest.status,Repatriation Request Status > Repatriation request status
anthro_9-3,repatriationrequest.statusDate,repatriationrequest.statusdate,Repatriation Request Status > Repatriation request status date
anthro_9-3,repatriationrequest.statusNote,repatriationrequest.statusnote,Repatriation Request Status > Repatriation request status note
anthro_9-3,repatriationrequest.documentationGroupType,repatriationrequest.documentationgrouptype,Repatriation Request Documentation Status > Repatriation request documentation status group
anthro_9-3,repatriationrequest.documentationIndividual,repatriationrequest.documentationindividual,Repatriation Request Documentation Status > Repatriation request documentation status individual
anthro_9-3,repatriationrequest.documentationStatus,repatriationrequest.documentationstatus,Repatriation Request Documentation Status > Repatriation request documentation status
anthro_9-3,repatriationrequest.documentationDate,repatriationrequest.documentationdate,Repatriation Request Documentation Status > Repatriation request documentation status date
anthro_9-3,repatriationrequest.documentationNote,repatriationrequest.documentationnote,Repatriation Request Documentation Status > Repatriation request documentation status note
anthro_9-3,collectionobject.objectNumber,collectionobject.objectnumber,Object Identification Information > Identification number
anthro_9-3,collectionobject.numberValue,collectionobject.numbervalue,Object Identification Information > Other number value
anthro_9-3,collectionobject.numberType,collectionobject.numbertype,Object Identification Information > Other number type
anthro_9-3,collectionobject.responsibleDepartment,collectionobject.responsibledepartment,Object Identification Information > Responsible department
anthro_9-3,collectionobject.collection,collectionobject.collection,Object Identification Information > Collection
anthro_9-3,collectionobject.namedCollection,collectionobject.namedcollection,Object Identification Information > Named collection
anthro_9-3,collectionobject.descriptionLevel,collectionobject.descriptionlevel,Object Identification Information > Description level
anthro_9-3,collectionobject.recordStatus,collectionobject.recordstatus,Object Identification Information > Record status
anthro_9-3,collectionobject.briefDescription,collectionobject.briefdescription,Object Identification Information > Brief description
anthro_9-3,collectionobject.computedCurrentLocation,collectionobject.computedcurrentlocation,Object Identification Information > Computed current location
anthro_9-3,collectionobject.homeLocation,collectionobject.homelocation,Object Identification Information > Home location
anthro_9-3,collectionobject.homeLocationNote,collectionobject.homelocationnote,Object Identification Information > Home location note
anthro_9-3,collectionobject.ethnoFileCode,collectionobject.ethnofilecode,Object Identification Information > Function
anthro_9-3,collectionobject.publishTo,collectionobject.publishto,Object Identification Information > Publish to
anthro_9-3,collectionobject.inventoryStatus,collectionobject.inventorystatus,Object Identification Information > Inventory status
anthro_9-3,collectionobject.category,collectionobject.category,Object Identification Information > Object category
anthro_9-3,collectionobject.categoryCount,collectionobject.categorycount,Object Identification Information > Object category count
anthro_9-3,collectionobject.categoryCountUnit,collectionobject.categorycountunit,Object Identification Information > Object category unit
anthro_9-3,collectionobject.categoryNote,collectionobject.categorynote,Object Identification Information > Object category note
anthro_9-3,collectionobject.objectNameControlled,collectionobject.objectnamecontrolled,Object Identification Information > Object name controlled
anthro_9-3,collectionobject.objectName,collectionobject.objectname,Object Identification Information > Object name
anthro_9-3,collectionobject.objectNameCurrency,collectionobject.objectnamecurrency,Object Identification Information > Object name currency
anthro_9-3,collectionobject.objectNameLevel,collectionobject.objectnamelevel,Object Identification Information > Object name level
anthro_9-3,collectionobject.objectNameSystem,collectionobject.objectnamesystem,Object Identification Information > Object name system
anthro_9-3,collectionobject.objectNameType,collectionobject.objectnametype,Object Identification Information > Object name type
anthro_9-3,collectionobject.objectNameLanguage,collectionobject.objectnamelanguage,Object Identification Information > Object name language
anthro_9-3,collectionobject.objectNameNote,collectionobject.objectnamenote,Object Identification Information > Object name note
anthro_9-3,collectionobject.objectCount,collectionobject.objectcount,Object Identification Information > Object count value
anthro_9-3,collectionobject.objectCountUnit,collectionobject.objectcountunit,Object Identification Information > Object count unit
anthro_9-3,collectionobject.objectCountType,collectionobject.objectcounttype,Object Identification Information > Object count type
anthro_9-3,collectionobject.objectCountCountedBy,collectionobject.objectcountcountedby,Object Identification Information > Object count counted by
anthro_9-3,collectionobject.objectCountDate,collectionobject.objectcountdate,Object Identification Information > Object count date
anthro_9-3,collectionobject.objectCountNote,collectionobject.objectcountnote,Object Identification Information > Object count note
anthro_9-3,collectionobject.assocPeople,collectionobject.assocpeople,Object Identification Information > Associated cultural group
anthro_9-3,collectionobject.assocPeopleType,collectionobject.assocpeopletype,Object Identification Information > Associated cultural group type of assoc.
anthro_9-3,collectionobject.assocPeopleNote,collectionobject.assocpeoplenote,Object Identification Information > Associated cultural group note
anthro_9-3,collectionobject.comment,collectionobject.comment,Object Identification Information > Comment
anthro_9-3,collectionobject.annotationType,collectionobject.annotationtype,Object Identification Information > Annotation type
anthro_9-3,collectionobject.annotationDate,collectionobject.annotationdate,Object Identification Information > Annotation date
anthro_9-3,collectionobject.annotationAuthor,collectionobject.annotationauthor,Object Identification Information > Annotation author
anthro_9-3,collectionobject.annotationNote,collectionobject.annotationnote,Object Identification Information > Annotation note
anthro_9-3,collectionobject.measuredPart,collectionobject.measuredpart,Object Identification Information > Measured part
anthro_9-3,collectionobject.dimensionSummary,collectionobject.dimensionsummary,Object Identification Information > Dimension summary
anthro_9-3,collectionobject.dimension,collectionobject.dimension,Object Identification Information > Measurement dimension
anthro_9-3,collectionobject.measuredBy,collectionobject.measuredby,Object Identification Information > Measured by
anthro_9-3,collectionobject.measurementMethod,collectionobject.measurementmethod,Object Identification Information > Measurement method
anthro_9-3,collectionobject.value,collectionobject.value,Object Identification Information > Measurement value
anthro_9-3,collectionobject.measurementUnit,collectionobject.measurementunit,Object Identification Information > Measurement unit
anthro_9-3,collectionobject.valueQualifier,collectionobject.valuequalifier,Object Identification Information > Measurement qualifier
anthro_9-3,collectionobject.valueDate,collectionobject.valuedate,Object Identification Information > Measurement date
anthro_9-3,collectionobject.measuredPartNote,collectionobject.measuredpartnote,Object Identification Information > Dimension note
anthro_9-3,collectionobject.materialTechniqueDescription,collectionobject.materialtechniquedescription,Object Identification Information > Material/technique description
anthro_9-3,collectionobject.materialControlled,collectionobject.materialcontrolled,Object Identification Information > Material controlled
anthro_9-3,collectionobject.material,collectionobject.material,Object Identification Information > Material
anthro_9-3,collectionobject.materialComponent,collectionobject.materialcomponent,Object Identification Information > Material component
anthro_9-3,collectionobject.materialComponentNote,collectionobject.materialcomponentnote,Object Identification Information > Material component note
anthro_9-3,collectionobject.materialName,collectionobject.materialname,Object Identification Information > Material name
anthro_9-3,collectionobject.materialSource,collectionobject.materialsource,Object Identification Information > Material source
anthro_9-3,collectionobject.title,collectionobject.title,Object Identification Information > Title
anthro_9-3,collectionobject.titleLanguage,collectionobject.titlelanguage,Object Identification Information > Title language
anthro_9-3,collectionobject.titleType,collectionobject.titletype,Object Identification Information > Title type
anthro_9-3,collectionobject.titleTranslation,collectionobject.titletranslation,Object Identification Information > Title translation
anthro_9-3,collectionobject.titleTranslationLanguage,collectionobject.titletranslationlanguage,Object Identification Information > Title translation language
anthro_9-3,collectionobject.usage,collectionobject.usage,Object Identification Information > Usage
anthro_9-3,collectionobject.usageNote,collectionobject.usagenote,Object Identification Information > Usage note
anthro_9-3,collectionobject.fieldCollectionSite,collectionobject.fieldcollectionsite,Object Collection Information > Field collection site
anthro_9-3,collectionobject.fieldCollectionDateGroup,collectionobject.fieldcollectiondategroup,Object Collection Information > Field collection date
anthro_9-3,collectionobject.fieldCollectionMethod,collectionobject.fieldcollectionmethod,Object Collection Information > Field collection method
anthro_9-3,collectionobject.fieldCollectionPlace,collectionobject.fieldcollectionplace,Object Collection Information > Field collection place
anthro_9-3,collectionobject.fieldLocVerbatim,collectionobject.fieldlocverbatim,Object Collection Information > Field collection place (verbatim)
anthro_9-3,collectionobject.fieldCollectionSource,collectionobject.fieldcollectionsource,Object Collection Information > Field collection source
anthro_9-3,collectionobject.fieldCollector,collectionobject.fieldcollector,Object Collection Information > Field collector
anthro_9-3,collectionobject.fieldCollectionNumber,collectionobject.fieldcollectionnumber,Object Collection Information > Field collection number
anthro_9-3,collectionobject.fieldColEventName,collectionobject.fieldcoleventname,Object Collection Information > Field collection event name
anthro_9-3,collectionobject.fieldCollectionEvent,collectionobject.fieldcollectionevent,Object Collection Information > Field collection event
anthro_9-3,collectionobject.fieldCollectionFeature,collectionobject.fieldcollectionfeature,Object Collection Information > Field collection feature
anthro_9-3,collectionobject.fieldCollectionNote,collectionobject.fieldcollectionnote,Object Collection Information > Field collection note
anthro_9-3,collectionobject.objectProductionDateGroup,collectionobject.objectproductiondategroup,Object Production Information > Production date
anthro_9-3,collectionobject.objectProductionEra,collectionobject.objectproductionera,Object Production Information > Production era
anthro_9-3,collectionobject.technique,collectionobject.technique,Object Production Information > Production technique
anthro_9-3,collectionobject.techniqueType,collectionobject.techniquetype,Object Production Information > Production technique type
anthro_9-3,collectionobject.objectProductionPlace,collectionobject.objectproductionplace,Object Production Information > Production place
anthro_9-3,collectionobject.objectProductionPlaceRole,collectionobject.objectproductionplacerole,Object Production Information > Production place role
anthro_9-3,collectionobject.objectProductionPlaceVerbatim,collectionobject.objectproductionplaceverbatim,Object Production Information > Production place (verbatim)
anthro_9-3,collectionobject.objectProductionReason,collectionobject.objectproductionreason,Object Production Information > Production reason
anthro_9-3,collectionobject.objectProductionPeople,collectionobject.objectproductionpeople,Object Production Information > Production cultural group
anthro_9-3,collectionobject.objectProductionPeopleRole,collectionobject.objectproductionpeoplerole,Object Production Information > Production cultural group role
anthro_9-3,collectionobject.objectProductionPerson,collectionobject.objectproductionperson,Object Production Information > Production person
anthro_9-3,collectionobject.objectProductionPersonRole,collectionobject.objectproductionpersonrole,Object Production Information > Production person role
anthro_9-3,collectionobject.objectProductionOrganization,collectionobject.objectproductionorganization,Object Production Information > Production organization
anthro_9-3,collectionobject.objectProductionOrganizationRole,collectionobject.objectproductionorganizationrole,Object Production Information > Production organization role
anthro_9-3,collectionobject.objectProductionAgent,collectionobject.objectproductionagent,Object Production Information > Production agent (verbatim)
anthro_9-3,collectionobject.objectProductionNote,collectionobject.objectproductionnote,Object Production Information > Production note
anthro_9-3,collectionobject.nagpraInventoryName,collectionobject.nagprainventoryname,Repatriation and NAGPRA Compliance Information > NAGPRA inventory
anthro_9-3,collectionobject.nagpraCategory,collectionobject.nagpracategory,Repatriation and NAGPRA Compliance Information > Museum NAGPRA category determination
anthro_9-3,collectionobject.graveAssocCode,collectionobject.graveassoccode,Repatriation and NAGPRA Compliance Information > Grave association code
anthro_9-3,collectionobject.nagpraNote,collectionobject.nagpranote,Repatriation and NAGPRA Compliance Information > NAGPRA note
anthro_9-3,collectionobject.repatriationNote,collectionobject.repatriationnote,Repatriation and NAGPRA Compliance Information > Repatriation note
anthro_9-3,collectionobject.nagpraCulturalDetermination,collectionobject.nagpraculturaldetermination,Repatriation and NAGPRA Compliance Information > NAGPRA cultural determination note
anthro_9-3,collectionobject.nagpraDetermCulture,collectionobject.nagpradetermculture,Repatriation and NAGPRA Compliance Information > Cultural determination culture
anthro_9-3,collectionobject.nagpraDetermType,collectionobject.nagpradetermtype,Repatriation and NAGPRA Compliance Information > Cultural determination type
anthro_9-3,collectionobject.nagpraDetermBy,collectionobject.nagpradetermby,Repatriation and NAGPRA Compliance Information > Cultural determination by
anthro_9-3,collectionobject.nagpraDetermNote,collectionobject.nagpradetermnote,Repatriation and NAGPRA Compliance Information > Cultural determination note
anthro_9-3,collectionobject.nagpraReportFiled,collectionobject.nagprareportfiled,Repatriation and NAGPRA Compliance Information > NAGPRA report filed
anthro_9-3,collectionobject.nagpraReportFiledWith,collectionobject.nagprareportfiledwith,Repatriation and NAGPRA Compliance Information > NAGPRA report filed with
anthro_9-3,collectionobject.nagpraReportFiledBy,collectionobject.nagprareportfiledby,Repatriation and NAGPRA Compliance Information > NAGPRA report filed by
anthro_9-3,collectionobject.nagpraReportFiledDate,collectionobject.nagprareportfileddate,Repatriation and NAGPRA Compliance Information > NAGPRA report filed date
anthro_9-3,collectionobject.nagpraReportFiledNote,collectionobject.nagprareportfilednote,Repatriation and NAGPRA Compliance Information > Reporting note
anthro_9-3,collectionobject.culturalCareNote,collectionobject.culturalcarenote,Cultural Care Information > Cultural care note
anthro_9-3,collectionobject.limitationType,collectionobject.limitationtype,Cultural Care Information > Access limitation type
anthro_9-3,collectionobject.limitationLevel,collectionobject.limitationlevel,Cultural Care Information > Access limitation level
anthro_9-3,collectionobject.limitationDetails,collectionobject.limitationdetails,Cultural Care Information > Access limitation detail
anthro_9-3,collectionobject.requester,collectionobject.requester,Cultural Care Information > Access limitation requestor
anthro_9-3,collectionobject.requestOnBehalfOf,collectionobject.requestonbehalfof,Cultural Care Information > Access limitation requested on behalf of
anthro_9-3,collectionobject.requestDate,collectionobject.requestdate,Cultural Care Information > Access limitation request date
anthro_9-3,collectionobject.form,collectionobject.form,Object Description Information > Form
anthro_9-3,collectionobject.copyNumber,collectionobject.copynumber,Object Description Information > Copy number
anthro_9-3,collectionobject.editionNumber,collectionobject.editionnumber,Object Description Information > Edition number
anthro_9-3,collectionobject.style,collectionobject.style,Object Description Information > Style
anthro_9-3,collectionobject.color,collectionobject.color,Object Description Information > Color
anthro_9-3,collectionobject.apparelSize,collectionobject.apparelsize,Object Description Information > Apparel size
anthro_9-3,collectionobject.physicalDescription,collectionobject.physicaldescription,Object Description Information > Physical description
anthro_9-3,collectionobject.distinguishingFeatures,collectionobject.distinguishingfeatures,Object Description Information > Distinguishing features
anthro_9-3,collectionobject.objectComponentName,collectionobject.objectcomponentname,Object Description Information > Object component name
anthro_9-3,collectionobject.objectComponentInformation,collectionobject.objectcomponentinformation,Object Description Information > Object component information
anthro_9-3,collectionobject.sex,collectionobject.sex,Object Description Information > Biological Information > Sex
anthro_9-3,collectionobject.phase,collectionobject.phase,Object Description Information > Biological Information > Phase
anthro_9-3,collectionobject.ageQualifier,collectionobject.agequalifier,Object Description Information > Biological Information > Age > Age qualifier
anthro_9-3,collectionobject.age,collectionobject.age,Object Description Information > Biological Information > Age > Age value
anthro_9-3,collectionobject.ageUnit,collectionobject.ageunit,Object Description Information > Biological Information > Age > Age unit
anthro_9-3,collectionobject.taxon,collectionobject.taxon,Object Description Information > Biological Information > Taxonomic identification > Taxonomic identification scientific name
anthro_9-3,collectionobject.qualifier,collectionobject.qualifier,Object Description Information > Biological Information > Taxonomic identification > Taxonomic identification qualifier
anthro_9-3,collectionobject.identBy,collectionobject.identby,Object Description Information > Biological Information > Identification by > Taxonomic identification by
anthro_9-3,collectionobject.identDateGroup,collectionobject.identdategroup,Object Description Information > Biological Information > Identification by > Taxonomic identification date
anthro_9-3,collectionobject.institution,collectionobject.institution,Object Description Information > Biological Information > Identification by > Taxonomic identification institution
anthro_9-3,collectionobject.identKind,collectionobject.identkind,Object Description Information > Biological Information > Taxonomic identification kind
anthro_9-3,collectionobject.reference,collectionobject.reference,Object Description Information > Biological Information > Reference > Taxonomic identification reference source
anthro_9-3,collectionobject.refPage,collectionobject.refpage,Object Description Information > Biological Information > Reference > Taxonomic identification reference page
anthro_9-3,collectionobject.notes,collectionobject.notes,Object Description Information > Biological Information > Taxonomic identification note
anthro_9-3,collectionobject.minIndividuals,collectionobject.minindividuals,Object Description Information > Commingled Remains > Commingled remains min. number of individuals
anthro_9-3,collectionobject.bone,collectionobject.bone,Object Description Information > Commingled Remains > Commingled remains bone
anthro_9-3,collectionobject.side,collectionobject.side,Object Description Information > Commingled Remains > Commingled remains side
anthro_9-3,collectionobject.count,collectionobject.count,Object Description Information > Commingled Remains > Commingled remains count
anthro_9-3,collectionobject.dentition,collectionobject.dentition,Object Description Information > Commingled Remains > Commingled remains dentition present?
anthro_9-3,collectionobject.sex,collectionobject.sex,Object Description Information > Commingled Remains > Commingled remains sex
anthro_9-3,collectionobject.ageRange,collectionobject.agerange,Object Description Information > Commingled Remains > Commingled remains age range represented
anthro_9-3,collectionobject.mortuaryTreatment,collectionobject.mortuarytreatment,Object Description Information > Commingled Remains > Mortuary treatment
anthro_9-3,collectionobject.mortuaryTreatmentNote,collectionobject.mortuarytreatmentnote,Object Description Information > Commingled Remains > Mortuary treatment note
anthro_9-3,collectionobject.behrensmeyerSingleLower,collectionobject.behrensmeyersinglelower,Object Description Information > Commingled Remains > Behrensmeyer stage > Behrensmeyer stage - Single/lower
anthro_9-3,collectionobject.behrensmeyerUpper,collectionobject.behrensmeyerupper,Object Description Information > Commingled Remains > Behrensmeyer stage > Behrensmeyer stage - Upper
anthro_9-3,collectionobject.commingledRemainsNote,collectionobject.commingledremainsnote,Object Description Information > Commingled Remains > Commingled remains note
anthro_9-3,collectionobject.contentDescription,collectionobject.contentdescription,Object Description Information > Content > Content description
anthro_9-3,collectionobject.contentLanguage,collectionobject.contentlanguage,Object Description Information > Content > Content language
anthro_9-3,collectionobject.contentActivity,collectionobject.contentactivity,Object Description Information > Content > Content activity
anthro_9-3,collectionobject.contentConcept,collectionobject.contentconcept,Object Description Information > Content > Content concept
anthro_9-3,collectionobject.contentDateGroup,collectionobject.contentdategroup,Object Description Information > Content > Content date
anthro_9-3,collectionobject.contentPosition,collectionobject.contentposition,Object Description Information > Content > Content position
anthro_9-3,collectionobject.contentObject,collectionobject.contentobject,Object Description Information > Content > Content object name
anthro_9-3,collectionobject.contentObjectType,collectionobject.contentobjecttype,Object Description Information > Content > Content object type
anthro_9-3,collectionobject.contentPeople,collectionobject.contentpeople,Object Description Information > Content > Content people
anthro_9-3,collectionobject.contentPerson,collectionobject.contentperson,Object Description Information > Content > Content person
anthro_9-3,collectionobject.controlledContentPlace,collectionobject.controlledcontentplace,Object Description Information > Content > Content place (controlled)
anthro_9-3,collectionobject.contentPlace,collectionobject.contentplace,Object Description Information > Content > Content place
anthro_9-3,collectionobject.contentScript,collectionobject.contentscript,Object Description Information > Content > Content script
anthro_9-3,collectionobject.contentOrganization,collectionobject.contentorganization,Object Description Information > Content > Content organization
anthro_9-3,collectionobject.contentEventName,collectionobject.contenteventname,Object Description Information > Content > Content event name
anthro_9-3,collectionobject.contentEventNameType,collectionobject.contenteventnametype,Object Description Information > Content > Content event type
anthro_9-3,collectionobject.contentEvent,collectionobject.contentevent,Object Description Information > Content > Content controlled event or period/era
anthro_9-3,collectionobject.contentOther,collectionobject.contentother,Object Description Information > Content > Content other name
anthro_9-3,collectionobject.contentOtherType,collectionobject.contentothertype,Object Description Information > Content > Content other type
anthro_9-3,collectionobject.contentNote,collectionobject.contentnote,Object Description Information > Content > Content note
anthro_9-3,collectionobject.inscriptionContent,collectionobject.inscriptioncontent,Object Description Information > Textual Inscription > Textual inscription content
anthro_9-3,collectionobject.inscriptionContentInscriber,collectionobject.inscriptioncontentinscriber,Object Description Information > Textual Inscription > Textual inscription inscriber
anthro_9-3,collectionobject.inscriptionContentLanguage,collectionobject.inscriptioncontentlanguage,Object Description Information > Textual Inscription > Textual inscription language
anthro_9-3,collectionobject.inscriptionContentDateGroup,collectionobject.inscriptioncontentdategroup,Object Description Information > Textual Inscription > Textual inscription date
anthro_9-3,collectionobject.inscriptionContentPosition,collectionobject.inscriptioncontentposition,Object Description Information > Textual Inscription > Textual inscription position
anthro_9-3,collectionobject.inscriptionContentScript,collectionobject.inscriptioncontentscript,Object Description Information > Textual Inscription > Textual inscription script
anthro_9-3,collectionobject.inscriptionContentType,collectionobject.inscriptioncontenttype,Object Description Information > Textual Inscription > Textual inscription type
anthro_9-3,collectionobject.inscriptionContentMethod,collectionobject.inscriptioncontentmethod,Object Description Information > Textual Inscription > Textual inscription method
anthro_9-3,collectionobject.inscriptionContentInterpretation,collectionobject.inscriptioncontentinterpretation,Object Description Information > Textual Inscription > Textual inscription interpretation
anthro_9-3,collectionobject.inscriptionContentTranslation,collectionobject.inscriptioncontenttranslation,Object Description Information > Textual Inscription > Textual inscription translation
anthro_9-3,collectionobject.inscriptionContentTransliteration,collectionobject.inscriptioncontenttransliteration,Object Description Information > Textual Inscription > Textual inscription transliteration
anthro_9-3,collectionobject.inscriptionDescription,collectionobject.inscriptiondescription,Object Description Information > Non-Textual Inscription > Non-textual inscription description
anthro_9-3,collectionobject.inscriptionDescriptionInscriber,collectionobject.inscriptiondescriptioninscriber,Object Description Information > Non-Textual Inscription > Non-textual inscription inscriber
anthro_9-3,collectionobject.inscriptionDescriptionDateGroup,collectionobject.inscriptiondescriptiondategroup,Object Description Information > Non-Textual Inscription > Non-textual inscription date
anthro_9-3,collectionobject.inscriptionDescriptionPosition,collectionobject.inscriptiondescriptionposition,Object Description Information > Non-Textual Inscription > Non-textual inscription position
anthro_9-3,collectionobject.inscriptionDescriptionType,collectionobject.inscriptiondescriptiontype,Object Description Information > Non-Textual Inscription > Non-textual inscription type
anthro_9-3,collectionobject.inscriptionDescriptionMethod,collectionobject.inscriptiondescriptionmethod,Object Description Information > Non-Textual Inscription > Non-textual inscription method
anthro_9-3,collectionobject.inscriptionDescriptionInterpretation,collectionobject.inscriptiondescriptioninterpretation,Object Description Information > Non-Textual Inscription > Non-textual inscription interpretation
anthro_9-3,collectionobject.assocActivity,collectionobject.assocactivity,Object History and Association Information > Associations > Associated activity
anthro_9-3,collectionobject.assocActivityType,collectionobject.assocactivitytype,Object History and Association Information > Associations > Associated activity type
anthro_9-3,collectionobject.assocActivityNote,collectionobject.assocactivitynote,Object History and Association Information > Associations > Associated activity note
anthro_9-3,collectionobject.assocObject,collectionobject.assocobject,Object History and Association Information > Associations > Associated object
anthro_9-3,collectionobject.assocObjectType,collectionobject.assocobjecttype,Object History and Association Information > Associations > Associated object type
anthro_9-3,collectionobject.assocObjectNote,collectionobject.assocobjectnote,Object History and Association Information > Associations > Associated object note
anthro_9-3,collectionobject.assocConcept,collectionobject.assocconcept,Object History and Association Information > Associations > Associated concept
anthro_9-3,collectionobject.assocConceptType,collectionobject.assocconcepttype,Object History and Association Information > Associations > Associated concept type
anthro_9-3,collectionobject.assocConceptNote,collectionobject.assocconceptnote,Object History and Association Information > Associations > Associated concept note
anthro_9-3,collectionobject.assocCulturalContext,collectionobject.assocculturalcontext,Object History and Association Information > Associations > Associated cultural affinity
anthro_9-3,collectionobject.assocCulturalContextType,collectionobject.assocculturalcontexttype,Object History and Association Information > Associations > Associated cultural affinity type
anthro_9-3,collectionobject.assocCulturalContextNote,collectionobject.assocculturalcontextnote,Object History and Association Information > Associations > Associated cultural affinity note
anthro_9-3,collectionobject.assocOrganization,collectionobject.assocorganization,Object History and Association Information > Associations > Associated organization
anthro_9-3,collectionobject.assocOrganizationType,collectionobject.assocorganizationtype,Object History and Association Information > Associations > Associated organization type
anthro_9-3,collectionobject.assocOrganizationNote,collectionobject.assocorganizationnote,Object History and Association Information > Associations > Associated organization note
anthro_9-3,collectionobject.assocPerson,collectionobject.assocperson,Object History and Association Information > Associations > Associated person
anthro_9-3,collectionobject.assocPersonType,collectionobject.assocpersontype,Object History and Association Information > Associations > Associated person type
anthro_9-3,collectionobject.assocPersonNote,collectionobject.assocpersonnote,Object History and Association Information > Associations > Associated person note
anthro_9-3,collectionobject.assocPlace,collectionobject.assocplace,Object History and Association Information > Associations > Associated place
anthro_9-3,collectionobject.assocPlaceType,collectionobject.assocplacetype,Object History and Association Information > Associations > Associated place type
anthro_9-3,collectionobject.assocPlaceNote,collectionobject.assocplacenote,Object History and Association Information > Associations > Associated place note
anthro_9-3,collectionobject.assocEventName,collectionobject.assoceventname,Object History and Association Information > Associations > Associated event > Associated event
anthro_9-3,collectionobject.assocEventNameType,collectionobject.assoceventnametype,Object History and Association Information > Associations > Associated event > Associated event type
anthro_9-3,collectionobject.assocEvent,collectionobject.assocevent,Object History and Association Information > Associations > Associated controlled event or period/era
anthro_9-3,collectionobject.assocEventOrganization,collectionobject.assoceventorganization,Object History and Association Information > Associations > Associated event organization
anthro_9-3,collectionobject.assocEventPeople,collectionobject.assoceventpeople,Object History and Association Information > Associations > Associated event people
anthro_9-3,collectionobject.assocEventPerson,collectionobject.assoceventperson,Object History and Association Information > Associations > Associated event person
anthro_9-3,collectionobject.assocEventPlace,collectionobject.assoceventplace,Object History and Association Information > Associations > Associated event place
anthro_9-3,collectionobject.assocEventNote,collectionobject.assoceventnote,Object History and Association Information > Associations > Associated event note
anthro_9-3,collectionobject.assocStructuredDateGroup,collectionobject.assocstructureddategroup,Object History and Association Information > Associations > Associated date value
anthro_9-3,collectionobject.assocDateType,collectionobject.assocdatetype,Object History and Association Information > Associations > Associated date type
anthro_9-3,collectionobject.assocDateNote,collectionobject.assocdatenote,Object History and Association Information > Associations > Associated date note
anthro_9-3,collectionobject.objectHistoryNote,collectionobject.objecthistorynote,Object History and Association Information > Object history note
anthro_9-3,collectionobject.anthroOwner,collectionobject.anthroowner,Object History and Association Information > Previous owner name
anthro_9-3,collectionobject.anthroOwnershipDateGroup,collectionobject.anthroownershipdategroup,Object History and Association Information > Previous ownership date
anthro_9-3,collectionobject.anthroOwnershipCategory,collectionobject.anthroownershipcategory,Object History and Association Information > Previous ownership category
anthro_9-3,collectionobject.anthroOwnershipPlace,collectionobject.anthroownershipplace,Object History and Association Information > Previous ownership place
anthro_9-3,collectionobject.anthroOwnershipMethod,collectionobject.anthroownershipmethod,Object History and Association Information > Previous ownership exchange method
anthro_9-3,collectionobject.anthroOwnershipPriceCurrency,collectionobject.anthroownershippricecurrency,Object History and Association Information > Previous ownership exchange price currency
anthro_9-3,collectionobject.anthroOwnershipPriceAmount,collectionobject.anthroownershippriceamount,Object History and Association Information > Previous ownership exchange price amount
anthro_9-3,collectionobject.anthroOwnershipNote,collectionobject.anthroownershipnote,Object History and Association Information > Previous ownership note
anthro_9-3,collectionobject.ownersPersonalExperience,collectionobject.ownerspersonalexperience,Object Owner's Contribution Information > Owner's personal experience
anthro_9-3,collectionobject.ownersPersonalResponse,collectionobject.ownerspersonalresponse,Object Owner's Contribution Information > Owner's personal response
anthro_9-3,collectionobject.ownersReference,collectionobject.ownersreference,Object Owner's Contribution Information > Owner's reference
anthro_9-3,collectionobject.ownersContributionNote,collectionobject.ownerscontributionnote,Object Owner's Contribution Information > Owner's contribution note
anthro_9-3,collectionobject.viewersRole,collectionobject.viewersrole,Object Viewer's Contribution Information > Viewer's role
anthro_9-3,collectionobject.viewersPersonalExperience,collectionobject.viewerspersonalexperience,Object Viewer's Contribution Information > Viewer's personal experience
anthro_9-3,collectionobject.viewersPersonalResponse,collectionobject.viewerspersonalresponse,Object Viewer's Contribution Information > Viewer's personal response
anthro_9-3,collectionobject.viewersReference,collectionobject.viewersreference,Object Viewer's Contribution Information > Viewer's reference
anthro_9-3,collectionobject.viewersContributionNote,collectionobject.viewerscontributionnote,Object Viewer's Contribution Information > Viewer's contribution note
anthro_9-3,collectionobject.reference,collectionobject.reference,Bibliographic Reference Information > Reference
anthro_9-3,collectionobject.referenceNote,collectionobject.referencenote,Bibliographic Reference Information > Reference note
anthro_9-3,collectionobject.relatedLink,collectionobject.relatedlink,Bibliographic Reference Information > Published related link url
anthro_9-3,collectionobject.descriptiveTitle,collectionobject.descriptivetitle,Bibliographic Reference Information > Published related link descriptive title
anthro_9-3,collectionobject.fieldLocVerbatim,collectionobject.fieldlocverbatim,Locality Information > Field collection location verbatim
anthro_9-3,collectionobject.fieldLocPlace,collectionobject.fieldlocplace,Locality Information > Field collection place
anthro_9-3,collectionobject.taxonomicRange,collectionobject.taxonomicrange,Locality Information > Geographic range of taxon
anthro_9-3,collectionobject.fieldLocCounty,collectionobject.fieldloccounty,Locality Information > County
anthro_9-3,collectionobject.fieldLocState,collectionobject.fieldlocstate,Locality Information > State
anthro_9-3,collectionobject.fieldLocCountry,collectionobject.fieldloccountry,Locality Information > Country
anthro_9-3,collectionobject.fieldLocHigherGeography,collectionobject.fieldlochighergeography,Locality Information > Higher geography
anthro_9-3,collectionobject.vLatitude,collectionobject.vlatitude,Locality Information > Verbatim latitude
anthro_9-3,collectionobject.vLongitude,collectionobject.vlongitude,Locality Information > Verbatim longitude
anthro_9-3,collectionobject.vCoordinates,collectionobject.vcoordinates,Locality Information > TRS
anthro_9-3,collectionobject.vOtherCoords,collectionobject.vothercoords,Locality Information > Other coords
anthro_9-3,collectionobject.vCoordSys,collectionobject.vcoordsys,Locality Information > Other coords system
anthro_9-3,collectionobject.decimalLatitude,collectionobject.decimallatitude,Locality Information > Decimal latitude
anthro_9-3,collectionobject.decimalLongitude,collectionobject.decimallongitude,Locality Information > Decimal longitude
anthro_9-3,collectionobject.geodeticDatum,collectionobject.geodeticdatum,Locality Information > Datum
anthro_9-3,collectionobject.coordUncertainty,collectionobject.coorduncertainty,Locality Information > Coord uncertainty
anthro_9-3,collectionobject.coordUncertaintyUnit,collectionobject.coorduncertaintyunit,Locality Information > Coord uncertainty unit
anthro_9-3,collectionobject.vDepth,collectionobject.vdepth,Locality Information > Depth > Depth verbatim
anthro_9-3,collectionobject.minDepth,collectionobject.mindepth,Locality Information > Depth > Depth min
anthro_9-3,collectionobject.maxDepth,collectionobject.maxdepth,Locality Information > Depth > Depth max
anthro_9-3,collectionobject.depthUnit,collectionobject.depthunit,Locality Information > Depth > Depth unit
anthro_9-3,collectionobject.vElevation,collectionobject.velevation,Locality Information > Elevation > Elevation verbatim
anthro_9-3,collectionobject.minElevation,collectionobject.minelevation,Locality Information > Elevation > Elevation min
anthro_9-3,collectionobject.maxElevation,collectionobject.maxelevation,Locality Information > Elevation > Elevation max
anthro_9-3,collectionobject.elevationUnit,collectionobject.elevationunit,Locality Information > Elevation > Elevation unit
anthro_9-3,collectionobject.vDistanceAboveSurface,collectionobject.vdistanceabovesurface,Locality Information > Distance above surface > Distance above surface verbatim
anthro_9-3,collectionobject.minDistanceAboveSurface,collectionobject.mindistanceabovesurface,Locality Information > Distance above surface > Distance above surface min
anthro_9-3,collectionobject.maxDistanceAboveSurface,collectionobject.maxdistanceabovesurface,Locality Information > Distance above surface > Distance above surface max
anthro_9-3,collectionobject.distanceAboveSurfaceUnit,collectionobject.distanceabovesurfaceunit,Locality Information > Distance above surface > Distance above surface unit
anthro_9-3,collectionobject.localityNote,collectionobject.localitynote,Locality Information > Locality note
anthro_9-3,collectionobject.localitySource,collectionobject.localitysource,Locality Information > Locality source
anthro_9-3,collectionobject.localitySourceDetail,collectionobject.localitysourcedetail,Locality Information > Locality source detail
anthro_9-3,collectionobject.pointRadiusSpatialFit,collectionobject.pointradiusspatialfit,Locality Information > Georeference Detail > Pt. radius sp. fit
anthro_9-3,collectionobject.footprintWKT,collectionobject.footprintwkt,Locality Information > Georeference Detail > Footprint WKT
anthro_9-3,collectionobject.footprintSRS,collectionobject.footprintsrs,Locality Information > Georeference Detail > Footprint SRS
anthro_9-3,collectionobject.footprintSpatialFit,collectionobject.footprintspatialfit,Locality Information > Georeference Detail > Footprint sp. fit
anthro_9-3,collectionobject.coordPrecision,collectionobject.coordprecision,Locality Information > Georeference Detail > Coord precision
anthro_9-3,collectionobject.geoRefencedBy,collectionobject.georefencedby,Locality Information > Georeference Detail > Georeference by
anthro_9-3,collectionobject.geoRefDateGroup,collectionobject.georefdategroup,Locality Information > Georeference Detail > Georeference date
anthro_9-3,collectionobject.geoRefProtocol,collectionobject.georefprotocol,Locality Information > Georeference Detail > Georeference protocol
anthro_9-3,collectionobject.geoRefSource,collectionobject.georefsource,Locality Information > Georeference Detail > Georeference source
anthro_9-3,collectionobject.geoRefVerificationStatus,collectionobject.georefverificationstatus,Locality Information > Georeference Detail > Georeference verification
anthro_9-3,collectionobject.geoRefRemarks,collectionobject.georefremarks,Locality Information > Georeference Detail > Georeference note
anthro_9-3,collectionobject.geoRefPlaceName,collectionobject.georefplacename,Locality Information > Georeference Detail > Georeference place name
anthro_9-3,collectionobject.rightType,collectionobject.righttype,Rights Management Information > Right type
anthro_9-3,collectionobject.rightBeginDate,collectionobject.rightbegindate,Rights Management Information > Right begin date
anthro_9-3,collectionobject.rightEndDate,collectionobject.rightenddate,Rights Management Information > Right end date
anthro_9-3,collectionobject.rightHolder,collectionobject.rightholder,Rights Management Information > Right holder name
anthro_9-3,collectionobject.rightHolderContact,collectionobject.rightholdercontact,Rights Management Information > Right holder contact
anthro_9-3,collectionobject.rightJurisdiction,collectionobject.rightjurisdiction,Rights Management Information > Right jurisdiction
anthro_9-3,collectionobject.standardizedRightStatement,collectionobject.standardizedrightstatement,Rights Management Information > Standardized right statement
anthro_9-3,collectionobject.rightStatement,collectionobject.rightstatement,Rights Management Information > Right statement
anthro_9-3,collectionobject.rightNote,collectionobject.rightnote,Rights Management Information > Right note
anthro_9-3,collectionobject.rightInType,collectionobject.rightintype,Rights In Management Information > Right in type
anthro_9-3,collectionobject.rightInBeginDate,collectionobject.rightinbegindate,Rights In Management Information > Right in begin date
anthro_9-3,collectionobject.rightInEndDate,collectionobject.rightinenddate,Rights In Management Information > Right in end date
anthro_9-3,collectionobject.agreementSent,collectionobject.agreementsent,Rights In Management Information > Right in agreement sent
anthro_9-3,collectionobject.agreementReceived,collectionobject.agreementreceived,Rights In Management Information > Right in agreement received
anthro_9-3,collectionobject.agreementSigned,collectionobject.agreementsigned,Rights In Management Information > Right in agreement signed
anthro_9-3,collectionobject.rightInRestriction,collectionobject.rightinrestriction,Rights In Management Information > Right in restriction
anthro_9-3,collectionobject.rightReproductionStatement,collectionobject.rightreproductionstatement,Rights In Management Information > Right statement for reproduction
anthro_9-3,collectionobject.rightInNote,collectionobject.rightinnote,Rights In Management Information > Right in note
anthro_9-3,collectionobject.technicalAttribute,collectionobject.technicalattribute,Object Description Information > Technical attribute
anthro_9-3,collectionobject.technicalAttributeMeasurement,collectionobject.technicalattributemeasurement,Object Description Information > Technical attribute measurement
anthro_9-3,collectionobject.technicalAttributeMeasurementUnit,collectionobject.technicalattributemeasurementunit,Object Description Information > Technical attribute measurement unit
anthro_9-3,concept.termDisplayName,concept.termdisplayname,Concept Information > Term display name
anthro_9-3,concept.termName,concept.termname,Concept Information > Term name
anthro_9-3,concept.termQualifier,concept.termqualifier,Concept Information > Term qualifier
anthro_9-3,concept.termStatus,concept.termstatus,Concept Information > Term status
anthro_9-3,concept.termType,concept.termtype,Concept Information > Term type
anthro_9-3,concept.termFlag,concept.termflag,Concept Information > Term flag
anthro_9-3,concept.historicalStatus,concept.historicalstatus,Concept Information > Term historical status
anthro_9-3,concept.termLanguage,concept.termlanguage,Concept Information > Term language
anthro_9-3,concept.termPrefForLang,concept.termprefforlang,Concept Information > Term preferred for lang
anthro_9-3,concept.termSource,concept.termsource,Concept Information > Source > Term source name
anthro_9-3,concept.termSourceDetail,concept.termsourcedetail,Concept Information > Source > Term source detail
anthro_9-3,concept.termSourceID,concept.termsourceid,Concept Information > Source > Term source ID
anthro_9-3,concept.termSourceNote,concept.termsourcenote,Concept Information > Source > Term source note
anthro_9-3,concept.conceptRecordType,concept.conceptrecordtype,Concept Information > Concept type
anthro_9-3,concept.scopeNote,concept.scopenote,Concept Information > Scope note > Scope note
anthro_9-3,concept.scopeNoteSource,concept.scopenotesource,Concept Information > Scope note > Scope note source
anthro_9-3,concept.scopeNoteSourceDetail,concept.scopenotesourcedetail,Concept Information > Scope note > Scope note source detail
anthro_9-3,concept.citationSource,concept.citationsource,Concept Information > Citation source
anthro_9-3,concept.citationSourceDetail,concept.citationsourcedetail,Concept Information > Citation source detail
anthro_9-3,concept.additionalSource,concept.additionalsource,Concept Information > Additional source
anthro_9-3,concept.additionalSourceDetail,concept.additionalsourcedetail,Concept Information > Additional source detail
anthro_9-3,concept.additionalSourceID,concept.additionalsourceid,Concept Information > Additional source ID
anthro_9-3,concept.additionalSourceNote,concept.additionalsourcenote,Concept Information > Additional source note
anthro_9-3,conditioncheck.conditionCheckRefNumber,conditioncheck.conditioncheckrefnumber,Condition Check/Technical Assessment Information > Reference number
anthro_9-3,conditioncheck.conditionCheckAssessmentDate,conditioncheck.conditioncheckassessmentdate,Condition Check/Technical Assessment Information > Check/assessment date
anthro_9-3,conditioncheck.conditionCheckMethod,conditioncheck.conditioncheckmethod,Condition Check/Technical Assessment Information > Method
anthro_9-3,conditioncheck.conditionCheckReason,conditioncheck.conditioncheckreason,Condition Check/Technical Assessment Information > Reason
anthro_9-3,conditioncheck.conditionChecker,conditioncheck.conditionchecker,Condition Check/Technical Assessment Information > Checker/assessor
anthro_9-3,conditioncheck.conditionCheckNote,conditioncheck.conditionchecknote,Condition Check/Technical Assessment Information > Note
anthro_9-3,conditioncheck.objectAuditCategory,conditioncheck.objectauditcategory,Object Condition Information > Object audit category
anthro_9-3,conditioncheck.conservationTreatmentPriority,conditioncheck.conservationtreatmentpriority,Object Condition Information > Conservation treatment priority
anthro_9-3,conditioncheck.nextConditionCheckDate,conditioncheck.nextconditioncheckdate,Object Condition Information > Next check/assessment date
anthro_9-3,conditioncheck.completeness,conditioncheck.completeness,Object Condition Information > Completeness description
anthro_9-3,conditioncheck.completenessDate,conditioncheck.completenessdate,Object Condition Information > Completeness date
anthro_9-3,conditioncheck.completenessNote,conditioncheck.completenessnote,Object Condition Information > Completeness note
anthro_9-3,conditioncheck.hazard,conditioncheck.hazard,Object Condition Information > Hazard description
anthro_9-3,conditioncheck.hazardDate,conditioncheck.hazarddate,Object Condition Information > Hazard date
anthro_9-3,conditioncheck.hazardNote,conditioncheck.hazardnote,Object Condition Information > Hazard note
anthro_9-3,conditioncheck.techAssessment,conditioncheck.techassessment,Object Condition Information > Technical assessment description
anthro_9-3,conditioncheck.techAssessmentDate,conditioncheck.techassessmentdate,Object Condition Information > Technical assessment date
anthro_9-3,conditioncheck.condition,conditioncheck.condition,Object Condition Information > Condition description
anthro_9-3,conditioncheck.conditionDate,conditioncheck.conditiondate,Object Condition Information > Condition date
anthro_9-3,conditioncheck.conditionNote,conditioncheck.conditionnote,Object Condition Information > Condition note
anthro_9-3,conditioncheck.envConditionNote,conditioncheck.envconditionnote,Object Condition Information > Environmental condition note
anthro_9-3,conditioncheck.envConditionNoteDate,conditioncheck.envconditionnotedate,Object Condition Information > Environmental condition date
anthro_9-3,conditioncheck.displayRecommendations,conditioncheck.displayrecommendations,Object Recommendation/Requirement Information > Display recommendation
anthro_9-3,conditioncheck.handlingRecommendations,conditioncheck.handlingrecommendations,Object Recommendation/Requirement Information > Handling recommendation
anthro_9-3,conditioncheck.securityRecommendations,conditioncheck.securityrecommendations,Object Recommendation/Requirement Information > Security recommendation
anthro_9-3,conditioncheck.storageRequirements,conditioncheck.storagerequirements,Object Recommendation/Requirement Information > Storage recommendation
anthro_9-3,conditioncheck.envRecommendations,conditioncheck.envrecommendations,Object Recommendation/Requirement Information > Environmental recommendation
anthro_9-3,conditioncheck.packingRecommendations,conditioncheck.packingrecommendations,Object Recommendation/Requirement Information > Packing recommendation
anthro_9-3,conditioncheck.specialRequirements,conditioncheck.specialrequirements,Object Recommendation/Requirement Information > Special requirement
anthro_9-3,conditioncheck.legalRequirements,conditioncheck.legalrequirements,Object Recommendation/Requirement Information > Legal requirement
anthro_9-3,conditioncheck.legalReqsHeld,conditioncheck.legalreqsheld,Object Recommendation/Requirement Information > Legal/license requirement held description
anthro_9-3,conditioncheck.legalReqsHeldBeginDate,conditioncheck.legalreqsheldbegindate,Object Recommendation/Requirement Information > Legal/license requirement held begin date
anthro_9-3,conditioncheck.legalReqsHeldEndDate,conditioncheck.legalreqsheldenddate,Object Recommendation/Requirement Information > Legal/license requirement held end date
anthro_9-3,conditioncheck.legalReqsHeldNumber,conditioncheck.legalreqsheldnumber,Object Recommendation/Requirement Information > Legal/license requirement held number
anthro_9-3,conditioncheck.legalReqsHeldRenewDate,conditioncheck.legalreqsheldrenewdate,Object Recommendation/Requirement Information > Legal/license requirement held renewal date
anthro_9-3,conditioncheck.salvagePriorityCode,conditioncheck.salvageprioritycode,Object Recommendation/Requirement Information > Salvage priority code
anthro_9-3,conditioncheck.salvagePriorityCodeDate,conditioncheck.salvageprioritycodedate,Object Recommendation/Requirement Information > Salvage priority date
anthro_9-3,conservation.conservationNumber,conservation.conservationnumber,Conservation Treatment Information > Reference number
anthro_9-3,conservation.status,conservation.status,Conservation Treatment Information > Procedural status
anthro_9-3,conservation.statusDate,conservation.statusdate,Conservation Treatment Information > Procedural status date
anthro_9-3,conservation.treatmentPurpose,conservation.treatmentpurpose,Conservation Treatment Information > Treatment purpose
anthro_9-3,conservation.conservator,conservation.conservator,Conservation Treatment Information > Conservator
anthro_9-3,conservation.otherParty,conservation.otherparty,Conservation Treatment Information > Other treatment party name
anthro_9-3,conservation.otherPartyRole,conservation.otherpartyrole,Conservation Treatment Information > Other treatment party role
anthro_9-3,conservation.otherPartyNote,conservation.otherpartynote,Conservation Treatment Information > Other treatment party note
anthro_9-3,conservation.examinationStaff,conservation.examinationstaff,Conservation Treatment Information > Examination staff
anthro_9-3,conservation.examinationPhase,conservation.examinationphase,Conservation Treatment Information > Examination phase of treatment
anthro_9-3,conservation.examinationDate,conservation.examinationdate,Conservation Treatment Information > Examination date
anthro_9-3,conservation.examinationNote,conservation.examinationnote,Conservation Treatment Information > Examination note
anthro_9-3,conservation.fabricationNote,conservation.fabricationnote,Conservation Treatment Information > Fabrication note
anthro_9-3,conservation.proposedTreatment,conservation.proposedtreatment,Conservation Treatment Information > Proposed treatment
anthro_9-3,conservation.approvedBy,conservation.approvedby,Conservation Treatment Information > Approved by
anthro_9-3,conservation.approvedDate,conservation.approveddate,Conservation Treatment Information > Approval date
anthro_9-3,conservation.treatmentStartDate,conservation.treatmentstartdate,Conservation Treatment Information > Treatment start date
anthro_9-3,conservation.treatmentEndDate,conservation.treatmentenddate,Conservation Treatment Information > Treatment end date
anthro_9-3,conservation.treatmentSummary,conservation.treatmentsummary,Conservation Treatment Information > Treatment summary
anthro_9-3,conservation.proposedAnalysis,conservation.proposedanalysis,Object Analysis Information > Proposed analysis
anthro_9-3,conservation.researcher,conservation.researcher,Object Analysis Information > Analysis researcher
anthro_9-3,conservation.proposedAnalysisDate,conservation.proposedanalysisdate,Object Analysis Information > Analysis proposal date
anthro_9-3,conservation.destAnalysisApprovedDate,conservation.destanalysisapproveddate,Object Analysis Information > Destructive analysis approval date
anthro_9-3,conservation.destAnalysisApprovalNote,conservation.destanalysisapprovalnote,Object Analysis Information > Destructive analysis approval note
anthro_9-3,conservation.sampleBy,conservation.sampleby,Object Analysis Information > Destructive analysis sample taken by
anthro_9-3,conservation.sampleDate,conservation.sampledate,Object Analysis Information > Destructive analysis sample date
anthro_9-3,conservation.sampleDescription,conservation.sampledescription,Object Analysis Information > Destructive analysis sample description
anthro_9-3,conservation.sampleReturned,conservation.samplereturned,Object Analysis Information > Destructive analysis sample returned
anthro_9-3,conservation.sampleReturnedLocation,conservation.samplereturnedlocation,Object Analysis Information > Destructive analysis sample returned location
anthro_9-3,conservation.analysisMethod,conservation.analysismethod,Object Analysis Information > Analytical methodology
anthro_9-3,conservation.analysisResults,conservation.analysisresults,Object Analysis Information > Analytical result
anthro_9-3,consultation.consultationNumber,consultation.consultationnumber,Consultation Information > Consultation number
anthro_9-3,consultation.consultationDate,consultation.consultationdate,Consultation Information > Initial consultation date
anthro_9-3,consultation.consultationOutcome,consultation.consultationoutcome,Consultation Information > Consultation outcome
anthro_9-3,consultation.reason,consultation.reason,Consultation Information > Consultation reason
anthro_9-3,consultation.note,consultation.note,Consultation Information > Consultation note
anthro_9-3,consultation.involvedParty,consultation.involvedparty,Consultation Information > Parties involved person
anthro_9-3,consultation.involvedOnBehalfOf,consultation.involvedonbehalfof,Consultation Information > Parties involved on behalf of
anthro_9-3,consultation.involvedRole,consultation.involvedrole,Consultation Information > Parties involved role
anthro_9-3,consultation.consultType,consultation.consulttype,Consultation Information > Consultation log type
anthro_9-3,consultation.consultParty,consultation.consultparty,Consultation Information > Consultation log recipient
anthro_9-3,consultation.consultStatus,consultation.consultstatus,Consultation Information > Consultation log status
anthro_9-3,consultation.consultDate,consultation.consultdate,Consultation Information > Consultation log date
anthro_9-3,consultation.consultNote,consultation.consultnote,Consultation Information > Consultation log note
anthro_9-3,deaccession.deaccessionNumber,deaccession.deaccessionnumber,Deaccession Information > Deaccession number
anthro_9-3,deaccession.deaccessionReason,deaccession.deaccessionreason,Deaccession Information > Deaccession reason
anthro_9-3,deaccession.deaccessionDate,deaccession.deaccessiondate,Deaccession Information > Deaccession date
anthro_9-3,deaccession.deaccessionRationale,deaccession.deaccessionrationale,Deaccession Information > Deaccession rationale
anthro_9-3,deaccession.deaccessionNote,deaccession.deaccessionnote,Deaccession Information > Deaccession note
anthro_9-3,deaccession.deaccessionApprovalGroup,deaccession.deaccessionapprovalgroup,Deaccession Information > Deaccession approval group > Deaccession approval group
anthro_9-3,deaccession.deaccessionApprovalIndividual,deaccession.deaccessionapprovalindividual,Deaccession Information > Deaccession approval group > Deaccession approval individual
anthro_9-3,deaccession.deaccessionApprovalStatus,deaccession.deaccessionapprovalstatus,Deaccession Information > Deaccession approval group > Deaccession approval status
anthro_9-3,deaccession.deaccessionApprovalDate,deaccession.deaccessionapprovaldate,Deaccession Information > Deaccession approval group > Deaccession approval date
anthro_9-3,deaccession.deaccessionApprovalNote,deaccession.deaccessionapprovalnote,Deaccession Information > Deaccession approval group > Deaccession approval note
anthro_9-3,deaccession.involvedParty,deaccession.involvedparty,Deaccession Information > Parties involved person
anthro_9-3,deaccession.involvedOnBehalfOf,deaccession.involvedonbehalfof,Deaccession Information > Parties involved on behalf of
anthro_9-3,deaccession.involvedRole,deaccession.involvedrole,Deaccession Information > Parties involved role
anthro_9-3,deaccession.exitDate,deaccession.exitdate,Proposed Exit Details > Exit date
anthro_9-3,deaccession.exitRecipient,deaccession.exitrecipient,Proposed Exit Details > Exit recipient
anthro_9-3,deaccession.exitMethod,deaccession.exitmethod,Proposed Exit Details > Exit method
anthro_9-3,dutyofcare.dutyOfCareNumber,dutyofcare.dutyofcarenumber,Duty of Care Information > Duty of care number
anthro_9-3,dutyofcare.dutyOfCareTitle,dutyofcare.dutyofcaretitle,Duty of Care Information > Title
anthro_9-3,dutyofcare.originationDate,dutyofcare.originationdate,Duty of Care Information > Origination date
anthro_9-3,dutyofcare.note,dutyofcare.note,Duty of Care Information > Note
anthro_9-3,dutyofcare.involvedParty,dutyofcare.involvedparty,Duty of Care Information > Parties involved person
anthro_9-3,dutyofcare.involvedOnBehalfOf,dutyofcare.involvedonbehalfof,Duty of Care Information > Parties involved on behalf of
anthro_9-3,dutyofcare.involvedRole,dutyofcare.involvedrole,Duty of Care Information > Parties involved roles
anthro_9-3,dutyofcare.detailType,dutyofcare.detailtype,Duty of Care Information > Duty of care detail type
anthro_9-3,dutyofcare.detailLevel,dutyofcare.detaillevel,Duty of Care Information > Duty of care detail level
anthro_9-3,dutyofcare.detailDeterminedBy,dutyofcare.detaildeterminedby,Duty of Care Information > Duty of care detail determined by
anthro_9-3,dutyofcare.detailDeterminationDate,dutyofcare.detaildeterminationdate,Duty of Care Information > Duty of care detail determination date
anthro_9-3,dutyofcare.detailNote,dutyofcare.detailnote,Duty of Care Information > Duty of care detail note
anthro_9-3,exhibition.exhibitionNumber,exhibition.exhibitionnumber,Exhibition Information > Exhibition number
anthro_9-3,exhibition.type,exhibition.type,Exhibition Information > Type
anthro_9-3,exhibition.title,exhibition.title,Exhibition Information > Title
anthro_9-3,exhibition.sponsor,exhibition.sponsor,Exhibition Information > Sponsor
anthro_9-3,exhibition.organizer,exhibition.organizer,Exhibition Information > Organizer
anthro_9-3,exhibition.publishTo,exhibition.publishto,Exhibition Information > Publish to
anthro_9-3,exhibition.venue,exhibition.venue,Exhibition Information > Venue name
anthro_9-3,exhibition.venueOpeningDate,exhibition.venueopeningdate,Exhibition Information > Venue opening date
anthro_9-3,exhibition.venueClosingDate,exhibition.venueclosingdate,Exhibition Information > Venue closing date
anthro_9-3,exhibition.venueAttendance,exhibition.venueattendance,Exhibition Information > Venue attendance
anthro_9-3,exhibition.venueUrl,exhibition.venueurl,Exhibition Information > Venue web address
anthro_9-3,exhibition.workingGroupTitle,exhibition.workinggrouptitle,Exhibition Information > Working group title
anthro_9-3,exhibition.workingGroupNote,exhibition.workinggroupnote,Exhibition Information > Working group note
anthro_9-3,exhibition.exhibitionPerson,exhibition.exhibitionperson,Exhibition Information > Working group member name
anthro_9-3,exhibition.exhibitionPersonRole,exhibition.exhibitionpersonrole,Exhibition Information > Working group member role
anthro_9-3,exhibition.planningNote,exhibition.planningnote,Exhibition Information > Planning note
anthro_9-3,exhibition.curatorialNote,exhibition.curatorialnote,Exhibition Information > Curatorial note
anthro_9-3,exhibition.generalNote,exhibition.generalnote,Exhibition Information > General note
anthro_9-3,exhibition.boilerplateText,exhibition.boilerplatetext,Exhibition Information > Boilerplate text
anthro_9-3,exhibition.galleryRotationName,exhibition.galleryrotationname,Exhibition Information > Gallery rotation name
anthro_9-3,exhibition.galleryRotationStartDateGroup,exhibition.galleryrotationstartdategroup,Exhibition Information > Gallery rotation start date
anthro_9-3,exhibition.galleryRotationEndDateGroup,exhibition.galleryrotationenddategroup,Exhibition Information > Gallery rotation end date
anthro_9-3,exhibition.galleryRotationNote,exhibition.galleryrotationnote,Exhibition Information > Gallery rotation note
anthro_9-3,exhibition.exhibitionReference,exhibition.exhibitionreference,Exhibition Information > Bibliographic reference
anthro_9-3,exhibition.exhibitionReferenceType,exhibition.exhibitionreferencetype,Exhibition Information > Bibliographic reference type
anthro_9-3,exhibition.exhibitionReferenceNote,exhibition.exhibitionreferencenote,Exhibition Information > Bibliographic reference note
anthro_9-3,exhibition.exhibitionSectionName,exhibition.exhibitionsectionname,Exhibition Planning Information > Exhibition section name
anthro_9-3,exhibition.exhibitionSectionLocation,exhibition.exhibitionsectionlocation,Exhibition Planning Information > Exhibition section location
anthro_9-3,exhibition.exhibitionSectionObjects,exhibition.exhibitionsectionobjects,Exhibition Planning Information > Exhibition section objects
anthro_9-3,exhibition.exhibitionSectionNote,exhibition.exhibitionsectionnote,Exhibition Planning Information > Exhibition section note
anthro_9-3,exhibition.exhibitionStatus,exhibition.exhibitionstatus,Exhibition Planning Information > Exhibition status
anthro_9-3,exhibition.exhibitionStatusDate,exhibition.exhibitionstatusdate,Exhibition Planning Information > Exhibition status date
anthro_9-3,exhibition.exhibitionStatusNote,exhibition.exhibitionstatusnote,Exhibition Planning Information > Exhibition status note
anthro_9-3,exhibition.exhibitionObjectNumber,exhibition.exhibitionobjectnumber,Exhibited Object Information > Object number
anthro_9-3,exhibition.exhibitionObjectName,exhibition.exhibitionobjectname,Exhibited Object Information > Object name
anthro_9-3,exhibition.exhibitionObjectConsCheckDate,exhibition.exhibitionobjectconscheckdate,Exhibited Object Information > Object cons. check
anthro_9-3,exhibition.exhibitionObjectConsTreatment,exhibition.exhibitionobjectconstreatment,Exhibited Object Information > Object cons. treatment
anthro_9-3,exhibition.exhibitionObjectMount,exhibition.exhibitionobjectmount,Exhibited Object Information > Object mount
anthro_9-3,exhibition.exhibitionObjectSection,exhibition.exhibitionobjectsection,Exhibited Object Information > Object section
anthro_9-3,exhibition.exhibitionObjectCase,exhibition.exhibitionobjectcase,Exhibited Object Information > Object case
anthro_9-3,exhibition.exhibitionObjectSeqNum,exhibition.exhibitionobjectseqnum,Exhibited Object Information > Object seq. #
anthro_9-3,exhibition.exhibitionObjectRotation,exhibition.exhibitionobjectrotation,Exhibited Object Information > Object rotation
anthro_9-3,exhibition.exhibitionObjectNote,exhibition.exhibitionobjectnote,Exhibited Object Information > Object note
anthro_9-3,exit.exitNumber,exit.exitnumber,Object Exit Information > Exit number
anthro_9-3,exit.exitDate,exit.exitdate,Object Exit Information > Exit date
anthro_9-3,exit.reason,exit.reason,Object Exit Information > Exit reason
anthro_9-3,exit.method,exit.method,Object Exit Information > Exit method
anthro_9-3,exit.owner,exit.owner,Object Exit Information > Owner after exit
anthro_9-3,exit.agent,exit.agent,Object Exit Information > Exit agent name
anthro_9-3,exit.role,exit.role,Object Exit Information > Exit agent role
anthro_9-3,exit.exitCountNote,exit.exitcountnote,Object Exit Information > Exit count note
anthro_9-3,exit.note,exit.note,Object Exit Information > Note
anthro_9-3,exit.group,exit.group,Object Exit Information > Approval status group
anthro_9-3,exit.individual,exit.individual,Object Exit Information > Approval status individual
anthro_9-3,exit.status,exit.status,Object Exit Information > Approval status
anthro_9-3,exit.date,exit.date,Object Exit Information > Approval status date
anthro_9-3,exit.approvalStatusNote,exit.approvalstatusnote,Object Exit Information > Approval status note
anthro_9-3,exit.saleCurrency,exit.salecurrency,Sale Information > Sale/auction currency
anthro_9-3,exit.saleValue,exit.salevalue,Sale Information > Sale/auction value
anthro_9-3,exit.saleDate,exit.saledate,Sale Information > Sale/auction date
anthro_9-3,exit.saleNumber,exit.salenumber,Sale Information > Sale/auction number
anthro_9-3,exit.saleLot,exit.salelot,Sale Information > Sale/auction lot
anthro_9-3,exit.saleNote,exit.salenote,Sale Information > Sale/auction note
anthro_9-3,group.title,group.title,Group Information > Title
anthro_9-3,group.responsibleDepartment,group.responsibledepartment,Group Information > Responsible department
anthro_9-3,group.owner,group.owner,Group Information > Group owner
anthro_9-3,group.groupEarliestSingleDate,group.groupearliestsingledate,Group Information > Earliest/single date
anthro_9-3,group.groupLatestDate,group.grouplatestdate,Group Information > Latest date
anthro_9-3,group.scopeNote,group.scopenote,Group Information > Scope note
anthro_9-3,heldintrust.heldInTrustNumber,heldintrust.heldintrustnumber,Held-in-Trust Information > Held-in-Trust number
anthro_9-3,heldintrust.owner,heldintrust.owner,Held-in-Trust Information > Owner
anthro_9-3,heldintrust.plannedReturnDate,heldintrust.plannedreturndate,Held-in-Trust Information > Planned return date
anthro_9-3,heldintrust.plannedReturnNote,heldintrust.plannedreturnnote,Held-in-Trust Information > Planned return note
anthro_9-3,heldintrust.agreementDescription,heldintrust.agreementdescription,Held-in-Trust Information > Description of agreement
anthro_9-3,heldintrust.typeOfAgreement,heldintrust.typeofagreement,Held-in-Trust Information > Type of agreement
anthro_9-3,heldintrust.agreementRenewalDate,heldintrust.agreementrenewaldate,Held-in-Trust Information > Agreement renewal date
anthro_9-3,heldintrust.note,heldintrust.note,Held-in-Trust Information > Note
anthro_9-3,heldintrust.agreementGroup,heldintrust.agreementgroup,Held-in-Trust Information > Held-in-Trust status group
anthro_9-3,heldintrust.agreementIndividual,heldintrust.agreementindividual,Held-in-Trust Information > Held-in-Trust status individual
anthro_9-3,heldintrust.agreementStatus,heldintrust.agreementstatus,Held-in-Trust Information > Held-in-Trust status
anthro_9-3,heldintrust.agreementDate,heldintrust.agreementdate,Held-in-Trust Information > Held-in-Trust status date
anthro_9-3,heldintrust.agreementNote,heldintrust.agreementnote,Held-in-Trust Information > Held-in-Trust status note
anthro_9-3,heldintrust.correspondenceSender,heldintrust.correspondencesender,Held-in-Trust Information > Correspondence sender
anthro_9-3,heldintrust.correspondenceRecipient,heldintrust.correspondencerecipient,Held-in-Trust Information > Correspondence recipient
anthro_9-3,heldintrust.correspondenceType,heldintrust.correspondencetype,Held-in-Trust Information > Correspondence type
anthro_9-3,heldintrust.correspondenceDate,heldintrust.correspondencedate,Held-in-Trust Information > Correspondence date
anthro_9-3,heldintrust.correspondenceSummary,heldintrust.correspondencesummary,Held-in-Trust Information > Correspondence summary
anthro_9-3,heldintrust.culturalCareNote,heldintrust.culturalcarenote,Cultural Care Information > Cultural care note
anthro_9-3,heldintrust.limitationType,heldintrust.limitationtype,Cultural Care Information > Access limitation type
anthro_9-3,heldintrust.limitationLevel,heldintrust.limitationlevel,Cultural Care Information > Access limitation level
anthro_9-3,heldintrust.limitationDetails,heldintrust.limitationdetails,Cultural Care Information > Access limitation detail
anthro_9-3,heldintrust.requester,heldintrust.requester,Cultural Care Information > Access limitation requester
anthro_9-3,heldintrust.requestOnBehalfOf,heldintrust.requestonbehalfof,Cultural Care Information > Access limitation requested on behalf of
anthro_9-3,heldintrust.requestDate,heldintrust.requestdate,Cultural Care Information > Access limitation request date
anthro_9-3,insurance.insuranceIndemnityReferenceNumber,insurance.insuranceindemnityreferencenumber,Insurance and Indemnity Information > Reference number
anthro_9-3,insurance.insuranceIndemnityType,insurance.insuranceindemnitytype,Insurance and Indemnity Information > Type
anthro_9-3,insurance.insurerIndemnifier,insurance.insurerindemnifier,Insurance and Indemnity Information > Insurer/indemnifier
anthro_9-3,insurance.insuranceIndemnityPolicyNumber,insurance.insuranceindemnitypolicynumber,Insurance and Indemnity Information > Policy number
anthro_9-3,insurance.insuranceIndemnityCurrency,insurance.insuranceindemnitycurrency,Insurance and Indemnity Information > Insurance/indemnity price > Insurance/indemnity price currency
anthro_9-3,insurance.insuranceIndemnityValue,insurance.insuranceindemnityvalue,Insurance and Indemnity Information > Insurance/indemnity price > Insurance/indemnity price value
anthro_9-3,insurance.minimumLiabilityCurrency,insurance.minimumliabilitycurrency,Insurance and Indemnity Information > Minimum liability price > Minimum liability price currency
anthro_9-3,insurance.minimumLiabilityValue,insurance.minimumliabilityvalue,Insurance and Indemnity Information > Minimum liability price > Minimum liability price value
anthro_9-3,insurance.insuranceIndemnityAuthorizer,insurance.insuranceindemnityauthorizer,Insurance and Indemnity Information > Authorization > Authorizer
anthro_9-3,insurance.insuranceIndemnityAuthorizationDate,insurance.insuranceindemnityauthorizationdate,Insurance and Indemnity Information > Authorization > Authorization date
anthro_9-3,insurance.insuranceIndemnityStatus,insurance.insuranceindemnitystatus,Insurance and Indemnity Information > Status type
anthro_9-3,insurance.insuranceIndemnityStatusDate,insurance.insuranceindemnitystatusdate,Insurance and Indemnity Information > Status date
anthro_9-3,insurance.insuranceIndemnityStatusNote,insurance.insuranceindemnitystatusnote,Insurance and Indemnity Information > Status note
anthro_9-3,insurance.insuranceIndemnityNote,insurance.insuranceindemnitynote,Insurance and Indemnity Information > Note
anthro_9-3,insurance.insuranceIndemnityQuoteProvider,insurance.insuranceindemnityquoteprovider,Insurance and Indemnity Information > Quote provider
anthro_9-3,insurance.insuranceIndemnityQuoteCurrency,insurance.insuranceindemnityquotecurrency,Insurance and Indemnity Information > Quote currency
anthro_9-3,insurance.insuranceIndemnityQuoteValue,insurance.insuranceindemnityquotevalue,Insurance and Indemnity Information > Quote value
anthro_9-3,insurance.insuranceIndemnityQuoteDate,insurance.insuranceindemnityquotedate,Insurance and Indemnity Information > Quote date
anthro_9-3,intake.entryNumber,intake.entrynumber,Object Entry Information > Entry number
anthro_9-3,intake.entryDate,intake.entrydate,Object Entry Information > Entry date
anthro_9-3,intake.entryReason,intake.entryreason,Object Entry Information > Entry reason
anthro_9-3,intake.entryMethod,intake.entrymethod,Object Entry Information > Entry method
anthro_9-3,intake.returnDate,intake.returndate,Object Entry Information > Return date
anthro_9-3,intake.currentOwner,intake.currentowner,Object Entry Information > Current owner
anthro_9-3,intake.depositor,intake.depositor,Object Entry Information > Depositor name
anthro_9-3,intake.depositorsRequirements,intake.depositorsrequirements,Object Entry Information > Depositor requirements
anthro_9-3,intake.approvalGroup,intake.approvalgroup,Object Entry Information > Approval group > Approval group
anthro_9-3,intake.approvalIndividual,intake.approvalindividual,Object Entry Information > Approval group > Approval individual
anthro_9-3,intake.approvalStatus,intake.approvalstatus,Object Entry Information > Approval group > Approval status
anthro_9-3,intake.approvalDate,intake.approvaldate,Object Entry Information > Approval group > Approval status date
anthro_9-3,intake.approvalNote,intake.approvalnote,Object Entry Information > Approval group > Approval note
anthro_9-3,intake.entryNote,intake.entrynote,Object Entry Information > Entry note
anthro_9-3,intake.packingNote,intake.packingnote,Object Entry Information > Packing note
anthro_9-3,intake.fieldCollectionDate,intake.fieldcollectiondate,Object Collection Information > Field collection date
anthro_9-3,intake.fieldCollectionMethod,intake.fieldcollectionmethod,Object Collection Information > Field collection method
anthro_9-3,intake.fieldCollectionNote,intake.fieldcollectionnote,Object Collection Information > Field collection note
anthro_9-3,intake.fieldCollectionNumber,intake.fieldcollectionnumber,Object Collection Information > Field collection number
anthro_9-3,intake.fieldCollectionPlace,intake.fieldcollectionplace,Object Collection Information > Field collection place
anthro_9-3,intake.fieldCollectionSource,intake.fieldcollectionsource,Object Collection Information > Field collection source
anthro_9-3,intake.fieldCollector,intake.fieldcollector,Object Collection Information > Field collector
anthro_9-3,intake.fieldCollectionEventName,intake.fieldcollectioneventname,Object Collection Information > Field collection event name
anthro_9-3,intake.valuer,intake.valuer,Valuation Information > Valuer
anthro_9-3,intake.valuationReferenceNumber,intake.valuationreferencenumber,Valuation Information > Valuation reference number
anthro_9-3,intake.insurer,intake.insurer,Insurance Information > Insurer
anthro_9-3,intake.insurancePolicyNumber,intake.insurancepolicynumber,Insurance Information > Insurance policy number
anthro_9-3,intake.insuranceRenewalDate,intake.insurancerenewaldate,Insurance Information > Insurance renewal date
anthro_9-3,intake.insuranceReferenceNumber,intake.insurancereferencenumber,Insurance Information > Insurance reference number
anthro_9-3,intake.insuranceNote,intake.insurancenote,Insurance Information > Insurance note
anthro_9-3,intake.currentLocation,intake.currentlocation,Location Information > Current location
anthro_9-3,intake.currentLocationFitness,intake.currentlocationfitness,Location Information > Current location fitness
anthro_9-3,intake.currentLocationNote,intake.currentlocationnote,Location Information > Current location note
anthro_9-3,intake.locationDate,intake.locationdate,Location Information > Location date
anthro_9-3,intake.normalLocation,intake.normallocation,Location Information > Normal location
anthro_9-3,intake.conditionCheckMethod,intake.conditioncheckmethod,Condition Check Information > Condition check method
anthro_9-3,intake.conditionCheckReason,intake.conditioncheckreason,Condition Check Information > Condition check reason
anthro_9-3,intake.conditionCheckerOrAssessor,intake.conditioncheckerorassessor,Condition Check Information > Condition check assessor
anthro_9-3,intake.conditionCheckDate,intake.conditioncheckdate,Condition Check Information > Condition check date
anthro_9-3,intake.conditionCheckReferenceNumber,intake.conditioncheckreferencenumber,Condition Check Information > Condition check reference number
anthro_9-3,intake.conditionCheckNote,intake.conditionchecknote,Condition Check Information > Condition check note
anthro_9-3,loanin.loanInNumber,loanin.loaninnumber,Loan In Information > Loan in number
anthro_9-3,loanin.loanPurpose,loanin.loanpurpose,Loan In Information > Loan purpose
anthro_9-3,loanin.loanGroup,loanin.loangroup,Loan In Information > Loan status group
anthro_9-3,loanin.loanIndividual,loanin.loanindividual,Loan In Information > Loan status individual
anthro_9-3,loanin.loanStatus,loanin.loanstatus,Loan In Information > Loan status
anthro_9-3,loanin.loanStatusDate,loanin.loanstatusdate,Loan In Information > Loan status date
anthro_9-3,loanin.loanStatusNote,loanin.loanstatusnote,Loan In Information > Loan status note
anthro_9-3,loanin.lender,loanin.lender,Loan In Information > Lender name
anthro_9-3,loanin.lendersContact,loanin.lenderscontact,Loan In Information > Lender contact
anthro_9-3,loanin.lendersAuthorizer,loanin.lendersauthorizer,Loan In Information > Lender authorizer
anthro_9-3,loanin.lendersAuthorizationDate,loanin.lendersauthorizationdate,Loan In Information > Lender authorization date
anthro_9-3,loanin.borrowersContact,loanin.borrowerscontact,Loan In Information > Borrower > Borrower contact
anthro_9-3,loanin.borrowersAuthorizer,loanin.borrowersauthorizer,Loan In Information > Borrower > Borrower authorizer
anthro_9-3,loanin.borrowersAuthorizationDate,loanin.borrowersauthorizationdate,Loan In Information > Borrower > Borrower authorization date
anthro_9-3,loanin.loanInConditions,loanin.loaninconditions,Loan In Information > Conditions of loan
anthro_9-3,loanin.loanInNote,loanin.loaninnote,Loan In Information > Note
anthro_9-3,loanin.loanInDate,loanin.loanindate,Loan In Information > Loan in date
anthro_9-3,loanin.loanReturnDate,loanin.loanreturndate,Loan In Information > Loan return date
anthro_9-3,loanin.loanRenewalApplicationDate,loanin.loanrenewalapplicationdate,Loan In Information > Loan renewal application date
anthro_9-3,loanin.creditLine,loanin.creditline,Loan In Information > Credit line
anthro_9-3,loanout.loanOutNumber,loanout.loanoutnumber,Loan Out Information > Loan out number
anthro_9-3,loanout.loanPurpose,loanout.loanpurpose,Loan Out Information > Loan purpose
anthro_9-3,loanout.lendersAuthorizer,loanout.lendersauthorizer,Loan Out Information > Lender > Lender authorizer
anthro_9-3,loanout.lendersContact,loanout.lenderscontact,Loan Out Information > Lender > Lender contact
anthro_9-3,loanout.lendersAuthorizationDate,loanout.lendersauthorizationdate,Loan Out Information > Lender > Lender authorization date
anthro_9-3,loanout.borrower,loanout.borrower,Loan Out Information > Borrower > Borrower name
anthro_9-3,loanout.borrowersContact,loanout.borrowerscontact,Loan Out Information > Borrower > Borrower contact
anthro_9-3,loanout.borrowersAuthorizer,loanout.borrowersauthorizer,Loan Out Information > Borrower > Borrower authorizer
anthro_9-3,loanout.borrowersAuthorizationDate,loanout.borrowersauthorizationdate,Loan Out Information > Borrower > Borrower authorization date
anthro_9-3,loanout.specialConditionsOfLoan,loanout.specialconditionsofloan,Loan Out Information > Conditions of loan
anthro_9-3,loanout.loanOutNote,loanout.loanoutnote,Loan Out Information > Note
anthro_9-3,loanout.loanGroup,loanout.loangroup,Loan Out Information > Loan status group
anthro_9-3,loanout.loanIndividual,loanout.loanindividual,Loan Out Information > Loan status individual
anthro_9-3,loanout.loanStatus,loanout.loanstatus,Loan Out Information > Loan status
anthro_9-3,loanout.loanStatusDate,loanout.loanstatusdate,Loan Out Information > Loan status date
anthro_9-3,loanout.loanStatusNote,loanout.loanstatusnote,Loan Out Information > Loan status note
anthro_9-3,loanout.loanOutDate,loanout.loanoutdate,Loan Out Information > Loan out date
anthro_9-3,loanout.loanReturnDate,loanout.loanreturndate,Loan Out Information > Loan return date
anthro_9-3,loanout.loanRenewalApplicationDate,loanout.loanrenewalapplicationdate,Loan Out Information > Loan renewal application date
anthro_9-3,loanout.creditLine,loanout.creditline,Loan Out Information > Credit line
anthro_9-3,location.termDisplayName,location.termdisplayname,Storage Location Information > Term display name
anthro_9-3,location.termName,location.termname,Storage Location Information > Term name
anthro_9-3,location.termQualifier,location.termqualifier,Storage Location Information > Term qualifier
anthro_9-3,location.termStatus,location.termstatus,Storage Location Information > Term status
anthro_9-3,location.termType,location.termtype,Storage Location Information > Term type
anthro_9-3,location.termFlag,location.termflag,Storage Location Information > Term flag
anthro_9-3,location.termLanguage,location.termlanguage,Storage Location Information > Term language
anthro_9-3,location.termPrefForLang,location.termprefforlang,Storage Location Information > Term preferred for lang
anthro_9-3,location.termSource,location.termsource,Storage Location Information > Source > Term source name
anthro_9-3,location.termSourceDetail,location.termsourcedetail,Storage Location Information > Source > Term source detail
anthro_9-3,location.termSourceID,location.termsourceid,Storage Location Information > Source > Term source ID
anthro_9-3,location.termSourceNote,location.termsourcenote,Storage Location Information > Source > Term source note
anthro_9-3,location.locationType,location.locationtype,Storage Location Information > Storage location type
anthro_9-3,location.securityNote,location.securitynote,Storage Location Information > Security note
anthro_9-3,location.address,location.address,Storage Location Information > Address
anthro_9-3,location.accessNote,location.accessnote,Storage Location Information > Access note
anthro_9-3,location.conditionNote,location.conditionnote,Storage Location Information > Condition note
anthro_9-3,location.conditionNoteDate,location.conditionnotedate,Storage Location Information > Condition note date
anthro_9-3,media.identificationNumber,media.identificationnumber,Media Handling Information > Identification number
anthro_9-3,media.title,media.title,Media Handling Information > Title
anthro_9-3,media.publishTo,media.publishto,Media Handling Information > Publish to
anthro_9-3,media.name,media.name,File Information > Name
anthro_9-3,media.mimeType,media.mimetype,File Information > Type
anthro_9-3,media.length,media.length,File Information > Size
anthro_9-3,media.externalUrl,media.externalurl,Media Handling Information > External URL
anthro_9-3,media.measuredPart,media.measuredpart,Media Handling Information > Measured part
anthro_9-3,media.dimensionSummary,media.dimensionsummary,Media Handling Information > Dimension summary
anthro_9-3,media.dimension,media.dimension,Media Handling Information > Measurement dimension
anthro_9-3,media.measuredBy,media.measuredby,Media Handling Information > Measured by
anthro_9-3,media.measurementMethod,media.measurementmethod,Media Handling Information > Measurement method
anthro_9-3,media.value,media.value,Media Handling Information > Measurement value
anthro_9-3,media.measurementUnit,media.measurementunit,Media Handling Information > Measurement unit
anthro_9-3,media.valueQualifier,media.valuequalifier,Media Handling Information > Measurement qualifier
anthro_9-3,media.valueDate,media.valuedate,Media Handling Information > Measurement date
anthro_9-3,media.measuredPartNote,media.measuredpartnote,Media Handling Information > Dimension note
anthro_9-3,media.checksumValue,media.checksumvalue,Media Handling Information > Checksum value
anthro_9-3,media.checksumType,media.checksumtype,Media Handling Information > Checksum type
anthro_9-3,media.checksumDate,media.checksumdate,Media Handling Information > Checksum date
anthro_9-3,media.contributor,media.contributor,Media Handling Information > Contributor
anthro_9-3,media.creator,media.creator,Media Handling Information > Creator
anthro_9-3,media.language,media.language,Media Handling Information > Language
anthro_9-3,media.publisher,media.publisher,Media Handling Information > Publisher
anthro_9-3,media.relation,media.relation,Media Handling Information > Relation
anthro_9-3,media.copyrightStatement,media.copyrightstatement,Media Handling Information > Copyright statement
anthro_9-3,media.type,media.type,Media Handling Information > Type
anthro_9-3,media.coverage,media.coverage,Media Handling Information > Coverage
anthro_9-3,media.dateGroup,media.dategroup,Media Handling Information > Date
anthro_9-3,media.source,media.source,Media Handling Information > Source
anthro_9-3,media.subject,media.subject,Media Handling Information > Subject
anthro_9-3,media.rightsHolder,media.rightsholder,Media Handling Information > Rights holder
anthro_9-3,media.description,media.description,Media Handling Information > Description
anthro_9-3,media.altText,media.alttext,Media Handling Information > Alt text
anthro_9-3,media.mediaFileURI,media.mediafileuri,""
anthro_9-3,movement.movementReferenceNumber,movement.movementreferencenumber,Object Location Information > Reference number
anthro_9-3,movement.normalLocation,movement.normallocation,Object Location Information > Normal location
anthro_9-3,movement.currentLocation,movement.currentlocation,Object Location Information > Current location > Current location
anthro_9-3,movement.currentLocationFitness,movement.currentlocationfitness,Object Location Information > Current location > Current location fitness
anthro_9-3,movement.currentLocationNote,movement.currentlocationnote,Object Location Information > Current location > Current location note
anthro_9-3,movement.locationDate,movement.locationdate,Object Location Information > Location date
anthro_9-3,movement.reasonForMove,movement.reasonformove,Movement Information > Reason for move
anthro_9-3,movement.movementMethod,movement.movementmethod,Movement Information > Movement method
anthro_9-3,movement.plannedRemovalDate,movement.plannedremovaldate,Movement Information > Planned removal date
anthro_9-3,movement.removalDate,movement.removaldate,Movement Information > Removal date
anthro_9-3,movement.movementContact,movement.movementcontact,Movement Information > Movement contact
anthro_9-3,movement.movementNote,movement.movementnote,Movement Information > Movement note
anthro_9-3,movement.inventoryActionRequired,movement.inventoryactionrequired,Inventory Information > Inventory action required
anthro_9-3,movement.frequencyForInventory,movement.frequencyforinventory,Inventory Information > Inventory frequency
anthro_9-3,movement.inventoryDate,movement.inventorydate,Inventory Information > Inventory date
anthro_9-3,movement.nextInventoryDate,movement.nextinventorydate,Inventory Information > Next inventory date
anthro_9-3,movement.inventoryContact,movement.inventorycontact,Inventory Information > Inventory contact
anthro_9-3,movement.inventoryNote,movement.inventorynote,Inventory Information > Inventory note
anthro_9-3,nagprainventory.inventoryNumber,nagprainventory.inventorynumber,Inventory Documentation Information > Inventory/documentation Number
anthro_9-3,nagprainventory.title,nagprainventory.title,Inventory Documentation Information > Title
anthro_9-3,nagprainventory.noticeType,nagprainventory.noticetype,Inventory Documentation Information > Notice type
anthro_9-3,nagprainventory.originationDate,nagprainventory.originationdate,Inventory Documentation Information > Origination date
anthro_9-3,nagprainventory.consultationNote,nagprainventory.consultationnote,Inventory Documentation Information > Consultation note
anthro_9-3,nagprainventory.treatmentNote,nagprainventory.treatmentnote,Inventory Documentation Information > Treatment note
anthro_9-3,nagprainventory.note,nagprainventory.note,Inventory Documentation Information > Note
anthro_9-3,nagprainventory.involvedParty,nagprainventory.involvedparty,Inventory Documentation Information > Parties involved person
anthro_9-3,nagprainventory.involvedOnBehalfOf,nagprainventory.involvedonbehalfof,Inventory Documentation Information > Parties involved on behalf of
anthro_9-3,nagprainventory.involvedRole,nagprainventory.involvedrole,Inventory Documentation Information > Parties involved role
anthro_9-3,nagprainventory.tribeOrNation,nagprainventory.tribeornation,Inventory Documentation Information > Inventory cultural affiliation tribe/nation
anthro_9-3,nagprainventory.includeInNotice,nagprainventory.includeinnotice,Inventory Documentation Information > Inventory cultural affiliation include in notice
anthro_9-3,nagprainventory.determinedBy,nagprainventory.determinedby,Inventory Documentation Information > Inventory cultural affiliation determined by
anthro_9-3,nagprainventory.determinationDate,nagprainventory.determinationdate,Inventory Documentation Information > Inventory cultural affiliation determination date
anthro_9-3,nagprainventory.basisOfDetermination,nagprainventory.basisofdetermination,Inventory Documentation Information > Inventory cultural affiliation basis of determination
anthro_9-3,nagprainventory.determinationNote,nagprainventory.determinationnote,Inventory Documentation Information > Inventory cultural affiliation determination note
anthro_9-3,nagprainventory.inventoryGroup,nagprainventory.inventorygroup,Inventory Documentation Information > Inventory documentation status group
anthro_9-3,nagprainventory.inventoryIndividual,nagprainventory.inventoryindividual,Inventory Documentation Information > Inventory documentation status individual
anthro_9-3,nagprainventory.inventoryStatus,nagprainventory.inventorystatus,Inventory Documentation Information > Inventory documentation status
anthro_9-3,nagprainventory.inventoryDate,nagprainventory.inventorydate,Inventory Documentation Information > Inventory documentation status date
anthro_9-3,nagprainventory.inventoryNote,nagprainventory.inventorynote,Inventory Documentation Information > Inventory documentation status note
anthro_9-3,nagprainventory.geographicPlace,nagprainventory.geographicplace,Context > Place represented name
anthro_9-3,nagprainventory.geographicPlaceNote,nagprainventory.geographicplacenote,Context > Place represented note
anthro_9-3,nagprainventory.culture,nagprainventory.culture,Context > Cultural group name
anthro_9-3,nagprainventory.cultureNote,nagprainventory.culturenote,Context > Cultural group note
anthro_9-3,nagprainventory.timePeriod,nagprainventory.timeperiod,Context > Time period era
anthro_9-3,nagprainventory.timePeriodNote,nagprainventory.timeperiodnote,Context > Time period note
anthro_9-3,nagprainventory.archaeologicalSite,nagprainventory.archaeologicalsite,Context > Archaeological site name
anthro_9-3,nagprainventory.archaeologicalSiteNote,nagprainventory.archaeologicalsitenote,Context > Archaeological site note
anthro_9-3,objectexit.exitNumber,objectexit.exitnumber,Object Exit Information > Exit number
anthro_9-3,objectexit.exitDateGroup,objectexit.exitdategroup,Object Exit Information > Exit date
anthro_9-3,objectexit.exitReason,objectexit.exitreason,Object Exit Information > Exit reason
anthro_9-3,objectexit.exitMethod,objectexit.exitmethod,Object Exit Information > Exit method
anthro_9-3,objectexit.exitQuantity,objectexit.exitquantity,Object Exit Information > Exit quantity
anthro_9-3,objectexit.currentOwner,objectexit.currentowner,Object Exit Information > Current owner
anthro_9-3,objectexit.depositor,objectexit.depositor,Object Exit Information > Depositor
anthro_9-3,objectexit.exitNote,objectexit.exitnote,Object Exit Information > Exit note
anthro_9-3,objectexit.packingNote,objectexit.packingnote,Object Exit Information > Packing note
anthro_9-3,objectexit.displosalNewObjectNumber,objectexit.displosalnewobjectnumber,Deaccession and Disposal Information > Disposal new object number
anthro_9-3,objectexit.deaccessionAuthorizer,objectexit.deaccessionauthorizer,Deaccession and Disposal Information > Deaccession authorizer
anthro_9-3,objectexit.authorizationDate,objectexit.authorizationdate,Deaccession and Disposal Information > Authorization date
anthro_9-3,objectexit.deaccessionApprovalGroup,objectexit.deaccessionapprovalgroup,Deaccession and Disposal Information > Deaccession approval group
anthro_9-3,objectexit.deaccessionApprovalIndividual,objectexit.deaccessionapprovalindividual,Deaccession and Disposal Information > Deaccession approval individual
anthro_9-3,objectexit.deaccessionApprovalStatus,objectexit.deaccessionapprovalstatus,Deaccession and Disposal Information > Deaccession approval status
anthro_9-3,objectexit.deaccessionApprovalDate,objectexit.deaccessionapprovaldate,Deaccession and Disposal Information > Deaccession approval status date
anthro_9-3,objectexit.deaccessionApprovalNote,objectexit.deaccessionapprovalnote,Deaccession and Disposal Information > Deaccession approval note
anthro_9-3,objectexit.deaccessionDate,objectexit.deaccessiondate,Deaccession and Disposal Information > Deaccession date
anthro_9-3,objectexit.disposalDate,objectexit.disposaldate,Deaccession and Disposal Information > Disposal date
anthro_9-3,objectexit.disposalMethod,objectexit.disposalmethod,Deaccession and Disposal Information > Disposal method
anthro_9-3,objectexit.displosalReason,objectexit.displosalreason,Deaccession and Disposal Information > Disposal reason
anthro_9-3,objectexit.disposalProposedRecipient,objectexit.disposalproposedrecipient,Deaccession and Disposal Information > Disposal proposed recipient
anthro_9-3,objectexit.disposalRecipient,objectexit.disposalrecipient,Deaccession and Disposal Information > Disposal recipient
anthro_9-3,objectexit.disposalCurrency,objectexit.disposalcurrency,Deaccession and Disposal Information > Disposal > Disposal currency
anthro_9-3,objectexit.displosalValue,objectexit.displosalvalue,Deaccession and Disposal Information > Disposal > Disposal value
anthro_9-3,objectexit.groupDisposalCurrency,objectexit.groupdisposalcurrency,Deaccession and Disposal Information > Group disposal > Group disposal currency
anthro_9-3,objectexit.groupDisplosalValue,objectexit.groupdisplosalvalue,Deaccession and Disposal Information > Group disposal > Group disposal value
anthro_9-3,objectexit.displosalProvisos,objectexit.displosalprovisos,Deaccession and Disposal Information > Disposal provisos
anthro_9-3,objectexit.displosalNote,objectexit.displosalnote,Deaccession and Disposal Information > Disposal note
anthro_9-3,organization.termDisplayName,organization.termdisplayname,Organization Information > Term display name
anthro_9-3,organization.termName,organization.termname,Organization Information > Term name
anthro_9-3,organization.termQualifier,organization.termqualifier,Organization Information > Term qualifier
anthro_9-3,organization.termStatus,organization.termstatus,Organization Information > Term status
anthro_9-3,organization.termType,organization.termtype,Organization Information > Term type
anthro_9-3,organization.termFlag,organization.termflag,Organization Information > Term flag
anthro_9-3,organization.termLanguage,organization.termlanguage,Organization Information > Term language
anthro_9-3,organization.termPrefForLang,organization.termprefforlang,Organization Information > Term preferred for lang
anthro_9-3,organization.mainBodyName,organization.mainbodyname,Organization Information > Name detail > Term main body name
anthro_9-3,organization.additionsToName,organization.additionstoname,Organization Information > Name detail > Term name addition
anthro_9-3,organization.termSource,organization.termsource,Organization Information > Source > Term source name
anthro_9-3,organization.termSourceDetail,organization.termsourcedetail,Organization Information > Source > Term source detail
anthro_9-3,organization.termSourceID,organization.termsourceid,Organization Information > Source > Term source ID
anthro_9-3,organization.termSourceNote,organization.termsourcenote,Organization Information > Source > Term source note
anthro_9-3,organization.organizationRecordType,organization.organizationrecordtype,Organization Information > Organization type
anthro_9-3,organization.foundingDateGroup,organization.foundingdategroup,Organization Information > Foundation date
anthro_9-3,organization.foundingPlace,organization.foundingplace,Organization Information > Foundation place
anthro_9-3,organization.dissolutionDateGroup,organization.dissolutiondategroup,Organization Information > Dissolution date
anthro_9-3,organization.nameNote,organization.namenote,Organization Information > Name note
anthro_9-3,organization.group,organization.group,Organization Information > Group
anthro_9-3,organization.function,organization.function,Organization Information > Function
anthro_9-3,organization.historyNote,organization.historynote,Organization Information > History
anthro_9-3,organization.contactName,organization.contactname,Organization Information > Contact name
anthro_9-3,organization.contactRole,organization.contactrole,Organization Information > Contact role
anthro_9-3,organization.contactDateGroup,organization.contactdategroup,Organization Information > Contact date
anthro_9-3,organization.contactEndDateGroup,organization.contactenddategroup,Organization Information > Contact end date
anthro_9-3,organization.contactStatus,organization.contactstatus,Organization Information > Contact status
anthro_9-3,organization.email,organization.email,Contact Information > Organization Information > Address
anthro_9-3,organization.emailType,organization.emailtype,Contact Information > Organization Information > Type
anthro_9-3,organization.telephoneNumber,organization.telephonenumber,Contact Information > Organization Information > Number
anthro_9-3,organization.telephoneNumberType,organization.telephonenumbertype,Contact Information > Organization Information > Type
anthro_9-3,organization.faxNumber,organization.faxnumber,Contact Information > Organization Information > Number
anthro_9-3,organization.faxNumberType,organization.faxnumbertype,Contact Information > Organization Information > Type
anthro_9-3,organization.webAddress,organization.webaddress,Contact Information > Organization Information > URL
anthro_9-3,organization.webAddressType,organization.webaddresstype,Contact Information > Organization Information > Type
anthro_9-3,organization.addressPlace1,organization.addressplace1,Contact Information > Organization Information > Line 1
anthro_9-3,organization.addressPlace2,organization.addressplace2,Contact Information > Organization Information > Line 2
anthro_9-3,organization.addressMunicipality,organization.addressmunicipality,Contact Information > Organization Information > Municipality
anthro_9-3,organization.addressStateOrProvince,organization.addressstateorprovince,Contact Information > Organization Information > State/province
anthro_9-3,organization.addressPostCode,organization.addresspostcode,Contact Information > Organization Information > Postal code
anthro_9-3,organization.addressCountry,organization.addresscountry,Contact Information > Organization Information > Country
anthro_9-3,organization.addressType,organization.addresstype,Contact Information > Organization Information > Type
anthro_9-3,person.termDisplayName,person.termdisplayname,Person Information > Term display name
anthro_9-3,person.termName,person.termname,Person Information > Term name
anthro_9-3,person.termQualifier,person.termqualifier,Person Information > Term qualifier
anthro_9-3,person.termStatus,person.termstatus,Person Information > Term status
anthro_9-3,person.termType,person.termtype,Person Information > Term type
anthro_9-3,person.termFlag,person.termflag,Person Information > Term flag
anthro_9-3,person.termLanguage,person.termlanguage,Person Information > Term language
anthro_9-3,person.termPrefForLang,person.termprefforlang,Person Information > Term preferred for lang
anthro_9-3,person.salutation,person.salutation,Person Information > Name detail > Term salutation
anthro_9-3,person.title,person.title,Person Information > Name detail > Term title
anthro_9-3,person.foreName,person.forename,Person Information > Name detail > Term forename
anthro_9-3,person.middleName,person.middlename,Person Information > Name detail > Term middle name
anthro_9-3,person.surName,person.surname,Person Information > Name detail > Term surname
anthro_9-3,person.nameAdditions,person.nameadditions,Person Information > Name detail > Term name addition
anthro_9-3,person.initials,person.initials,Person Information > Name detail > Term initials
anthro_9-3,person.termSource,person.termsource,Person Information > Source > Term source name
anthro_9-3,person.termSourceDetail,person.termsourcedetail,Person Information > Source > Term source detail
anthro_9-3,person.termSourceID,person.termsourceid,Person Information > Source > Term source ID
anthro_9-3,person.termSourceNote,person.termsourcenote,Person Information > Source > Term source note
anthro_9-3,person.personRecordType,person.personrecordtype,Person Information > Person type
anthro_9-3,person.gender,person.gender,Person Information > Gender
anthro_9-3,person.occupation,person.occupation,Person Information > Occupation
anthro_9-3,person.schoolOrStyle,person.schoolorstyle,Person Information > School/style
anthro_9-3,person.group,person.group,Person Information > Group
anthro_9-3,person.nationality,person.nationality,Person Information > Nationality
anthro_9-3,person.nameNote,person.namenote,Person Information > Name note
anthro_9-3,person.birthDateGroup,person.birthdategroup,Person Information > Birth date
anthro_9-3,person.birthPlace,person.birthplace,Person Information > Place of birth
anthro_9-3,person.deathDateGroup,person.deathdategroup,Person Information > Death date
anthro_9-3,person.deathPlace,person.deathplace,Person Information > Place of death
anthro_9-3,person.bioNote,person.bionote,Person Information > Biographical note
anthro_9-3,person.email,person.email,Contact Information > Person Information > Address
anthro_9-3,person.emailType,person.emailtype,Contact Information > Person Information > Type
anthro_9-3,person.telephoneNumber,person.telephonenumber,Contact Information > Person Information > Number
anthro_9-3,person.telephoneNumberType,person.telephonenumbertype,Contact Information > Person Information > Type
anthro_9-3,person.faxNumber,person.faxnumber,Contact Information > Person Information > Number
anthro_9-3,person.faxNumberType,person.faxnumbertype,Contact Information > Person Information > Type
anthro_9-3,person.webAddress,person.webaddress,Contact Information > Person Information > URL
anthro_9-3,person.webAddressType,person.webaddresstype,Contact Information > Person Information > Type
anthro_9-3,person.addressPlace1,person.addressplace1,Contact Information > Person Information > Line 1
anthro_9-3,person.addressPlace2,person.addressplace2,Contact Information > Person Information > Line 2
anthro_9-3,person.addressMunicipality,person.addressmunicipality,Contact Information > Person Information > Municipality
anthro_9-3,person.addressStateOrProvince,person.addressstateorprovince,Contact Information > Person Information > State/province
anthro_9-3,person.addressPostCode,person.addresspostcode,Contact Information > Person Information > Postal code
anthro_9-3,person.addressCountry,person.addresscountry,Contact Information > Person Information > Country
anthro_9-3,person.addressType,person.addresstype,Contact Information > Person Information > Type
anthro_9-3,person.declinedToAnswerPronoun,person.declinedtoanswerpronoun,Maker-Supplied Identity Information > Pronoun supplied declined to answer
anthro_9-3,person.suppliedPronoun,person.suppliedpronoun,Maker-Supplied Identity Information > Pronoun supplied
anthro_9-3,person.useRestrictionPronoun,person.userestrictionpronoun,Maker-Supplied Identity Information > Pronoun supplied use restriction
anthro_9-3,person.declinedToAnswerGender,person.declinedtoanswergender,Maker-Supplied Identity Information > Gender supplied declined to answer
anthro_9-3,person.suppliedGender,person.suppliedgender,Maker-Supplied Identity Information > Gender supplied
anthro_9-3,person.useRestrictionGender,person.userestrictiongender,Maker-Supplied Identity Information > Gender supplied use restriction
anthro_9-3,person.declinedToAnswerRace,person.declinedtoanswerrace,Maker-Supplied Identity Information > Race supplied declined to answer
anthro_9-3,person.suppliedRace,person.suppliedrace,Maker-Supplied Identity Information > Race supplied
anthro_9-3,person.useRestrictionRace,person.userestrictionrace,Maker-Supplied Identity Information > Race supplied use restriction
anthro_9-3,person.declinedToAnswerEthnicity,person.declinedtoanswerethnicity,Maker-Supplied Identity Information > Ethnicity supplied declined to answer
anthro_9-3,person.suppliedEthnicity,person.suppliedethnicity,Maker-Supplied Identity Information > Ethnicity supplied
anthro_9-3,person.useRestrictionEthnicity,person.userestrictionethnicity,Maker-Supplied Identity Information > Ethnicity supplied use restriction
anthro_9-3,person.declinedToAnswerSexuality,person.declinedtoanswersexuality,Maker-Supplied Identity Information > Sexuality supplied declined to answer
anthro_9-3,person.suppliedSexuality,person.suppliedsexuality,Maker-Supplied Identity Information > Sexuality supplied
anthro_9-3,person.useRestrictionSexuality,person.userestrictionsexuality,Maker-Supplied Identity Information > Sexuality supplied use restriction
anthro_9-3,person.declinedToAnswerBirthPlace,person.declinedtoanswerbirthplace,Maker-Supplied Identity Information > Birth place supplied declined to answer
anthro_9-3,person.suppliedBirthPlace,person.suppliedbirthplace,Maker-Supplied Identity Information > Birth place supplied
anthro_9-3,person.useRestrictionBirthPlace,person.userestrictionbirthplace,Maker-Supplied Identity Information > Birth place supplied use restriction
anthro_9-3,person.declinedToAnswerBirthDate,person.declinedtoanswerbirthdate,Maker-Supplied Identity Information > Birth date supplied declined to answer
anthro_9-3,person.suppliedStructuredBirthDateGroup,person.suppliedstructuredbirthdategroup,Maker-Supplied Identity Information > Birth date supplied
anthro_9-3,person.useRestrictionBirthDate,person.userestrictionbirthdate,Maker-Supplied Identity Information > Birth date supplied use restriction
anthro_9-3,person.informationAuthor,person.informationauthor,Maker-Supplied Identity Information > Other information author
anthro_9-3,person.informationDate,person.informationdate,Maker-Supplied Identity Information > Other information date
anthro_9-3,person.informationUseRestriction,person.informationuserestriction,Maker-Supplied Identity Information > Other information use restriction
anthro_9-3,person.otherInformation,person.otherinformation,Maker-Supplied Identity Information > Other information note
anthro_9-3,person.assocPerson,person.assocperson,Associated Authorities > Associated person
anthro_9-3,person.assocPersonType,person.assocpersontype,Associated Authorities > Associated person relationship/type
anthro_9-3,person.assocPersonStructuredDateGroup,person.assocpersonstructureddategroup,Associated Authorities > Associated person date
anthro_9-3,person.assocPersonCitation,person.assocpersoncitation,Associated Authorities > Associated person citation
anthro_9-3,person.assocPersonNote,person.assocpersonnote,Associated Authorities > Associated person note
anthro_9-3,person.assocPeople,person.assocpeople,Associated Authorities > Associated people
anthro_9-3,person.assocPeopleType,person.assocpeopletype,Associated Authorities > Associated people relationship/type
anthro_9-3,person.assocPeopleStructuredDateGroup,person.assocpeoplestructureddategroup,Associated Authorities > Associated people date
anthro_9-3,person.assocPeopleCitation,person.assocpeoplecitation,Associated Authorities > Associated people citation
anthro_9-3,person.assocPeopleNote,person.assocpeoplenote,Associated Authorities > Associated people note
anthro_9-3,person.assocOrganization,person.assocorganization,Associated Authorities > Associated organization
anthro_9-3,person.assocOrganizationType,person.assocorganizationtype,Associated Authorities > Associated organization relationship/type
anthro_9-3,person.assocOrganizationStructuredDateGroup,person.assocorganizationstructureddategroup,Associated Authorities > Associated organization date
anthro_9-3,person.assocOrganizationCitation,person.assocorganizationcitation,Associated Authorities > Associated organization citation
anthro_9-3,person.assocOrganizationNote,person.assocorganizationnote,Associated Authorities > Associated organization note
anthro_9-3,person.assocConcept,person.assocconcept,Associated Authorities > Associated concept
anthro_9-3,person.assocConceptType,person.assocconcepttype,Associated Authorities > Associated concept relationship/type
anthro_9-3,person.assocConceptStructuredDateGroup,person.assocconceptstructureddategroup,Associated Authorities > Associated concept date
anthro_9-3,person.assocConceptCitation,person.assocconceptcitation,Associated Authorities > Associated concept citation
anthro_9-3,person.assocConceptNote,person.assocconceptnote,Associated Authorities > Associated concept note
anthro_9-3,person.assocPlace,person.assocplace,Associated Authorities > Associated place
anthro_9-3,person.assocPlaceType,person.assocplacetype,Associated Authorities > Associated place relationship/type
anthro_9-3,person.assocPlaceStructuredDateGroup,person.assocplacestructureddategroup,Associated Authorities > Associated place date
anthro_9-3,person.assocPlaceCitation,person.assocplacecitation,Associated Authorities > Associated place citation
anthro_9-3,person.assocPlaceNote,person.assocplacenote,Associated Authorities > Associated place note
anthro_9-3,person.assocChronology,person.assocchronology,Associated Authorities > Associated event/era
anthro_9-3,person.assocChronologyType,person.assocchronologytype,Associated Authorities > Associated event/era relationship/type
anthro_9-3,person.assocChronologyStructuredDateGroup,person.assocchronologystructureddategroup,Associated Authorities > Associated event/era date
anthro_9-3,person.assocChronologyCitation,person.assocchronologycitation,Associated Authorities > Associated event/era citation
anthro_9-3,person.assocChronologyNote,person.assocchronologynote,Associated Authorities > Associated event/era note
anthro_9-3,place.termDisplayName,place.termdisplayname,Place Information > Term display name
anthro_9-3,place.termName,place.termname,Place Information > Term name
anthro_9-3,place.termQualifier,place.termqualifier,Place Information > Term qualifier
anthro_9-3,place.termStatus,place.termstatus,Place Information > Term status
anthro_9-3,place.termType,place.termtype,Place Information > Term type
anthro_9-3,place.termFlag,place.termflag,Place Information > Term flag
anthro_9-3,place.historicalStatus,place.historicalstatus,Place Information > Term historical status
anthro_9-3,place.termLanguage,place.termlanguage,Place Information > Term language
anthro_9-3,place.termPrefForLang,place.termprefforlang,Place Information > Term preferred for lang
anthro_9-3,place.nameAbbrev,place.nameabbrev,Place Information > Term abbreviation
anthro_9-3,place.nameNote,place.namenote,Place Information > Term note
anthro_9-3,place.nameDateGroup,place.namedategroup,Place Information > Term date
anthro_9-3,place.termSource,place.termsource,Place Information > Source > Term source name
anthro_9-3,place.termSourceDetail,place.termsourcedetail,Place Information > Source > Term source detail
anthro_9-3,place.termSourceID,place.termsourceid,Place Information > Source > Term source ID
anthro_9-3,place.termSourceNote,place.termsourcenote,Place Information > Source > Term source note
anthro_9-3,place.placeType,place.placetype,Place Information > Place type
anthro_9-3,place.placeSource,place.placesource,Place Information > Place source
anthro_9-3,place.owner,place.owner,Place Information > Owner
anthro_9-3,place.ownershipDateGroup,place.ownershipdategroup,Place Information > Ownership date
anthro_9-3,place.ownershipNote,place.ownershipnote,Place Information > Ownership note
anthro_9-3,place.placeNote,place.placenote,Place Information > Place note
anthro_9-3,place.addressPlace1,place.addressplace1,Place Information > Address line 1
anthro_9-3,place.addressPlace2,place.addressplace2,Place Information > Address line 2
anthro_9-3,place.addressMunicipality,place.addressmunicipality,Place Information > Address municipality
anthro_9-3,place.addressStateOrProvince,place.addressstateorprovince,Place Information > Address state/province
anthro_9-3,place.addressPostCode,place.addresspostcode,Place Information > Address postal code
anthro_9-3,place.addressCountry,place.addresscountry,Place Information > Address country
anthro_9-3,place.addressType,place.addresstype,Place Information > Address type
anthro_9-3,place.basicInfo,place.basicinfo,Background Research and Additional Information > Basic information
anthro_9-3,place.nagpraHistory,place.nagprahistory,Background Research and Additional Information > NAGPRA inventory history
anthro_9-3,place.backgroundSummary,place.backgroundsummary,Background Research and Additional Information > Background and records summary
anthro_9-3,place.landOwnershipInfo,place.landownershipinfo,Background Research and Additional Information > Land ownership information
anthro_9-3,place.assertionName,place.assertionname,Cultural Affiliation Lines of Evidence > Assertion name
anthro_9-3,place.assertionDescription,place.assertiondescription,Cultural Affiliation Lines of Evidence > Assertion description
anthro_9-3,place.assertionSourceBy,place.assertionsourceby,Cultural Affiliation Lines of Evidence > Assertion Information > Assertion by
anthro_9-3,place.assertionSourceDate,place.assertionsourcedate,Cultural Affiliation Lines of Evidence > Assertion Information > Assertion source date
anthro_9-3,place.assertionSourceNote,place.assertionsourcenote,Cultural Affiliation Lines of Evidence > Assertion Information > Assertion source note
anthro_9-3,place.assertionRelatedRecords,place.assertionrelatedrecords,Cultural Affiliation Lines of Evidence > Assertion Information > Assertion museum records
anthro_9-3,place.assertionReference,place.assertionreference,Cultural Affiliation Lines of Evidence > Assertion Information > Assertion reference name
anthro_9-3,place.assertionReferenceNote,place.assertionreferencenote,Cultural Affiliation Lines of Evidence > Assertion Information > Assertion reference note
anthro_9-3,place.museumRecords,place.museumrecords,Documents Consulted for Cultural Affiliation Research > Museum records
anthro_9-3,place.manuscriptReferences,place.manuscriptreferences,Documents Consulted for Cultural Affiliation Research > Unpublished manuscript reference
anthro_9-3,place.manuscriptNote,place.manuscriptnote,Documents Consulted for Cultural Affiliation Research > Unpublished manuscript note
anthro_9-3,place.reportReferences,place.reportreferences,Documents Consulted for Cultural Affiliation Research > Published report reference
anthro_9-3,place.reportNote,place.reportnote,Documents Consulted for Cultural Affiliation Research > Published report note
anthro_9-3,place.vCoordinates,place.vcoordinates,Locality Information > Verbatim coords
anthro_9-3,place.vLatitude,place.vlatitude,Locality Information > Verbatim latitude
anthro_9-3,place.vLongitude,place.vlongitude,Locality Information > Verbatim longitude
anthro_9-3,place.vCoordSys,place.vcoordsys,Locality Information > Coordinate system
anthro_9-3,place.vSpatialReferenceSystem,place.vspatialreferencesystem,Locality Information > Spatial ref system
anthro_9-3,place.vElevation,place.velevation,Locality Information > Elevation
anthro_9-3,place.vDepth,place.vdepth,Locality Information > Depth
anthro_9-3,place.vDistanceAboveSurface,place.vdistanceabovesurface,Locality Information > Distance above surface
anthro_9-3,place.vUnitofMeasure,place.vunitofmeasure,Locality Information > Unit of measure
anthro_9-3,place.minElevationInMeters,place.minelevationinmeters,Locality Information > Min elevation (m)
anthro_9-3,place.maxElevationInMeters,place.maxelevationinmeters,Locality Information > Max elevation (m)
anthro_9-3,place.minDepthInMeters,place.mindepthinmeters,Locality Information > Min depth (m)
anthro_9-3,place.maxDepthInMeters,place.maxdepthinmeters,Locality Information > Max depth (m)
anthro_9-3,place.minDistanceAboveSurfaceInMeters,place.mindistanceabovesurfaceinmeters,Locality Information > Min distance above surface (m)
anthro_9-3,place.maxDistanceAboveSurfaceInMeters,place.maxdistanceabovesurfaceinmeters,Locality Information > Max distance above surface (m)
anthro_9-3,place.vCoordSource,place.vcoordsource,Locality Information > Coordinate source
anthro_9-3,place.vCoordSourceRefId,place.vcoordsourcerefid,Locality Information > Coordinate source detail
anthro_9-3,place.decimalLatitude,place.decimallatitude,Georeference Information > Georeference decimal latitude
anthro_9-3,place.decimalLongitude,place.decimallongitude,Georeference Information > Georeference decimal longitude
anthro_9-3,place.geodeticDatum,place.geodeticdatum,Georeference Information > Georeference datum
anthro_9-3,place.coordUncertaintyInMeters,place.coorduncertaintyinmeters,Georeference Information > Georeference uncertainty (m)
anthro_9-3,place.coordPrecision,place.coordprecision,Georeference Information > Georeference precision
anthro_9-3,place.pointRadiusSpatialFit,place.pointradiusspatialfit,Georeference Information > Georeference point radius spatial fit
anthro_9-3,place.footprintWKT,place.footprintwkt,Georeference Information > Georeference footprint WKT
anthro_9-3,place.footprintSRS,place.footprintsrs,Georeference Information > Georeference footprint SRS
anthro_9-3,place.footprintSpatialFit,place.footprintspatialfit,Georeference Information > Georeference footprint spatial fit
anthro_9-3,place.geoReferencedBy,place.georeferencedby,Georeference Information > Georeferenced by
anthro_9-3,place.geoRefDateGroup,place.georefdategroup,Georeference Information > Georeference date
anthro_9-3,place.geoRefProtocol,place.georefprotocol,Georeference Information > Georeference protocol
anthro_9-3,place.geoRefSource,place.georefsource,Georeference Information > Georeference source
anthro_9-3,place.geoRefVerificationStatus,place.georefverificationstatus,Georeference Information > Georeference verification
anthro_9-3,place.geoRefRemarks,place.georefremarks,Georeference Information > Georeference remarks
anthro_9-3,place.geoRefPlaceName,place.georefplacename,Georeference Information > Georeference place name
anthro_9-3,place.assocPerson,place.assocperson,Associated Authorities > Associated person
anthro_9-3,place.assocPersonType,place.assocpersontype,Associated Authorities > Associated person relationship/type
anthro_9-3,place.assocPersonStructuredDateGroup,place.assocpersonstructureddategroup,Associated Authorities > Associated person date
anthro_9-3,place.assocPersonCitation,place.assocpersoncitation,Associated Authorities > Associated person citation
anthro_9-3,place.assocPersonNote,place.assocpersonnote,Associated Authorities > Associated person note
anthro_9-3,place.assocPeople,place.assocpeople,Associated Authorities > Associated people
anthro_9-3,place.assocPeopleType,place.assocpeopletype,Associated Authorities > Associated people relationship/type
anthro_9-3,place.assocPeopleStructuredDateGroup,place.assocpeoplestructureddategroup,Associated Authorities > Associated people date
anthro_9-3,place.assocPeopleCitation,place.assocpeoplecitation,Associated Authorities > Associated people citation
anthro_9-3,place.assocPeopleNote,place.assocpeoplenote,Associated Authorities > Associated people note
anthro_9-3,place.assocOrganization,place.assocorganization,Associated Authorities > Associated organization
anthro_9-3,place.assocOrganizationType,place.assocorganizationtype,Associated Authorities > Associated organization relationship/type
anthro_9-3,place.assocOrganizationStructuredDateGroup,place.assocorganizationstructureddategroup,Associated Authorities > Associated organization date
anthro_9-3,place.assocOrganizationCitation,place.assocorganizationcitation,Associated Authorities > Associated organization citation
anthro_9-3,place.assocOrganizationNote,place.assocorganizationnote,Associated Authorities > Associated organization note
anthro_9-3,place.assocConcept,place.assocconcept,Associated Authorities > Associated concept
anthro_9-3,place.assocConceptType,place.assocconcepttype,Associated Authorities > Associated concept relationship/type
anthro_9-3,place.assocConceptStructuredDateGroup,place.assocconceptstructureddategroup,Associated Authorities > Associated concept date
anthro_9-3,place.assocConceptCitation,place.assocconceptcitation,Associated Authorities > Associated concept citation
anthro_9-3,place.assocConceptNote,place.assocconceptnote,Associated Authorities > Associated concept note
anthro_9-3,place.assocPlace,place.assocplace,Associated Authorities > Associated place
anthro_9-3,place.assocPlaceType,place.assocplacetype,Associated Authorities > Associated place relationship/type
anthro_9-3,place.assocPlaceStructuredDateGroup,place.assocplacestructureddategroup,Associated Authorities > Associated place date
anthro_9-3,place.assocPlaceCitation,place.assocplacecitation,Associated Authorities > Associated place citation
anthro_9-3,place.assocPlaceNote,place.assocplacenote,Associated Authorities > Associated place note
anthro_9-3,place.assocChronology,place.assocchronology,Associated Authorities > Associated event/era
anthro_9-3,place.assocChronologyType,place.assocchronologytype,Associated Authorities > Associated event/era relationship/type
anthro_9-3,place.assocChronologyStructuredDateGroup,place.assocchronologystructureddategroup,Associated Authorities > Associated event/era date
anthro_9-3,place.assocChronologyCitation,place.assocchronologycitation,Associated Authorities > Associated event/era citation
anthro_9-3,place.assocChronologyNote,place.assocchronologynote,Associated Authorities > Associated event/era note
anthro_9-3,transport.transportReferenceNumber,transport.transportreferencenumber,Transport Information > Transport reference number
anthro_9-3,transport.transportMethod,transport.transportmethod,Transport Information > Transport method
anthro_9-3,transport.numberOfCrates,transport.numberofcrates,Transport Information > Number of crates/objects
anthro_9-3,transport.transporter,transport.transporter,Transport Information > Transporter > Transporter name
anthro_9-3,transport.transporterContact,transport.transportercontact,Transport Information > Transporter > Transporter contact
anthro_9-3,transport.transporterContactNumber,transport.transportercontactnumber,Transport Information > Transporter > Transporter contact number
anthro_9-3,transport.transportAuthorizer,transport.transportauthorizer,Transport Information > Authorization > Transport authorizer
anthro_9-3,transport.transportAuthorizationDate,transport.transportauthorizationdate,Transport Information > Authorization > Authorization date
anthro_9-3,transport.transportTrackingNumber,transport.transporttrackingnumber,Transport Information > Tracking number
anthro_9-3,transport.transportTrackingNumberNote,transport.transporttrackingnumbernote,Transport Information > Tracking number note
anthro_9-3,transport.departurePoint,transport.departurepoint,Transport Information > Departure > Departure point
anthro_9-3,transport.transportDepartureDate,transport.transportdeparturedate,Transport Information > Departure > Departure date
anthro_9-3,transport.transportDepartureTime,transport.transportdeparturetime,Transport Information > Departure > Departure time
anthro_9-3,transport.destination,transport.destination,Transport Information > Arrival > Arrival point
anthro_9-3,transport.transportArrivalDate,transport.transportarrivaldate,Transport Information > Arrival > Arrival date
anthro_9-3,transport.transportArrivalTime,transport.transportarrivaltime,Transport Information > Arrival > Arrival time
anthro_9-3,transport.courier,transport.courier,Transport Information > Courier name
anthro_9-3,transport.courierContactNumber,transport.couriercontactnumber,Transport Information > Courier contact number
anthro_9-3,transport.transportRemarks,transport.transportremarks,Transport Information > Note
anthro_9-3,transport.transportCostType,transport.transportcosttype,Cost Information > Transport cost type
anthro_9-3,transport.transportCostResponsibleParty,transport.transportcostresponsibleparty,Cost Information > Transport cost responsible party
anthro_9-3,transport.insuranceCostResponsibleParty,transport.insurancecostresponsibleparty,Cost Information > Insurance/indemnity cost responsible party
anthro_9-3,transport.finalShippingCostCurrency,transport.finalshippingcostcurrency,Cost Information > Final shipping cost > Final shipping cost currency
anthro_9-3,transport.finalShippingCostValue,transport.finalshippingcostvalue,Cost Information > Final shipping cost > Final shipping cost value
anthro_9-3,transport.customsBroker,transport.customsbroker,Cost Information > Customs broker > Customs broker name
anthro_9-3,transport.customsBrokerContact,transport.customsbrokercontact,Cost Information > Customs broker > Customs broker contact
anthro_9-3,transport.customsDeclaredValueCurrency,transport.customsdeclaredvaluecurrency,Cost Information > Declared value for customs > Declared value for customs currency
anthro_9-3,transport.customsDeclaredValueAmount,transport.customsdeclaredvalueamount,Cost Information > Declared value for customs > Declared value for customs amount
anthro_9-3,transport.customsFeeCurrency,transport.customsfeecurrency,Cost Information > Customs fee > Customs fee currency
anthro_9-3,transport.customsFeeValue,transport.customsfeevalue,Cost Information > Customs fee > Customs fee value
anthro_9-3,transport.customsFeeNote,transport.customsfeenote,Cost Information > Customs fee > Customs fee note
anthro_9-3,transport.additionalCostsType,transport.additionalcoststype,Cost Information > Additional cost type
anthro_9-3,transport.additionalCostsCurrency,transport.additionalcostscurrency,Cost Information > Additional cost currency
anthro_9-3,transport.additionalCostsValue,transport.additionalcostsvalue,Cost Information > Additional cost value
anthro_9-3,transport.shippingQuoteProvider,transport.shippingquoteprovider,Cost Information > Shipping quote provider
anthro_9-3,transport.shippingQuoteCurrency,transport.shippingquotecurrency,Cost Information > Shipping quote currency
anthro_9-3,transport.shippingQuoteValue,transport.shippingquotevalue,Cost Information > Shipping quote value
anthro_9-3,transport.shippingQuoteDate,transport.shippingquotedate,Cost Information > Shipping quote date
anthro_9-3,uoc.referenceNumber,uoc.referencenumber,Use of Collections Information > Reference number
anthro_9-3,uoc.method,uoc.method,Use of Collections Information > Method
anthro_9-3,uoc.collectionType,uoc.collectiontype,Use of Collections Information > Collection type
anthro_9-3,uoc.projectId,uoc.projectid,Use of Collections Information > Project ID
anthro_9-3,uoc.subcollection,uoc.subcollection,Use of Collections Information > Subcollection
anthro_9-3,uoc.materialType,uoc.materialtype,Use of Collections Information > Material type
anthro_9-3,uoc.user,uoc.user,Use of Collections Information > User name
anthro_9-3,uoc.userUocRole,uoc.useruocrole,Use of Collections Information > User role
anthro_9-3,uoc.userInstitution,uoc.userinstitution,Use of Collections Information > User institution
anthro_9-3,uoc.userInstitutionRole,uoc.userinstitutionrole,Use of Collections Information > User institution role
anthro_9-3,uoc.title,uoc.title,Use of Collections Information > Title
anthro_9-3,uoc.dateRequested,uoc.daterequested,Use of Collections Information > Date requested
anthro_9-3,uoc.dateCompleted,uoc.datecompleted,Use of Collections Information > Date completed
anthro_9-3,uoc.occasion,uoc.occasion,Use of Collections Information > Occasion
anthro_9-3,uoc.projectDescription,uoc.projectdescription,Use of Collections Information > Project description
anthro_9-3,uoc.authorizedBy,uoc.authorizedby,Use of Collections Information > Authorized by
anthro_9-3,uoc.authorizationDate,uoc.authorizationdate,Use of Collections Information > Authorization date
anthro_9-3,uoc.authorizationStatus,uoc.authorizationstatus,Use of Collections Information > Authorization status
anthro_9-3,uoc.authorizationNote,uoc.authorizationnote,Use of Collections Information > Authorization note
anthro_9-3,uoc.useDate,uoc.usedate,Use of Collections Information > Start/ongoing date
anthro_9-3,uoc.useDateTimeNote,uoc.usedatetimenote,Use of Collections Information > Start/ongoing date time note
anthro_9-3,uoc.useDateNumberOfVisitors,uoc.usedatenumberofvisitors,Use of Collections Information > Start/ongoing date no. of visitors
anthro_9-3,uoc.useDateHoursSpent,uoc.usedatehoursspent,Use of Collections Information > Start/ongoing date hours spent
anthro_9-3,uoc.useDateVisitorNote,uoc.usedatevisitornote,Use of Collections Information > Start/ongoing date visitor note
anthro_9-3,uoc.endDate,uoc.enddate,Use of Collections Information > End date
anthro_9-3,uoc.staffName,uoc.staffname,Use of Collections Information > Staff name
anthro_9-3,uoc.staffRole,uoc.staffrole,Use of Collections Information > Staff role
anthro_9-3,uoc.staffHours,uoc.staffhours,Use of Collections Information > Staff hours spent
anthro_9-3,uoc.staffNote,uoc.staffnote,Use of Collections Information > Staff note
anthro_9-3,uoc.location,uoc.location,Use of Collections Information > Location
anthro_9-3,uoc.feeCurrency,uoc.feecurrency,Use of Collections Information > Fee currency
anthro_9-3,uoc.feeValue,uoc.feevalue,Use of Collections Information > Fee value
anthro_9-3,uoc.feePaid,uoc.feepaid,Use of Collections Information > Fee paid
anthro_9-3,uoc.feeNote,uoc.feenote,Use of Collections Information > Fee note
anthro_9-3,uoc.note,uoc.note,Use of Collections Information > Note
anthro_9-3,uoc.provisos,uoc.provisos,Use of Collections Information > Provisos
anthro_9-3,uoc.obligationsFulfilled,uoc.obligationsfulfilled,Use of Collections Information > Obligations fulfilled
anthro_9-3,uoc.result,uoc.result,Use of Collections Information > Result
anthro_9-3,restrictedmedia.identificationNumber,restrictedmedia.identificationnumber,Media Handling Information > Identification number
anthro_9-3,restrictedmedia.title,restrictedmedia.title,Media Handling Information > Title
anthro_9-3,restrictedmedia.publishTo,restrictedmedia.publishto,Media Handling Information > Publish to
anthro_9-3,restrictedmedia.name,restrictedmedia.name,File Information > Name
anthro_9-3,restrictedmedia.mimeType,restrictedmedia.mimetype,File Information > Type
anthro_9-3,restrictedmedia.length,restrictedmedia.length,File Information > Size
anthro_9-3,restrictedmedia.externalUrl,restrictedmedia.externalurl,Media Handling Information > External URL
anthro_9-3,restrictedmedia.measuredPart,restrictedmedia.measuredpart,Media Handling Information > Measured part
anthro_9-3,restrictedmedia.dimensionSummary,restrictedmedia.dimensionsummary,Media Handling Information > Dimension summary
anthro_9-3,restrictedmedia.dimension,restrictedmedia.dimension,Media Handling Information > Measurement dimension
anthro_9-3,restrictedmedia.measuredBy,restrictedmedia.measuredby,Media Handling Information > Measured by
anthro_9-3,restrictedmedia.measurementMethod,restrictedmedia.measurementmethod,Media Handling Information > Measurement method
anthro_9-3,restrictedmedia.value,restrictedmedia.value,Media Handling Information > Measurement value
anthro_9-3,restrictedmedia.measurementUnit,restrictedmedia.measurementunit,Media Handling Information > Measurement unit
anthro_9-3,restrictedmedia.valueQualifier,restrictedmedia.valuequalifier,Media Handling Information > Measurement qualifier
anthro_9-3,restrictedmedia.valueDate,restrictedmedia.valuedate,Media Handling Information > Measurement date
anthro_9-3,restrictedmedia.measuredPartNote,restrictedmedia.measuredpartnote,Media Handling Information > Dimension note
anthro_9-3,restrictedmedia.checksumValue,restrictedmedia.checksumvalue,Media Handling Information > Checksum value
anthro_9-3,restrictedmedia.checksumType,restrictedmedia.checksumtype,Media Handling Information > Checksum type
anthro_9-3,restrictedmedia.checksumDate,restrictedmedia.checksumdate,Media Handling Information > Checksum date
anthro_9-3,restrictedmedia.contributor,restrictedmedia.contributor,Media Handling Information > Contributor
anthro_9-3,restrictedmedia.creator,restrictedmedia.creator,Media Handling Information > Creator
anthro_9-3,restrictedmedia.language,restrictedmedia.language,Media Handling Information > Language
anthro_9-3,restrictedmedia.publisher,restrictedmedia.publisher,Media Handling Information > Publisher
anthro_9-3,restrictedmedia.relation,restrictedmedia.relation,Media Handling Information > Relation
anthro_9-3,restrictedmedia.copyrightStatement,restrictedmedia.copyrightstatement,Media Handling Information > Copyright statement
anthro_9-3,restrictedmedia.type,restrictedmedia.type,Media Handling Information > Type
anthro_9-3,restrictedmedia.coverage,restrictedmedia.coverage,Media Handling Information > Coverage
anthro_9-3,restrictedmedia.dateGroup,restrictedmedia.dategroup,Media Handling Information > Date
anthro_9-3,restrictedmedia.source,restrictedmedia.source,Media Handling Information > Source
anthro_9-3,restrictedmedia.subject,restrictedmedia.subject,Media Handling Information > Subject
anthro_9-3,restrictedmedia.rightsHolder,restrictedmedia.rightsholder,Media Handling Information > Rights holder
anthro_9-3,restrictedmedia.description,restrictedmedia.description,Media Handling Information > Description
anthro_9-3,restrictedmedia.altText,restrictedmedia.alttext,Media Handling Information > Alt text
anthro_9-3,restrictedmedia.mediaFileURI,restrictedmedia.mediafileuri,""
anthro_9-3,summarydocumentation.documentationNumber,summarydocumentation.documentationnumber,Summary Documentation Information > Summary/documentation number
anthro_9-3,summarydocumentation.title,summarydocumentation.title,Summary Documentation Information > Title
anthro_9-3,summarydocumentation.type,summarydocumentation.type,Summary Documentation Information > Type
anthro_9-3,summarydocumentation.originationDate,summarydocumentation.originationdate,Summary Documentation Information > Origination date
anthro_9-3,summarydocumentation.consultationNote,summarydocumentation.consultationnote,Summary Documentation Information > Consultation note
anthro_9-3,summarydocumentation.treatmentNote,summarydocumentation.treatmentnote,Summary Documentation Information > Treatment note
anthro_9-3,summarydocumentation.note,summarydocumentation.note,Summary Documentation Information > Note
anthro_9-3,summarydocumentation.involvedParty,summarydocumentation.involvedparty,Summary Documentation Information > Parties involved person
anthro_9-3,summarydocumentation.involvedOnBehalfOf,summarydocumentation.involvedonbehalfof,Summary Documentation Information > Parties involved on behalf of
anthro_9-3,summarydocumentation.involvedRole,summarydocumentation.involvedrole,Summary Documentation Information > Parties involved role
anthro_9-3,summarydocumentation.tribeOrNation,summarydocumentation.tribeornation,Summary Documentation Information > Summary affiliation tribe/nation
anthro_9-3,summarydocumentation.includeInNotice,summarydocumentation.includeinnotice,Summary Documentation Information > Summary affiliation include in notice
anthro_9-3,summarydocumentation.determinedBy,summarydocumentation.determinedby,Summary Documentation Information > Summary affiliation determined by
anthro_9-3,summarydocumentation.determinationDate,summarydocumentation.determinationdate,Summary Documentation Information > Summary affiliation determination date
anthro_9-3,summarydocumentation.basisOfDetermination,summarydocumentation.basisofdetermination,Summary Documentation Information > Summary affiliation basis of determination
anthro_9-3,summarydocumentation.determinationNote,summarydocumentation.determinationnote,Summary Documentation Information > Summary affiliation determination note
anthro_9-3,summarydocumentation.statusGroupType,summarydocumentation.statusgrouptype,Summary Documentation Information > Summary documentation status group
anthro_9-3,summarydocumentation.statusIndividual,summarydocumentation.statusindividual,Summary Documentation Information > Summary documentation status individual
anthro_9-3,summarydocumentation.status,summarydocumentation.status,Summary Documentation Information > Summary documentation status
anthro_9-3,summarydocumentation.statusDate,summarydocumentation.statusdate,Summary Documentation Information > Summary documentation status date
anthro_9-3,summarydocumentation.statusNote,summarydocumentation.statusnote,Summary Documentation Information > Summary documentation status note
anthro_9-3,summarydocumentation.geographicPlace,summarydocumentation.geographicplace,Context > Place represented name
anthro_9-3,summarydocumentation.geographicPlaceNote,summarydocumentation.geographicplacenote,Context > Place represented note
anthro_9-3,summarydocumentation.culture,summarydocumentation.culture,Context > Cultural group name
anthro_9-3,summarydocumentation.cultureNote,summarydocumentation.culturenote,Context > Cultural group note
anthro_9-3,summarydocumentation.timePeriod,summarydocumentation.timeperiod,Context > Time period era
anthro_9-3,summarydocumentation.timePeriodNote,summarydocumentation.timeperiodnote,Context > Time period note
anthro_9-3,summarydocumentation.archaeologicalSite,summarydocumentation.archaeologicalsite,Context > Archaeological site name
anthro_9-3,summarydocumentation.archaeologicalSiteNote,summarydocumentation.archaeologicalsitenote,Context > Archaeological site note
anthro_9-3,valuation.valuationcontrolRefNumber,valuation.valuationcontrolrefnumber,Object Valuation Information > Reference number
anthro_9-3,valuation.valueCurrency,valuation.valuecurrency,Object Valuation Information > Amount currency
anthro_9-3,valuation.valueAmount,valuation.valueamount,Object Valuation Information > Amount value
anthro_9-3,valuation.valueDate,valuation.valuedate,Object Valuation Information > Date
anthro_9-3,valuation.valueRenewalDate,valuation.valuerenewaldate,Object Valuation Information > Renewal date
anthro_9-3,valuation.valueSource,valuation.valuesource,Object Valuation Information > Source
anthro_9-3,valuation.valueType,valuation.valuetype,Object Valuation Information > Type
anthro_9-3,valuation.valueNote,valuation.valuenote,Object Valuation Information > Note
anthro_9-3,work.termDisplayName,work.termdisplayname,Work Information > Term display name
anthro_9-3,work.termName,work.termname,Work Information > Term name
anthro_9-3,work.termQualifier,work.termqualifier,Work Information > Term qualifier
anthro_9-3,work.termStatus,work.termstatus,Work Information > Term status
anthro_9-3,work.termType,work.termtype,Work Information > Term type
anthro_9-3,work.termFlag,work.termflag,Work Information > Term flag
anthro_9-3,work.termLanguage,work.termlanguage,Work Information > Term language
anthro_9-3,work.termPrefForLang,work.termprefforlang,Work Information > Term preferred for lang
anthro_9-3,work.termSource,work.termsource,Work Information > Source > Term source name
anthro_9-3,work.termSourceDetail,work.termsourcedetail,Work Information > Source > Term source detail
anthro_9-3,work.termSourceID,work.termsourceid,Work Information > Source > Term source ID
anthro_9-3,work.termSourceNote,work.termsourcenote,Work Information > Source > Term source note
anthro_9-3,work.workType,work.worktype,Work Information > Work type
anthro_9-3,work.workDateGroup,work.workdategroup,Work Information > Work date
anthro_9-3,work.workHistoryNote,work.workhistorynote,Work Information > History note
anthro_9-3,work.creator,work.creator,Work Information > Creator name
anthro_9-3,work.creatorType,work.creatortype,Work Information > Creator type
anthro_9-3,work.publisher,work.publisher,Work Information > Publisher name
anthro_9-3,work.publisherType,work.publishertype,Work Information > Publisher type
anthro_9-3,work.addressPlace1,work.addressplace1,Work Information > Address line 1
anthro_9-3,work.addressPlace2,work.addressplace2,Work Information > Address line 2
anthro_9-3,work.addressMunicipality,work.addressmunicipality,Work Information > Address municipality
anthro_9-3,work.addressStateOrProvince,work.addressstateorprovince,Work Information > Address state/province
anthro_9-3,work.addressPostCode,work.addresspostcode,Work Information > Address postal code
anthro_9-3,work.addressCountry,work.addresscountry,Work Information > Address country
anthro_9-3,work.addressType,work.addresstype,Work Information > Address type
anthro_9-3,osteology.InventoryID,osteology.inventoryid,Osteology Information > Inventory ID
anthro_9-3,osteology.osteoAgeEstimateVerbatim,osteology.osteoageestimateverbatim,Osteology Information > Age estimate verbatim
anthro_9-3,osteology.osteoAgeEstimateLower,osteology.osteoageestimatelower,Osteology Information > Age estimate lower
anthro_9-3,osteology.osteoAgeEstimateUpper,osteology.osteoageestimateupper,Osteology Information > Age estimate upper
anthro_9-3,osteology.osteoAgeEstimateDateGroup,osteology.osteoageestimatedategroup,Osteology Information > Age estimate date
anthro_9-3,osteology.osteoAgeEstimateAnalyst,osteology.osteoageestimateanalyst,Osteology Information > Age estimate analyst
anthro_9-3,osteology.osteoAgeEstimateNote,osteology.osteoageestimatenote,Osteology Information > Age estimate note
anthro_9-3,osteology.sexDetermination,osteology.sexdetermination,Osteology Information > Sex determination
anthro_9-3,osteology.sexDeterminationDateGroup,osteology.sexdeterminationdategroup,Osteology Information > Sex determination date
anthro_9-3,osteology.sexDeterminationAnalyst,osteology.sexdeterminationanalyst,Osteology Information > Sex determination analyst
anthro_9-3,osteology.sexDeterminationNote,osteology.sexdeterminationnote,Osteology Information > Sex determination note
anthro_9-3,osteology.completeness,osteology.completeness,Osteology Information > Completeness > Completeness level
anthro_9-3,osteology.completenessNote,osteology.completenessnote,Osteology Information > Completeness > Completeness note
anthro_9-3,osteology.molarsPresent,osteology.molarspresent,Osteology Information > Dentition > Molars present
anthro_9-3,osteology.dentitionScore,osteology.dentitionscore,Osteology Information > Dentition > Dentition score
anthro_9-3,osteology.dentitionNote,osteology.dentitionnote,Osteology Information > Dentition > Dentition note
anthro_9-3,osteology.mortuaryTreatment,osteology.mortuarytreatment,Osteology Information > Mortuary treatment > Mortuary treatment
anthro_9-3,osteology.mortuaryTreatmentNote,osteology.mortuarytreatmentnote,Osteology Information > Mortuary treatment > Mortuary treatment note
anthro_9-3,osteology.behrensmeyerSingleLower,osteology.behrensmeyersinglelower,Osteology Information > Behrensmeyer stage > Behrensmeyer stage - Single/lower
anthro_9-3,osteology.behrensmeyerUpper,osteology.behrensmeyerupper,Osteology Information > Behrensmeyer stage > Behrensmeyer stage - Upper
anthro_9-3,osteology.NotesOnElementInventory,osteology.notesonelementinventory,Osteology Information > Inventory note
anthro_9-3,osteology.pathologyNote,osteology.pathologynote,Osteology Information > General pathology and trauma note
anthro_9-3,osteology.InventoryIsComplete,osteology.inventoryiscomplete,Osteology Information > Inventory complete
anthro_9-3,osteology.inventoryAnalyst,osteology.inventoryanalyst,Osteology Information > Inventory analyst
anthro_9-3,osteology.inventoryDate,osteology.inventorydate,Osteology Information > Inventory date
anthro_9-3,osteology.Notes_DentalPathology,osteology.notes_dentalpathology,Osteology Information > Dental pathology (incl. alveolar)
anthro_9-3,osteology.Notes_CranialPathology,osteology.notes_cranialpathology,Osteology Information > Cranial bony pathology
anthro_9-3,osteology.Notes_PostcranialPathology,osteology.notes_postcranialpathology,Osteology Information > Postcranial bony pathology
anthro_9-3,osteology.Notes_CulturalModifications,osteology.notes_culturalmodifications,Osteology Information > Cultural modification
anthro_9-3,osteology.Notes_NHTaphonomicAlterations,osteology.notes_nhtaphonomicalterations,Osteology Information > Nonhuman taphonomic alteration
anthro_9-3,osteology.Notes_CuratorialSuffixing,osteology.notes_curatorialsuffixing,Osteology Information > Curatorial suffixing note
anthro_9-3,osteology.cranialDeformationPresent,osteology.cranialdeformationpresent,Cultural Modification Information > Cranial Deformation Information > Is any evidence of cranial deformation present?
anthro_9-3,osteology.cranialDeformationCategory,osteology.cranialdeformationcategory,Cultural Modification Information > Cranial Deformation Information > Cranial deformation general category
anthro_9-3,osteology.cranialDeformationNote,osteology.cranialdeformationnote,Cultural Modification Information > Cranial Deformation Information > Cranial deformation comment
anthro_9-3,osteology.trepanationPresent,osteology.trepanationpresent,Cultural Modification Information > Trepanation Information > Is any evidence of trepanation present?
anthro_9-3,osteology.trepanationLocation,osteology.trepanationlocation,Cultural Modification Information > Trepanation Information > Trepanation location (bone and side)
anthro_9-3,osteology.trepanationDimensionMax,osteology.trepanationdimensionmax,Cultural Modification Information > Trepanation Information > Dimension (mm) > Trepanation dimension max.
anthro_9-3,osteology.trepanationDimensionMin,osteology.trepanationdimensionmin,Cultural Modification Information > Trepanation Information > Dimension (mm) > Trepanation dimension min.
anthro_9-3,osteology.trepanationTechnique,osteology.trepanationtechnique,Cultural Modification Information > Trepanation Information > Trepanation technique
anthro_9-3,osteology.trepanationHealing,osteology.trepanationhealing,Cultural Modification Information > Trepanation Information > Trepanation healing
anthro_9-3,osteology.trepanationCertainty,osteology.trepanationcertainty,Cultural Modification Information > Trepanation Information > Trepanation certainty
anthro_9-3,osteology.trepanationNote,osteology.trepanationnote,Cultural Modification Information > Trepanation Information > Trepanation comment
anthro_9-3,osteology.trepanationGeneralNote,osteology.trepanationgeneralnote,Cultural Modification Information > Trepanation Information > Trepanation general comment
anthro_9-3,taxon.termDisplayName,taxon.termdisplayname,Taxonomic Name Information > Term display name
anthro_9-3,taxon.termFormattedDisplayName,taxon.termformatteddisplayname,Taxonomic Name Information > Formatted display name
anthro_9-3,taxon.termQualifier,taxon.termqualifier,Taxonomic Name Information > Term qualifier
anthro_9-3,taxon.termStatus,taxon.termstatus,Taxonomic Name Information > Term status
anthro_9-3,taxon.termType,taxon.termtype,Taxonomic Name Information > Term type
anthro_9-3,taxon.termFlag,taxon.termflag,Taxonomic Name Information > Term flag
anthro_9-3,taxon.taxonomicStatus,taxon.taxonomicstatus,Taxonomic Name Information > Taxonomic status
anthro_9-3,taxon.termLanguage,taxon.termlanguage,Taxonomic Name Information > Term language
anthro_9-3,taxon.termPrefForLang,taxon.termprefforlang,Taxonomic Name Information > Term preferred for lang
anthro_9-3,taxon.termSource,taxon.termsource,Taxonomic Name Information > Source > Term source name
anthro_9-3,taxon.termSourceDetail,taxon.termsourcedetail,Taxonomic Name Information > Source > Term source detail
anthro_9-3,taxon.termSourceID,taxon.termsourceid,Taxonomic Name Information > Source > Term source ID
anthro_9-3,taxon.termSourceNote,taxon.termsourcenote,Taxonomic Name Information > Source > Term source note
anthro_9-3,taxon.taxonRank,taxon.taxonrank,Taxonomic Name Information > Rank
anthro_9-3,taxon.taxonCurrency,taxon.taxoncurrency,Taxonomic Name Information > Currency
anthro_9-3,taxon.taxonAuthor,taxon.taxonauthor,Taxonomic Name Information > Author name
anthro_9-3,taxon.taxonAuthorType,taxon.taxonauthortype,Taxonomic Name Information > Author type
anthro_9-3,taxon.taxonYear,taxon.taxonyear,Taxonomic Name Information > Year
anthro_9-3,taxon.taxonIsNamedHybrid,taxon.taxonisnamedhybrid,Taxonomic Name Information > Is named hybrid
anthro_9-3,taxon.taxonCitation,taxon.taxoncitation,Taxonomic Name Information > Citation
anthro_9-3,taxon.taxonNote,taxon.taxonnote,Taxonomic Name Information > Note
anthro_9-3,taxon.commonName,taxon.commonname,Taxonomic Name Information > Common name
anthro_9-3,taxon.commonNameLanguage,taxon.commonnamelanguage,Taxonomic Name Information > Common name language
anthro_9-3,taxon.commonNameSource,taxon.commonnamesource,Taxonomic Name Information > Common name source
anthro_9-3,taxon.commonNameSourceDetail,taxon.commonnamesourcedetail,Taxonomic Name Information > Common name source detail
anthro_9-3,claim.claimNumber,claim.claimnumber,Claim Information > Claim number
anthro_9-3,claim.nagpraClaimName,claim.nagpraclaimname,Claim Information > Claim name
anthro_9-3,claim.nagpraClaimAltName,claim.nagpraclaimaltname,Claim Information > Alternate name/number
anthro_9-3,claim.nagpraClaimAltNameNote,claim.nagpraclaimaltnamenote,Claim Information > Alternate name/number note
anthro_9-3,claim.claimFiledBy,claim.claimfiledby,Claim Information > Claim filed by
anthro_9-3,claim.claimFiledOnBehalfOf,claim.claimfiledonbehalfof,Claim Information > Claim filed on behalf of
anthro_9-3,claim.claimantNote,claim.claimantnote,Claim Information > Claimant note
anthro_9-3,claim.nagpraClaimType,claim.nagpraclaimtype,Claim Information > Claim type
anthro_9-3,claim.claimReceivedDate,claim.claimreceiveddate,Claim Information > Claim filed date
anthro_9-3,claim.claimReceivedNote,claim.claimreceivednote,Claim Information > Claim filed note
anthro_9-3,claim.nagpraClaimNote,claim.nagpraclaimnote,Claim Information > Note
anthro_9-3,claim.nagpraClaimSiteName,claim.nagpraclaimsitename,Claim Context > Site/place involved name
anthro_9-3,claim.nagpraClaimSiteNote,claim.nagpraclaimsitenote,Claim Context > Site/place involved note
anthro_9-3,claim.nagpraClaimGroupName,claim.nagpraclaimgroupname,Claim Context > Cultural group involved name
anthro_9-3,claim.nagpraClaimGroupNote,claim.nagpraclaimgroupnote,Claim Context > Cultural group involved note
anthro_9-3,claim.nagpraClaimPeriodDateGroup,claim.nagpraclaimperioddategroup,Claim Context > Time period represented date
anthro_9-3,claim.nagpraClaimPeriodNote,claim.nagpraclaimperiodnote,Claim Context > Time period represented note
anthro_9-3,claim.nagpraClaimInitialResponseDate,claim.nagpraclaiminitialresponsedate,Claim Processing Information > Initial response date
anthro_9-3,claim.nagpraClaimInitialResponseNote,claim.nagpraclaiminitialresponsenote,Claim Processing Information > Initial response note
anthro_9-3,claim.nagpraClaimSentToLocalDate,claim.nagpraclaimsenttolocaldate,Claim Processing Information > Sent to NAGPRA committee date
anthro_9-3,claim.nagpraClaimSentToLocalNote,claim.nagpraclaimsenttolocalnote,Claim Processing Information > Sent to NAGPRA committee note
anthro_9-3,claim.nagpraClaimLocalRecDate,claim.nagpraclaimlocalrecdate,Claim Processing Information > Recommendation of NAGPRA committee date
anthro_9-3,claim.nagpraClaimLocalRecNote,claim.nagpraclaimlocalrecnote,Claim Processing Information > Recommendation of NAGPRA committee note
anthro_9-3,claim.nagpraClaimSentToNatlDate,claim.nagpraclaimsenttonatldate,Claim Processing Information > Sent to National NAGPRA date
anthro_9-3,claim.nagpraClaimSentToNatlNote,claim.nagpraclaimsenttonatlnote,Claim Processing Information > Sent to National NAGPRA note
anthro_9-3,claim.nagpraClaimNatlRespDate,claim.nagpraclaimnatlrespdate,Claim Processing Information > Response from National NAGPRA date
anthro_9-3,claim.nagpraClaimNatlRespNote,claim.nagpraclaimnatlrespnote,Claim Processing Information > Response from National NAGPRA note
anthro_9-3,claim.nagpraClaimNatlApprovalDate,claim.nagpraclaimnatlapprovaldate,Claim Processing Information > Publication by National NAGPRA date
anthro_9-3,claim.nagpraClaimNatlApprovalNote,claim.nagpraclaimnatlapprovalnote,Claim Processing Information > Publication by National NAGPRA note
anthro_9-3,claim.nagpraClaimNoticeDate,claim.nagpraclaimnoticedate,Claim Processing Information > National NAGPRA 30-day notice date
anthro_9-3,claim.nagpraClaimNoticeDateType,claim.nagpraclaimnoticedatetype,Claim Processing Information > National NAGPRA 30-day notice date type
anthro_9-3,claim.nagpraClaimNoticeNote,claim.nagpraclaimnoticenote,Claim Processing Information > National NAGPRA 30-day notice note
anthro_9-3,claim.nagpraClaimTransferDate,claim.nagpraclaimtransferdate,Claim Processing Information > Transfer date
anthro_9-3,claim.nagpraClaimTransferNote,claim.nagpraclaimtransfernote,Claim Processing Information > Transfer note
anthro_9-3,claim.dispositionPossibilitiesDiscussed,claim.dispositionpossibilitiesdiscussed,Claim Processing Information > Tasks Completed > Disposition possibilities discussed
anthro_9-3,claim.dispositionPossibilitiesDiscussedNote,claim.dispositionpossibilitiesdiscussednote,Claim Processing Information > Tasks Completed > Disposition possibilities discussed note
anthro_9-3,claim.surroundingTribesContacted,claim.surroundingtribescontacted,Claim Processing Information > Tasks Completed > Surrounding tribes contacted
anthro_9-3,claim.surroundingTribesContactedNote,claim.surroundingtribescontactednote,Claim Processing Information > Tasks Completed > Surrounding tribes contacted note
anthro_9-3,claim.workingTeamNotified,claim.workingteamnotified,Claim Processing Information > Tasks Completed > Institutional NAGPRA team notified
anthro_9-3,claim.workingTeamNotifiedNote,claim.workingteamnotifiednote,Claim Processing Information > Tasks Completed > Institutional NAGPRA team notified note
anthro_9-3,claim.siteFileResearchCompleted,claim.sitefileresearchcompleted,Claim Processing Information > Tasks Completed > Site file research completed
anthro_9-3,claim.siteFileResearchCompletedNote,claim.sitefileresearchcompletednote,Claim Processing Information > Tasks Completed > Site file research completed note
anthro_9-3,claim.accessionFileResearchCompleted,claim.accessionfileresearchcompleted,Claim Processing Information > Tasks Completed > Accession file research completed
anthro_9-3,claim.accessionFileResearchCompletedNote,claim.accessionfileresearchcompletednote,Claim Processing Information > Tasks Completed > Accession file research completed note
anthro_9-3,claim.objectsLocatedAndCounted,claim.objectslocatedandcounted,Claim Processing Information > Tasks Completed > Objects located and counted
anthro_9-3,claim.objectsLocatedAndCountedNote,claim.objectslocatedandcountednote,Claim Processing Information > Tasks Completed > Objects located and counted note
anthro_9-3,claim.objectsConsolidated,claim.objectsconsolidated,Claim Processing Information > Tasks Completed > Objects consolidated
anthro_9-3,claim.objectsConsolidatedNote,claim.objectsconsolidatednote,Claim Processing Information > Tasks Completed > Objects consolidated note
anthro_9-3,claim.objectsPhotographed,claim.objectsphotographed,Claim Processing Information > Tasks Completed > Objects photographed
anthro_9-3,claim.objectsPhotographedNote,claim.objectsphotographednote,Claim Processing Information > Tasks Completed > Objects photographed note
anthro_9-3,claim.registrationDocumentsDrafted,claim.registrationdocumentsdrafted,Claim Processing Information > Tasks Completed > Registration documents drawn up
anthro_9-3,claim.registrationDocumentsDraftedNote,claim.registrationdocumentsdraftednote,Claim Processing Information > Tasks Completed > Registration documents drawn up note
anthro_9-3,claim.tribeContactedForPackingPreferences,claim.tribecontactedforpackingpreferences,Claim Processing Information > Tasks Completed > Tribe contacted for packing/storage instructions
anthro_9-3,claim.tribeContactedForPackingPreferencesNote,claim.tribecontactedforpackingpreferencesnote,Claim Processing Information > Tasks Completed > Tribe contacted for packing/storage instructions note
anthro_9-3,claim.dateArrangedForTransfer,claim.datearrangedfortransfer,Claim Processing Information > Tasks Completed > Date arranged for pickup/transfer
anthro_9-3,claim.dateArrangedForTransferNote,claim.datearrangedfortransfernote,Claim Processing Information > Tasks Completed > Date arranged for pickup/transfer note
anthro_9-3,claim.objectsMarkedAsDeaccessioned,claim.objectsmarkedasdeaccessioned,Claim Processing Information > Tasks Completed > Objects marked as deaccessioned
anthro_9-3,claim.objectsMarkedAsDeaccessionedNote,claim.objectsmarkedasdeaccessionednote,Claim Processing Information > Tasks Completed > Objects marked as deaccessioned note
anthro_9-3,claim.documentsArchived,claim.documentsarchived,Claim Processing Information > Tasks Completed > Claim documents archived
anthro_9-3,claim.documentsArchivedNote,claim.documentsarchivednote,Claim Processing Information > Tasks Completed > Claim documents archived note
fcart_9-0,acquisition.acquisitionReferenceNumber,acquisition.acquisitionreferencenumber,Acquisition Information > Reference number
fcart_9-0,acquisition.alternativeIdentifier,acquisition.alternativeidentifier,Acquisition Information > Alternative identifier
fcart_9-0,acquisition.alternativeIdentifierNote,acquisition.alternativeidentifiernote,Acquisition Information > Alternative identifier note
fcart_9-0,acquisition.accessionDateGroup,acquisition.accessiondategroup,Acquisition Information > Accession date
fcart_9-0,acquisition.acquisitionAuthorizer,acquisition.acquisitionauthorizer,Acquisition Information > Authorization > Authorizer
fcart_9-0,acquisition.acquisitionAuthorizerDate,acquisition.acquisitionauthorizerdate,Acquisition Information > Authorization > Authorization date
fcart_9-0,acquisition.acquisitionDateGroup,acquisition.acquisitiondategroup,Acquisition Information > Acquisition date
fcart_9-0,acquisition.acquisitionSource,acquisition.acquisitionsource,Acquisition Information > Acquisition source
fcart_9-0,acquisition.owner,acquisition.owner,Acquisition Information > Owner
fcart_9-0,acquisition.transferOfTitleNumber,acquisition.transferoftitlenumber,Acquisition Information > Transfer of title number
fcart_9-0,acquisition.acquisitionMethod,acquisition.acquisitionmethod,Acquisition Information > Acquisition method
fcart_9-0,acquisition.acquisitionDescription,acquisition.acquisitiondescription,Acquisition Information > Acquisition description
fcart_9-0,acquisition.acquisitionReason,acquisition.acquisitionreason,Acquisition Information > Acquisition reason
fcart_9-0,acquisition.approvalGroup,acquisition.approvalgroup,Acquisition Information > Approval group > Approval group
fcart_9-0,acquisition.approvalIndividual,acquisition.approvalindividual,Acquisition Information > Approval group > Approval individual
fcart_9-0,acquisition.approvalStatus,acquisition.approvalstatus,Acquisition Information > Approval group > Approval status
fcart_9-0,acquisition.approvalDate,acquisition.approvaldate,Acquisition Information > Approval group > Approval status date
fcart_9-0,acquisition.approvalNote,acquisition.approvalnote,Acquisition Information > Approval group > Approval note
fcart_9-0,acquisition.acquisitionNote,acquisition.acquisitionnote,Acquisition Information > Note
fcart_9-0,acquisition.acquisitionProvisos,acquisition.acquisitionprovisos,Acquisition Information > Provisos
fcart_9-0,acquisition.acquisitionFundingCurrency,acquisition.acquisitionfundingcurrency,Acquisition Information > Funding currency
fcart_9-0,acquisition.acquisitionFundingValue,acquisition.acquisitionfundingvalue,Acquisition Information > Funding value
fcart_9-0,acquisition.acquisitionFundingSource,acquisition.acquisitionfundingsource,Acquisition Information > Funding source
fcart_9-0,acquisition.acquisitionFundingSourceProvisos,acquisition.acquisitionfundingsourceprovisos,Acquisition Information > Funding source provisos
fcart_9-0,acquisition.involvedParty,acquisition.involvedparty,Acquisition Information > Parties involved person
fcart_9-0,acquisition.involvedOnBehalfOf,acquisition.involvedonbehalfof,Acquisition Information > Parties involved on behalf of
fcart_9-0,acquisition.involvedRole,acquisition.involvedrole,Acquisition Information > Parties involved role
fcart_9-0,acquisition.creditLine,acquisition.creditline,Acquisition Information > Credit line
fcart_9-0,acquisition.groupPurchasePriceCurrency,acquisition.grouppurchasepricecurrency,Price Information > Group purchase price > Group purchase price currency
fcart_9-0,acquisition.groupPurchasePriceValue,acquisition.grouppurchasepricevalue,Price Information > Group purchase price > Group purchase price value
fcart_9-0,acquisition.objectOfferPriceCurrency,acquisition.objectofferpricecurrency,Price Information > Object offer price > Object offer price currency
fcart_9-0,acquisition.objectOfferPriceValue,acquisition.objectofferpricevalue,Price Information > Object offer price > Object offer price value
fcart_9-0,acquisition.objectPurchaseOfferPriceCurrency,acquisition.objectpurchaseofferpricecurrency,Price Information > Object purchaser offer price > Object purchaser offer price currency
fcart_9-0,acquisition.objectPurchaseOfferPriceValue,acquisition.objectpurchaseofferpricevalue,Price Information > Object purchaser offer price > Object purchaser offer price value
fcart_9-0,acquisition.objectPurchasePriceCurrency,acquisition.objectpurchasepricecurrency,Price Information > Object purchase price > Object purchase price currency
fcart_9-0,acquisition.objectPurchasePriceValue,acquisition.objectpurchasepricevalue,Price Information > Object purchase price > Object purchase price value
fcart_9-0,acquisition.originalObjectPurchasePriceCurrency,acquisition.originalobjectpurchasepricecurrency,Price Information > Original object purchase price > Original object purchase price currency
fcart_9-0,acquisition.originalObjectPurchasePriceValue,acquisition.originalobjectpurchasepricevalue,Price Information > Original object purchase price > Original object purchase price value
fcart_9-0,citation.termDisplayName,citation.termdisplayname,Citation Information > Term display name
fcart_9-0,citation.termStatus,citation.termstatus,Citation Information > Term status
fcart_9-0,citation.termType,citation.termtype,Citation Information > Term type
fcart_9-0,citation.termFlag,citation.termflag,Citation Information > Term flag
fcart_9-0,citation.termLanguage,citation.termlanguage,Citation Information > Term language
fcart_9-0,citation.termPrefForLang,citation.termprefforlang,Citation Information > Term preferred for lang
fcart_9-0,citation.termFullCitation,citation.termfullcitation,Citation Information > Term full citation
fcart_9-0,citation.termTitle,citation.termtitle,Citation Information > Term title
fcart_9-0,citation.termSubTitle,citation.termsubtitle,Citation Information > Term subtitle
fcart_9-0,citation.termSectionTitle,citation.termsectiontitle,Citation Information > Term section title
fcart_9-0,citation.termVolume,citation.termvolume,Citation Information > Term volume
fcart_9-0,citation.termIssue,citation.termissue,Citation Information > Term issue
fcart_9-0,citation.termSource,citation.termsource,Citation Information > Source > Term source name
fcart_9-0,citation.termSourceDetail,citation.termsourcedetail,Citation Information > Source > Term source detail
fcart_9-0,citation.termSourceID,citation.termsourceid,Citation Information > Source > Term source ID
fcart_9-0,citation.termSourceNote,citation.termsourcenote,Citation Information > Source > Term source note
fcart_9-0,citation.publisher,citation.publisher,Citation Information > Publisher
fcart_9-0,citation.publicationPlace,citation.publicationplace,Citation Information > Publication place
fcart_9-0,citation.publicationDate,citation.publicationdate,Citation Information > Publication date
fcart_9-0,citation.edition,citation.edition,Citation Information > Publication edition
fcart_9-0,citation.pages,citation.pages,Citation Information > Publication page(s)
fcart_9-0,citation.agent,citation.agent,Citation Information > Agent name
fcart_9-0,citation.role,citation.role,Citation Information > Agent role
fcart_9-0,citation.note,citation.note,Citation Information > Agent note
fcart_9-0,citation.citationNote,citation.citationnote,Citation Information > Note
fcart_9-0,citation.resourceIdent,citation.resourceident,Citation Information > Resource identifier
fcart_9-0,citation.type,citation.type,Citation Information > Resource identifier type
fcart_9-0,citation.captureDate,citation.capturedate,Citation Information > Resource identifier capture date
fcart_9-0,citation.relatedTerm,citation.relatedterm,Citation Information > Related term
fcart_9-0,citation.relationType,citation.relationtype,Citation Information > Related term type
fcart_9-0,chronology.termDisplayName,chronology.termdisplayname,Chronology Information > Term display name
fcart_9-0,chronology.termName,chronology.termname,Chronology Information > Term name
fcart_9-0,chronology.termQualifier,chronology.termqualifier,Chronology Information > Term qualifier
fcart_9-0,chronology.termStatus,chronology.termstatus,Chronology Information > Term status
fcart_9-0,chronology.termType,chronology.termtype,Chronology Information > Term type
fcart_9-0,chronology.termFlag,chronology.termflag,Chronology Information > Term flag
fcart_9-0,chronology.historicalStatus,chronology.historicalstatus,Chronology Information > Term historical status
fcart_9-0,chronology.termLanguage,chronology.termlanguage,Chronology Information > Term language
fcart_9-0,chronology.termPrefForLang,chronology.termprefforlang,Chronology Information > Term preferred for lang
fcart_9-0,chronology.termSource,chronology.termsource,Chronology Information > Source > Term source name
fcart_9-0,chronology.termSourceDetail,chronology.termsourcedetail,Chronology Information > Source > Term source detail
fcart_9-0,chronology.termSourceID,chronology.termsourceid,Chronology Information > Source > Term source ID
fcart_9-0,chronology.termSourceNote,chronology.termsourcenote,Chronology Information > Source > Term source note
fcart_9-0,chronology.primaryDateRangeStructuredDateGroup,chronology.primarydaterangestructureddategroup,Chronology Information > Primary date range
fcart_9-0,chronology.chronologyType,chronology.chronologytype,Chronology Information > Chronology type
fcart_9-0,chronology.spatialCoverage,chronology.spatialcoverage,Chronology Information > Spatial coverage
fcart_9-0,chronology.chronologyDescription,chronology.chronologydescription,Chronology Information > Chronology description
fcart_9-0,chronology.chronologyNote,chronology.chronologynote,Chronology Information > Chronology note
fcart_9-0,chronology.identifierValue,chronology.identifiervalue,Chronology Information > Resource identifier value
fcart_9-0,chronology.identifierCitation,chronology.identifiercitation,Chronology Information > Resource identifier citation
fcart_9-0,chronology.identifierDate,chronology.identifierdate,Chronology Information > Resource identifier date
fcart_9-0,chronology.altDateRangeStructuredDateGroup,chronology.altdaterangestructureddategroup,Alternative Date Information > Alternative date range
fcart_9-0,chronology.altDateSpatialCoverage,chronology.altdatespatialcoverage,Alternative Date Information > Alternative date spatial coverage
fcart_9-0,chronology.altDateCitation,chronology.altdatecitation,Alternative Date Information > Alternative date citation
fcart_9-0,chronology.altDateNote,chronology.altdatenote,Alternative Date Information > Alternative date note
fcart_9-0,chronology.assocPerson,chronology.assocperson,Associated Authorities > Associated person
fcart_9-0,chronology.assocPersonType,chronology.assocpersontype,Associated Authorities > Associated person relationship/type
fcart_9-0,chronology.assocPersonStructuredDateGroup,chronology.assocpersonstructureddategroup,Associated Authorities > Associated person date
fcart_9-0,chronology.assocPersonCitation,chronology.assocpersoncitation,Associated Authorities > Associated person citation
fcart_9-0,chronology.assocPersonNote,chronology.assocpersonnote,Associated Authorities > Associated person note
fcart_9-0,chronology.assocPeople,chronology.assocpeople,Associated Authorities > Associated people
fcart_9-0,chronology.assocPeopleType,chronology.assocpeopletype,Associated Authorities > Associated people relationship/type
fcart_9-0,chronology.assocPeopleStructuredDateGroup,chronology.assocpeoplestructureddategroup,Associated Authorities > Associated people date
fcart_9-0,chronology.assocPeopleCitation,chronology.assocpeoplecitation,Associated Authorities > Associated people citation
fcart_9-0,chronology.assocPeopleNote,chronology.assocpeoplenote,Associated Authorities > Associated people note
fcart_9-0,chronology.assocOrganization,chronology.assocorganization,Associated Authorities > Associated organization
fcart_9-0,chronology.assocOrganizationType,chronology.assocorganizationtype,Associated Authorities > Associated organization relationship/type
fcart_9-0,chronology.assocOrganizationStructuredDateGroup,chronology.assocorganizationstructureddategroup,Associated Authorities > Associated organization date
fcart_9-0,chronology.assocOrganizationCitation,chronology.assocorganizationcitation,Associated Authorities > Associated organization citation
fcart_9-0,chronology.assocOrganizationNote,chronology.assocorganizationnote,Associated Authorities > Associated organization note
fcart_9-0,chronology.assocConcept,chronology.assocconcept,Associated Authorities > Associated concept
fcart_9-0,chronology.assocConceptType,chronology.assocconcepttype,Associated Authorities > Associated concept relationship/type
fcart_9-0,chronology.assocConceptStructuredDateGroup,chronology.assocconceptstructureddategroup,Associated Authorities > Associated concept date
fcart_9-0,chronology.assocConceptCitation,chronology.assocconceptcitation,Associated Authorities > Associated concept citation
fcart_9-0,chronology.assocConceptNote,chronology.assocconceptnote,Associated Authorities > Associated concept note
fcart_9-0,chronology.assocPlace,chronology.assocplace,Associated Authorities > Associated place
fcart_9-0,chronology.assocPlaceType,chronology.assocplacetype,Associated Authorities > Associated place relationship/type
fcart_9-0,chronology.assocPlaceStructuredDateGroup,chronology.assocplacestructureddategroup,Associated Authorities > Associated place date
fcart_9-0,chronology.assocPlaceCitation,chronology.assocplacecitation,Associated Authorities > Associated place citation
fcart_9-0,chronology.assocPlaceNote,chronology.assocplacenote,Associated Authorities > Associated place note
fcart_9-0,chronology.assocChronology,chronology.assocchronology,Associated Authorities > Associated event/era
fcart_9-0,chronology.assocChronologyType,chronology.assocchronologytype,Associated Authorities > Associated event/era relationship/type
fcart_9-0,chronology.assocChronologyStructuredDateGroup,chronology.assocchronologystructureddategroup,Associated Authorities > Associated event/era date
fcart_9-0,chronology.assocChronologyCitation,chronology.assocchronologycitation,Associated Authorities > Associated event/era citation
fcart_9-0,chronology.assocChronologyNote,chronology.assocchronologynote,Associated Authorities > Associated event/era note
fcart_9-0,collectionobject.objectNumber,collectionobject.objectnumber,Object Identification Information > Identification number
fcart_9-0,collectionobject.numberValue,collectionobject.numbervalue,Object Identification Information > Other number value
fcart_9-0,collectionobject.numberType,collectionobject.numbertype,Object Identification Information > Other number type
fcart_9-0,collectionobject.responsibleDepartment,collectionobject.responsibledepartment,Object Identification Information > Responsible department
fcart_9-0,collectionobject.collection,collectionobject.collection,Object Identification Information > Collection
fcart_9-0,collectionobject.namedCollection,collectionobject.namedcollection,Object Identification Information > Named collection
fcart_9-0,collectionobject.descriptionLevel,collectionobject.descriptionlevel,Object Identification Information > Description level
fcart_9-0,collectionobject.recordStatus,collectionobject.recordstatus,Object Identification Information > Record status
fcart_9-0,collectionobject.catalogLevel,collectionobject.cataloglevel,Object Identification Information > Cataloging level
fcart_9-0,collectionobject.publishTo,collectionobject.publishto,Object Identification Information > Publish to
fcart_9-0,collectionobject.inventoryStatus,collectionobject.inventorystatus,Object Identification Information > Inventory status
fcart_9-0,collectionobject.briefDescription,collectionobject.briefdescription,Object Identification Information > Brief description
fcart_9-0,collectionobject.distinguishingFeatures,collectionobject.distinguishingfeatures,Object Identification Information > Distinguishing features
fcart_9-0,collectionobject.comment,collectionobject.comment,Object Identification Information > Comment
fcart_9-0,collectionobject.computedCurrentLocation,collectionobject.computedcurrentlocation,Object Identification Information > Computed current location
fcart_9-0,collectionobject.homeLocation,collectionobject.homelocation,Object Identification Information > Home location
fcart_9-0,collectionobject.homeLocationNote,collectionobject.homelocationnote,Object Identification Information > Home location note
fcart_9-0,collectionobject.title,collectionobject.title,Object Identification Information > Title
fcart_9-0,collectionobject.titleLanguage,collectionobject.titlelanguage,Object Identification Information > Title language
fcart_9-0,collectionobject.titleType,collectionobject.titletype,Object Identification Information > Title type
fcart_9-0,collectionobject.titleTranslation,collectionobject.titletranslation,Object Identification Information > Title translation
fcart_9-0,collectionobject.titleTranslationLanguage,collectionobject.titletranslationlanguage,Object Identification Information > Title translation language
fcart_9-0,collectionobject.objectNameControlled,collectionobject.objectnamecontrolled,Object Identification Information > Object name controlled
fcart_9-0,collectionobject.objectName,collectionobject.objectname,Object Identification Information > Object name
fcart_9-0,collectionobject.objectNameCurrency,collectionobject.objectnamecurrency,Object Identification Information > Object name currency
fcart_9-0,collectionobject.objectNameLevel,collectionobject.objectnamelevel,Object Identification Information > Object name level
fcart_9-0,collectionobject.objectNameSystem,collectionobject.objectnamesystem,Object Identification Information > Object name system
fcart_9-0,collectionobject.objectNameType,collectionobject.objectnametype,Object Identification Information > Object name type
fcart_9-0,collectionobject.objectNameLanguage,collectionobject.objectnamelanguage,Object Identification Information > Object name language
fcart_9-0,collectionobject.objectNameNote,collectionobject.objectnamenote,Object Identification Information > Object name note
fcart_9-0,collectionobject.objectCount,collectionobject.objectcount,Object Identification Information > Object count value
fcart_9-0,collectionobject.objectCountUnit,collectionobject.objectcountunit,Object Identification Information > Object count unit
fcart_9-0,collectionobject.objectCountType,collectionobject.objectcounttype,Object Identification Information > Object count type
fcart_9-0,collectionobject.objectCountCountedBy,collectionobject.objectcountcountedby,Object Identification Information > Object count counted by
fcart_9-0,collectionobject.objectCountDate,collectionobject.objectcountdate,Object Identification Information > Object count date
fcart_9-0,collectionobject.objectCountNote,collectionobject.objectcountnote,Object Identification Information > Object count note
fcart_9-0,collectionobject.objectProductionDateGroup,collectionobject.objectproductiondategroup,Object Production Information > Production date
fcart_9-0,collectionobject.objectProductionEra,collectionobject.objectproductionera,Object Production Information > Production era
fcart_9-0,collectionobject.technique,collectionobject.technique,Object Production Information > Production technique
fcart_9-0,collectionobject.techniqueType,collectionobject.techniquetype,Object Production Information > Production technique type
fcart_9-0,collectionobject.objectProductionPlace,collectionobject.objectproductionplace,Object Production Information > Production place
fcart_9-0,collectionobject.objectProductionPlaceRole,collectionobject.objectproductionplacerole,Object Production Information > Production place role
fcart_9-0,collectionobject.objectProductionPlaceVerbatim,collectionobject.objectproductionplaceverbatim,Object Production Information > Production place (verbatim)
fcart_9-0,collectionobject.objectProductionReason,collectionobject.objectproductionreason,Object Production Information > Production reason
fcart_9-0,collectionobject.objectProductionPeople,collectionobject.objectproductionpeople,Object Production Information > Production people
fcart_9-0,collectionobject.objectProductionPeopleRole,collectionobject.objectproductionpeoplerole,Object Production Information > Production people role
fcart_9-0,collectionobject.objectProductionPerson,collectionobject.objectproductionperson,Object Production Information > Production person
fcart_9-0,collectionobject.objectProductionPersonRole,collectionobject.objectproductionpersonrole,Object Production Information > Production person role
fcart_9-0,collectionobject.objectProductionOrganization,collectionobject.objectproductionorganization,Object Production Information > Production organization
fcart_9-0,collectionobject.objectProductionOrganizationRole,collectionobject.objectproductionorganizationrole,Object Production Information > Production organization role
fcart_9-0,collectionobject.objectProductionAgent,collectionobject.objectproductionagent,Object Production Information > Production agent (verbatim)
fcart_9-0,collectionobject.objectProductionNote,collectionobject.objectproductionnote,Object Production Information > Production note
fcart_9-0,collectionobject.creatorDescription,collectionobject.creatordescription,Object Production Information > Creator description
fcart_9-0,collectionobject.copyNumber,collectionobject.copynumber,Object Description Information > Copy number
fcart_9-0,collectionobject.objectStatus,collectionobject.objectstatus,Object Description Information > Object status
fcart_9-0,collectionobject.editionNumber,collectionobject.editionnumber,Object Description Information > Edition number
fcart_9-0,collectionobject.style,collectionobject.style,Object Description Information > Style
fcart_9-0,collectionobject.color,collectionobject.color,Object Description Information > Color
fcart_9-0,collectionobject.materialTechniqueDescription,collectionobject.materialtechniquedescription,Object Description Information > Material/technique description
fcart_9-0,collectionobject.materialControlled,collectionobject.materialcontrolled,Object Description Information > Material controlled
fcart_9-0,collectionobject.material,collectionobject.material,Object Description Information > Material
fcart_9-0,collectionobject.materialComponent,collectionobject.materialcomponent,Object Description Information > Material component
fcart_9-0,collectionobject.materialComponentNote,collectionobject.materialcomponentnote,Object Description Information > Material component note
fcart_9-0,collectionobject.materialName,collectionobject.materialname,Object Description Information > Material name
fcart_9-0,collectionobject.materialSource,collectionobject.materialsource,Object Description Information > Material source
fcart_9-0,collectionobject.physicalDescription,collectionobject.physicaldescription,Object Description Information > Physical description
fcart_9-0,collectionobject.objectComponentName,collectionobject.objectcomponentname,Object Description Information > Object component name
fcart_9-0,collectionobject.objectComponentInformation,collectionobject.objectcomponentinformation,Object Description Information > Object component information
fcart_9-0,collectionobject.technicalAttribute,collectionobject.technicalattribute,Object Description Information > Technical attribute
fcart_9-0,collectionobject.technicalAttributeMeasurement,collectionobject.technicalattributemeasurement,Object Description Information > Technical attribute measurement
fcart_9-0,collectionobject.technicalAttributeMeasurementUnit,collectionobject.technicalattributemeasurementunit,Object Description Information > Technical attribute measurement unit
fcart_9-0,collectionobject.annotationType,collectionobject.annotationtype,Object Description Information > Annotation type
fcart_9-0,collectionobject.annotationDate,collectionobject.annotationdate,Object Description Information > Annotation date
fcart_9-0,collectionobject.annotationAuthor,collectionobject.annotationauthor,Object Description Information > Annotation author
fcart_9-0,collectionobject.annotationNote,collectionobject.annotationnote,Object Description Information > Annotation note
fcart_9-0,collectionobject.measuredPart,collectionobject.measuredpart,Object Description Information > Measured part
fcart_9-0,collectionobject.dimensionSummary,collectionobject.dimensionsummary,Object Description Information > Dimension summary
fcart_9-0,collectionobject.dimension,collectionobject.dimension,Object Description Information > Measurement dimension
fcart_9-0,collectionobject.measuredBy,collectionobject.measuredby,Object Description Information > Measured by
fcart_9-0,collectionobject.measurementMethod,collectionobject.measurementmethod,Object Description Information > Measurement method
fcart_9-0,collectionobject.value,collectionobject.value,Object Description Information > Measurement value
fcart_9-0,collectionobject.measurementUnit,collectionobject.measurementunit,Object Description Information > Measurement unit
fcart_9-0,collectionobject.valueQualifier,collectionobject.valuequalifier,Object Description Information > Measurement qualifier
fcart_9-0,collectionobject.valueDate,collectionobject.valuedate,Object Description Information > Measurement date
fcart_9-0,collectionobject.measuredPartNote,collectionobject.measuredpartnote,Object Description Information > Dimension note
fcart_9-0,collectionobject.contentDescription,collectionobject.contentdescription,Object Description Information > Content > Content description
fcart_9-0,collectionobject.contentLanguage,collectionobject.contentlanguage,Object Description Information > Content > Content language
fcart_9-0,collectionobject.contentActivity,collectionobject.contentactivity,Object Description Information > Content > Content activity
fcart_9-0,collectionobject.contentConcept,collectionobject.contentconcept,Object Description Information > Content > Content concept
fcart_9-0,collectionobject.contentDateGroup,collectionobject.contentdategroup,Object Description Information > Content > Content date
fcart_9-0,collectionobject.contentPosition,collectionobject.contentposition,Object Description Information > Content > Content position
fcart_9-0,collectionobject.contentObject,collectionobject.contentobject,Object Description Information > Content > Content object name
fcart_9-0,collectionobject.contentObjectType,collectionobject.contentobjecttype,Object Description Information > Content > Content object type
fcart_9-0,collectionobject.contentPeople,collectionobject.contentpeople,Object Description Information > Content > Content people
fcart_9-0,collectionobject.contentPerson,collectionobject.contentperson,Object Description Information > Content > Content person
fcart_9-0,collectionobject.contentPlace,collectionobject.contentplace,Object Description Information > Content > Content place
fcart_9-0,collectionobject.contentScript,collectionobject.contentscript,Object Description Information > Content > Content script
fcart_9-0,collectionobject.contentOrganization,collectionobject.contentorganization,Object Description Information > Content > Content organization
fcart_9-0,collectionobject.contentEventName,collectionobject.contenteventname,Object Description Information > Content > Content event name
fcart_9-0,collectionobject.contentEventNameType,collectionobject.contenteventnametype,Object Description Information > Content > Content event type
fcart_9-0,collectionobject.contentEvent,collectionobject.contentevent,Object Description Information > Content > Content controlled event or period/era
fcart_9-0,collectionobject.contentOther,collectionobject.contentother,Object Description Information > Content > Content other name
fcart_9-0,collectionobject.contentOtherType,collectionobject.contentothertype,Object Description Information > Content > Content other type
fcart_9-0,collectionobject.contentNote,collectionobject.contentnote,Object Description Information > Content > Content note
fcart_9-0,collectionobject.contentWork,collectionobject.contentwork,Object Description Information > Content > Content work name
fcart_9-0,collectionobject.contentWorkType,collectionobject.contentworktype,Object Description Information > Content > Content work type
fcart_9-0,collectionobject.contentWorkNote,collectionobject.contentworknote,Object Description Information > Content > Content work note
fcart_9-0,collectionobject.inscriptionContent,collectionobject.inscriptioncontent,Object Description Information > Textual Inscription > Textual inscription content
fcart_9-0,collectionobject.inscriptionContentInscriber,collectionobject.inscriptioncontentinscriber,Object Description Information > Textual Inscription > Textual inscription inscriber
fcart_9-0,collectionobject.inscriptionContentLanguage,collectionobject.inscriptioncontentlanguage,Object Description Information > Textual Inscription > Textual inscription language
fcart_9-0,collectionobject.inscriptionContentDateGroup,collectionobject.inscriptioncontentdategroup,Object Description Information > Textual Inscription > Textual inscription date
fcart_9-0,collectionobject.inscriptionContentPosition,collectionobject.inscriptioncontentposition,Object Description Information > Textual Inscription > Textual inscription position
fcart_9-0,collectionobject.inscriptionContentScript,collectionobject.inscriptioncontentscript,Object Description Information > Textual Inscription > Textual inscription script
fcart_9-0,collectionobject.inscriptionContentType,collectionobject.inscriptioncontenttype,Object Description Information > Textual Inscription > Textual inscription type
fcart_9-0,collectionobject.inscriptionContentMethod,collectionobject.inscriptioncontentmethod,Object Description Information > Textual Inscription > Textual inscription method
fcart_9-0,collectionobject.inscriptionContentInterpretation,collectionobject.inscriptioncontentinterpretation,Object Description Information > Textual Inscription > Textual inscription interpretation
fcart_9-0,collectionobject.inscriptionContentTranslation,collectionobject.inscriptioncontenttranslation,Object Description Information > Textual Inscription > Textual inscription translation
fcart_9-0,collectionobject.inscriptionContentTransliteration,collectionobject.inscriptioncontenttransliteration,Object Description Information > Textual Inscription > Textual inscription transliteration
fcart_9-0,collectionobject.inscriptionDescription,collectionobject.inscriptiondescription,Object Description Information > Non-Textual Inscription > Non-textual inscription description
fcart_9-0,collectionobject.inscriptionDescriptionInscriber,collectionobject.inscriptiondescriptioninscriber,Object Description Information > Non-Textual Inscription > Non-textual inscription inscriber
fcart_9-0,collectionobject.inscriptionDescriptionDateGroup,collectionobject.inscriptiondescriptiondategroup,Object Description Information > Non-Textual Inscription > Non-textual inscription date
fcart_9-0,collectionobject.inscriptionDescriptionPosition,collectionobject.inscriptiondescriptionposition,Object Description Information > Non-Textual Inscription > Non-textual inscription position
fcart_9-0,collectionobject.inscriptionDescriptionType,collectionobject.inscriptiondescriptiontype,Object Description Information > Non-Textual Inscription > Non-textual inscription type
fcart_9-0,collectionobject.inscriptionDescriptionMethod,collectionobject.inscriptiondescriptionmethod,Object Description Information > Non-Textual Inscription > Non-textual inscription method
fcart_9-0,collectionobject.inscriptionDescriptionInterpretation,collectionobject.inscriptiondescriptioninterpretation,Object Description Information > Non-Textual Inscription > Non-textual inscription interpretation
fcart_9-0,collectionobject.originalFormat,collectionobject.originalformat,Technical Specs > Original format
fcart_9-0,collectionobject.originalAudioFormat,collectionobject.originalaudioformat,Technical Specs > Original audio format
fcart_9-0,collectionobject.copyProvidedOnAcquisition,collectionobject.copyprovidedonacquisition,Technical Specs > Copy provided
fcart_9-0,collectionobject.screenResolution,collectionobject.screenresolution,Technical Specs > Screen resolution
fcart_9-0,collectionobject.colorPalette,collectionobject.colorpalette,Technical Specs > Color palette
fcart_9-0,collectionobject.ratioFormat,collectionobject.ratioformat,Technical Specs > Ratio format
fcart_9-0,collectionobject.nonStandardCode,collectionobject.nonstandardcode,Technical Specs > Non-standard code
fcart_9-0,collectionobject.programmingLanguage,collectionobject.programminglanguage,Technical Specs > Programming language
fcart_9-0,collectionobject.authoringEnvironment,collectionobject.authoringenvironment,Technical Specs > Authoring environment
fcart_9-0,collectionobject.compressionSystem,collectionobject.compressionsystem,Technical Specs > Compression system
fcart_9-0,collectionobject.sourceExternalData,collectionobject.sourceexternaldata,Technical Specs > Source of external data
fcart_9-0,collectionobject.creationHardware,collectionobject.creationhardware,Technical Specs > Creation hardware
fcart_9-0,collectionobject.playbackHardware,collectionobject.playbackhardware,Technical Specs > Playback hardware
fcart_9-0,collectionobject.assocActivity,collectionobject.assocactivity,Object History and Association Information > Associations > Associated activity
fcart_9-0,collectionobject.assocActivityType,collectionobject.assocactivitytype,Object History and Association Information > Associations > Associated activity type
fcart_9-0,collectionobject.assocActivityNote,collectionobject.assocactivitynote,Object History and Association Information > Associations > Associated activity note
fcart_9-0,collectionobject.assocObject,collectionobject.assocobject,Object History and Association Information > Associations > Associated object
fcart_9-0,collectionobject.assocObjectType,collectionobject.assocobjecttype,Object History and Association Information > Associations > Associated object type
fcart_9-0,collectionobject.assocObjectNote,collectionobject.assocobjectnote,Object History and Association Information > Associations > Associated object note
fcart_9-0,collectionobject.assocConcept,collectionobject.assocconcept,Object History and Association Information > Associations > Associated concept
fcart_9-0,collectionobject.assocConceptType,collectionobject.assocconcepttype,Object History and Association Information > Associations > Associated concept type
fcart_9-0,collectionobject.assocConceptNote,collectionobject.assocconceptnote,Object History and Association Information > Associations > Associated concept note
fcart_9-0,collectionobject.assocCulturalContext,collectionobject.assocculturalcontext,Object History and Association Information > Associations > Associated cultural affinity
fcart_9-0,collectionobject.assocCulturalContextType,collectionobject.assocculturalcontexttype,Object History and Association Information > Associations > Associated cultural affinity type
fcart_9-0,collectionobject.assocCulturalContextNote,collectionobject.assocculturalcontextnote,Object History and Association Information > Associations > Associated cultural affinity note
fcart_9-0,collectionobject.assocOrganization,collectionobject.assocorganization,Object History and Association Information > Associations > Associated organization
fcart_9-0,collectionobject.assocOrganizationType,collectionobject.assocorganizationtype,Object History and Association Information > Associations > Associated organization type
fcart_9-0,collectionobject.assocOrganizationNote,collectionobject.assocorganizationnote,Object History and Association Information > Associations > Associated organization note
fcart_9-0,collectionobject.assocPeople,collectionobject.assocpeople,Object History and Association Information > Associations > Associated people
fcart_9-0,collectionobject.assocPeopleType,collectionobject.assocpeopletype,Object History and Association Information > Associations > Associated people type
fcart_9-0,collectionobject.assocPeopleNote,collectionobject.assocpeoplenote,Object History and Association Information > Associations > Associated people note
fcart_9-0,collectionobject.assocPerson,collectionobject.assocperson,Object History and Association Information > Associations > Associated person
fcart_9-0,collectionobject.assocPersonType,collectionobject.assocpersontype,Object History and Association Information > Associations > Associated person type
fcart_9-0,collectionobject.assocPersonNote,collectionobject.assocpersonnote,Object History and Association Information > Associations > Associated person note
fcart_9-0,collectionobject.assocPlace,collectionobject.assocplace,Object History and Association Information > Associations > Associated place
fcart_9-0,collectionobject.assocPlaceType,collectionobject.assocplacetype,Object History and Association Information > Associations > Associated place type
fcart_9-0,collectionobject.assocPlaceNote,collectionobject.assocplacenote,Object History and Association Information > Associations > Associated place note
fcart_9-0,collectionobject.assocEventName,collectionobject.assoceventname,Object History and Association Information > Associations > Associated event > Associated event
fcart_9-0,collectionobject.assocEventNameType,collectionobject.assoceventnametype,Object History and Association Information > Associations > Associated event > Associated event type
fcart_9-0,collectionobject.assocEvent,collectionobject.assocevent,Object History and Association Information > Associations > Associated controlled event or period/era
fcart_9-0,collectionobject.assocEventOrganization,collectionobject.assoceventorganization,Object History and Association Information > Associations > Associated event organization
fcart_9-0,collectionobject.assocEventPeople,collectionobject.assoceventpeople,Object History and Association Information > Associations > Associated event people
fcart_9-0,collectionobject.assocEventPerson,collectionobject.assoceventperson,Object History and Association Information > Associations > Associated event person
fcart_9-0,collectionobject.assocEventPlace,collectionobject.assoceventplace,Object History and Association Information > Associations > Associated event place
fcart_9-0,collectionobject.assocEventNote,collectionobject.assoceventnote,Object History and Association Information > Associations > Associated event note
fcart_9-0,collectionobject.assocStructuredDateGroup,collectionobject.assocstructureddategroup,Object History and Association Information > Associations > Associated date value
fcart_9-0,collectionobject.assocDateType,collectionobject.assocdatetype,Object History and Association Information > Associations > Associated date type
fcart_9-0,collectionobject.assocDateNote,collectionobject.assocdatenote,Object History and Association Information > Associations > Associated date note
fcart_9-0,collectionobject.objectHistoryNote,collectionobject.objecthistorynote,Object History and Association Information > Object history note
fcart_9-0,collectionobject.usage,collectionobject.usage,Object History and Association Information > Usage
fcart_9-0,collectionobject.usageNote,collectionobject.usagenote,Object History and Association Information > Usage note
fcart_9-0,collectionobject.owner,collectionobject.owner,Object History and Association Information > Owner
fcart_9-0,collectionobject.ownershipDateGroup,collectionobject.ownershipdategroup,Object History and Association Information > Ownership date
fcart_9-0,collectionobject.ownershipAccess,collectionobject.ownershipaccess,Object History and Association Information > Ownership access
fcart_9-0,collectionobject.ownershipCategory,collectionobject.ownershipcategory,Object History and Association Information > Ownership category
fcart_9-0,collectionobject.ownershipPlace,collectionobject.ownershipplace,Object History and Association Information > Ownership place
fcart_9-0,collectionobject.ownershipExchangeMethod,collectionobject.ownershipexchangemethod,Object History and Association Information > Ownership exchange > Ownership exchange method
fcart_9-0,collectionobject.ownershipExchangeNote,collectionobject.ownershipexchangenote,Object History and Association Information > Ownership exchange > Ownership exchange note
fcart_9-0,collectionobject.ownershipExchangePriceCurrency,collectionobject.ownershipexchangepricecurrency,Object History and Association Information > Ownership exchange > Ownership exchange price currency
fcart_9-0,collectionobject.ownershipExchangePriceValue,collectionobject.ownershipexchangepricevalue,Object History and Association Information > Ownership exchange > Ownership exchange price value
fcart_9-0,collectionobject.reference,collectionobject.reference,Reference Information > Reference
fcart_9-0,collectionobject.referenceNote,collectionobject.referencenote,Reference Information > Reference note
fcart_9-0,collectionobject.relatedLink,collectionobject.relatedlink,Reference Information > Published related link url
fcart_9-0,collectionobject.descriptiveTitle,collectionobject.descriptivetitle,Reference Information > Published related link descriptive title
fcart_9-0,collectionobject.ownersPersonalExperience,collectionobject.ownerspersonalexperience,Object Owner's Contribution Information > Owner's personal experience
fcart_9-0,collectionobject.ownersPersonalResponse,collectionobject.ownerspersonalresponse,Object Owner's Contribution Information > Owner's personal response
fcart_9-0,collectionobject.ownersReference,collectionobject.ownersreference,Object Owner's Contribution Information > Owner's reference
fcart_9-0,collectionobject.ownersContributionNote,collectionobject.ownerscontributionnote,Object Owner's Contribution Information > Owner's contribution note
fcart_9-0,collectionobject.viewersRole,collectionobject.viewersrole,Object Viewer's Contribution Information > Viewer's role
fcart_9-0,collectionobject.viewersPersonalExperience,collectionobject.viewerspersonalexperience,Object Viewer's Contribution Information > Viewer's personal experience
fcart_9-0,collectionobject.viewersPersonalResponse,collectionobject.viewerspersonalresponse,Object Viewer's Contribution Information > Viewer's personal response
fcart_9-0,collectionobject.viewersReference,collectionobject.viewersreference,Object Viewer's Contribution Information > Viewer's reference
fcart_9-0,collectionobject.viewersContributionNote,collectionobject.viewerscontributionnote,Object Viewer's Contribution Information > Viewer's contribution note
fcart_9-0,collectionobject.rightType,collectionobject.righttype,Rights Management Information > Right type
fcart_9-0,collectionobject.rightBeginDate,collectionobject.rightbegindate,Rights Management Information > Right begin date
fcart_9-0,collectionobject.rightEndDate,collectionobject.rightenddate,Rights Management Information > Right end date
fcart_9-0,collectionobject.rightHolder,collectionobject.rightholder,Rights Management Information > Right holder name
fcart_9-0,collectionobject.rightHolderContact,collectionobject.rightholdercontact,Rights Management Information > Right holder contact
fcart_9-0,collectionobject.rightJurisdiction,collectionobject.rightjurisdiction,Rights Management Information > Right jurisdiction
fcart_9-0,collectionobject.standardizedRightStatement,collectionobject.standardizedrightstatement,Rights Management Information > Standardized right statement
fcart_9-0,collectionobject.rightStatement,collectionobject.rightstatement,Rights Management Information > Right statement
fcart_9-0,collectionobject.rightNote,collectionobject.rightnote,Rights Management Information > Right note
fcart_9-0,collectionobject.rightInType,collectionobject.rightintype,Rights In Management Information > Right in type
fcart_9-0,collectionobject.rightInBeginDate,collectionobject.rightinbegindate,Rights In Management Information > Right in begin date
fcart_9-0,collectionobject.rightInEndDate,collectionobject.rightinenddate,Rights In Management Information > Right in end date
fcart_9-0,collectionobject.agreementSent,collectionobject.agreementsent,Rights In Management Information > Right in agreement sent
fcart_9-0,collectionobject.agreementReceived,collectionobject.agreementreceived,Rights In Management Information > Right in agreement received
fcart_9-0,collectionobject.agreementSigned,collectionobject.agreementsigned,Rights In Management Information > Right in agreement signed
fcart_9-0,collectionobject.rightInRestriction,collectionobject.rightinrestriction,Rights In Management Information > Right in restriction
fcart_9-0,collectionobject.rightReproductionStatement,collectionobject.rightreproductionstatement,Rights In Management Information > Right statement for reproduction
fcart_9-0,collectionobject.rightInNote,collectionobject.rightinnote,Rights In Management Information > Right in note
fcart_9-0,collectionobject.controlledContentPlace,collectionobject.controlledcontentplace,Object Description Information > Content > Content place (controlled)
fcart_9-0,collectionobject.assignedSignificance,collectionobject.assignedsignificance,Object Identification Information > Object significance level
fcart_9-0,collectionobject.significanceAssignedBy,collectionobject.significanceassignedby,Object Identification Information > Object significance assigned by
fcart_9-0,collectionobject.significanceAssignedDate,collectionobject.significanceassigneddate,Object Identification Information > Object significance assigned date
fcart_9-0,collectionobject.significanceAssignedContact,collectionobject.significanceassignedcontact,Object Identification Information > Object significance assigned contact
fcart_9-0,collectionobject.objectSuppliedBy,collectionobject.objectsuppliedby,Object Identification Information > Supplied by
fcart_9-0,collectionobject.variableMediaComponentStatus,collectionobject.variablemediacomponentstatus,Object Identification Information > Variable media component status
fcart_9-0,collectionobject.credentialType,collectionobject.credentialtype,Object Identification Information > Credential type
fcart_9-0,collectionobject.credentialRequiredForUse,collectionobject.credentialrequiredforuse,Object Identification Information > Credential required for use
fcart_9-0,collectionobject.credentialLocation,collectionobject.credentiallocation,Object Identification Information > Credential location
fcart_9-0,collectionobject.distributedStorageLedger,collectionobject.distributedstorageledger,Object Identification Information > Distributed ledger type
fcart_9-0,collectionobject.distributedLedgerParentIdentifier,collectionobject.distributedledgerparentidentifier,Object Identification Information > Distributed ledger parent identifier
fcart_9-0,collectionobject.distributedLedgerObjectIdentifier,collectionobject.distributedledgerobjectidentifier,Object Identification Information > Distributed ledger object identifier
fcart_9-0,collectionobject.ledger,collectionobject.ledger,Object Identification Information > Ledger type
fcart_9-0,collectionobject.ledgerContractAddress,collectionobject.ledgercontractaddress,Object Identification Information > Ledger contract address
fcart_9-0,collectionobject.ledgerTokenID,collectionobject.ledgertokenid,Object Identification Information > Ledger token ID
fcart_9-0,collectionobject.checksumValue,collectionobject.checksumvalue,Object Identification Information > Checksum value
fcart_9-0,collectionobject.checksumType,collectionobject.checksumtype,Object Identification Information > Checksum type
fcart_9-0,collectionobject.checksumDate,collectionobject.checksumdate,Object Identification Information > Checksum date
fcart_9-0,collectionobject.intendedBehavior,collectionobject.intendedbehavior,Object Description Information > Intended behavior
fcart_9-0,collectionobject.formatType,collectionobject.formattype,Technical Specifications: Audio/Video/Still > Format type
fcart_9-0,collectionobject.format,collectionobject.format,Technical Specifications: Audio/Video/Still > Format name
fcart_9-0,collectionobject.numberOfChannels,collectionobject.numberofchannels,Technical Specifications: Audio/Video/Still > AV channel number of associated channels
fcart_9-0,collectionobject.channelType,collectionobject.channeltype,Technical Specifications: Audio/Video/Still > AV channel type
fcart_9-0,collectionobject.channelLayout,collectionobject.channellayout,Technical Specifications: Audio/Video/Still > Channel layout
fcart_9-0,collectionobject.fileCodec,collectionobject.filecodec,Technical Specifications: Audio/Video/Still > File codec name
fcart_9-0,collectionobject.compressionStandard,collectionobject.compressionstandard,Technical Specifications: Audio/Video/Still > File codec compression standard
fcart_9-0,collectionobject.fileContainer,collectionobject.filecontainer,Technical Specifications: Audio/Video/Still > File codec container
fcart_9-0,collectionobject.audioType,collectionobject.audiotype,Technical Specifications: Audio/Video/Still > Audio type
fcart_9-0,collectionobject.audioPreferences,collectionobject.audiopreferences,Technical Specifications: Audio/Video/Still > Audio preference
fcart_9-0,collectionobject.chromaSubsampling,collectionobject.chromasubsampling,Technical Specifications: Audio/Video/Still > Chroma subsampling
fcart_9-0,collectionobject.aspectRatio,collectionobject.aspectratio,Technical Specifications: Audio/Video/Still > Aspect ratio width:height
fcart_9-0,collectionobject.aspectRatioType,collectionobject.aspectratiotype,Technical Specifications: Audio/Video/Still > Aspect ratio type
fcart_9-0,collectionobject.colorSpace,collectionobject.colorspace,Technical Specifications: Audio/Video/Still > Color space name
fcart_9-0,collectionobject.colorType,collectionobject.colortype,Technical Specifications: Audio/Video/Still > Color space type
fcart_9-0,collectionobject.avTechnicalAttribute,collectionobject.avtechnicalattribute,Technical Specifications: Audio/Video/Still > AV technical attribute
fcart_9-0,collectionobject.avTechnicalAttributeLowValue,collectionobject.avtechnicalattributelowvalue,Technical Specifications: Audio/Video/Still > AV technical attribute low/single value
fcart_9-0,collectionobject.avTechnicalAttributeHighValue,collectionobject.avtechnicalattributehighvalue,Technical Specifications: Audio/Video/Still > AV technical attribute high value
fcart_9-0,collectionobject.avTechnicalAttributeUnit,collectionobject.avtechnicalattributeunit,Technical Specifications: Audio/Video/Still > AV technical attribute unit
fcart_9-0,collectionobject.avSpecificationNote,collectionobject.avspecificationnote,Technical Specifications: Audio/Video/Still > Audio or video specification note
fcart_9-0,collectionobject.programmingLanguageName,collectionobject.programminglanguagename,Technical Specifications: Software/Web > Programming language name
fcart_9-0,collectionobject.programmingLanguageVersion,collectionobject.programminglanguageversion,Technical Specifications: Software/Web > Programming language version
fcart_9-0,collectionobject.software,collectionobject.software,Technical Specifications: Software/Web > Utilized software name
fcart_9-0,collectionobject.softwareVersion,collectionobject.softwareversion,Technical Specifications: Software/Web > Utilized software version
fcart_9-0,collectionobject.intendedOperatingSystem,collectionobject.intendedoperatingsystem,Technical Specifications: Software/Web > Intended operating system name
fcart_9-0,collectionobject.intendedOperatingSystemVersion,collectionobject.intendedoperatingsystemversion,Technical Specifications: Software/Web > Intended operating system version
fcart_9-0,collectionobject.softwareLibrary,collectionobject.softwarelibrary,Technical Specifications: Software/Web > Library
fcart_9-0,collectionobject.codeCompiler,collectionobject.codecompiler,Technical Specifications: Software/Web > Compiler
fcart_9-0,collectionobject.networkConnectionRequired,collectionobject.networkconnectionrequired,Technical Specifications: Software/Web > Network connection required
fcart_9-0,collectionobject.networkConnectionType,collectionobject.networkconnectiontype,Technical Specifications: Software/Web > Network connection type
fcart_9-0,collectionobject.intendedBrowser,collectionobject.intendedbrowser,Technical Specifications: Software/Web > Itended browser name
fcart_9-0,collectionobject.intendedBrowserVersion,collectionobject.intendedbrowserversion,Technical Specifications: Software/Web > Itended browser version
fcart_9-0,collectionobject.domainName,collectionobject.domainname,Technical Specifications: Software/Web > Domain name
fcart_9-0,collectionobject.domainHost,collectionobject.domainhost,Technical Specifications: Software/Web > Domain host
fcart_9-0,collectionobject.domainType,collectionobject.domaintype,Technical Specifications: Software/Web > Domain type
fcart_9-0,collectionobject.domainVersion,collectionobject.domainversion,Technical Specifications: Software/Web > Domain version
fcart_9-0,collectionobject.domainOwner,collectionobject.domainowner,Technical Specifications: Software/Web > Domain owner
fcart_9-0,collectionobject.applicationInteractionRequired,collectionobject.applicationinteractionrequired,Technical Specifications: Software/Web > Interacting application required
fcart_9-0,collectionobject.applicationRequired,collectionobject.applicationrequired,Technical Specifications: Software/Web > Interacting application name
fcart_9-0,collectionobject.applicationRequiredFor,collectionobject.applicationrequiredfor,Technical Specifications: Software/Web > Interacting application required for
fcart_9-0,collectionobject.softwareTechnicalAttribute,collectionobject.softwaretechnicalattribute,Technical Specifications: Software/Web > Software technical attribute
fcart_9-0,collectionobject.softwareTechnicalAttributeLowValue,collectionobject.softwaretechnicalattributelowvalue,Technical Specifications: Software/Web > Software technical attribute low/single value
fcart_9-0,collectionobject.softwareTechnicalAttributeHighValue,collectionobject.softwaretechnicalattributehighvalue,Technical Specifications: Software/Web > Software technical attribute high value
fcart_9-0,collectionobject.softwareTechnicalAttributeUnit,collectionobject.softwaretechnicalattributeunit,Technical Specifications: Software/Web > Software technical attribute unit
fcart_9-0,collectionobject.apiUrl,collectionobject.apiurl,Technical Specifications: Software/Web > API URL
fcart_9-0,concept.termDisplayName,concept.termdisplayname,Concept Information > Generic concept term
fcart_9-0,concept.termName,concept.termname,Concept Information > Term
fcart_9-0,concept.termQualifier,concept.termqualifier,Concept Information > Term qualifier
fcart_9-0,concept.termStatus,concept.termstatus,Concept Information > Term status
fcart_9-0,concept.termType,concept.termtype,Concept Information > Term type
fcart_9-0,concept.termFlag,concept.termflag,Concept Information > Term flag
fcart_9-0,concept.historicalStatus,concept.historicalstatus,Concept Information > Term historical flag
fcart_9-0,concept.termLanguage,concept.termlanguage,Concept Information > Term language
fcart_9-0,concept.termPrefForLang,concept.termprefforlang,Concept Information > Term preferred for lang
fcart_9-0,concept.termSource,concept.termsource,Concept Information > Source > Term source name
fcart_9-0,concept.termSourceDetail,concept.termsourcedetail,Concept Information > Source > Term source detail
fcart_9-0,concept.termSourceID,concept.termsourceid,Concept Information > Source > Term source ID
fcart_9-0,concept.termSourceNote,concept.termsourcenote,Concept Information > Source > Term source note
fcart_9-0,concept.conceptRecordType,concept.conceptrecordtype,Concept Information > Concept type
fcart_9-0,concept.scopeNote,concept.scopenote,Concept Information > Scope note > Scope note
fcart_9-0,concept.scopeNoteSource,concept.scopenotesource,Concept Information > Scope note > Scope note source
fcart_9-0,concept.scopeNoteSourceDetail,concept.scopenotesourcedetail,Concept Information > Scope note > Scope note source detail
fcart_9-0,concept.citationSource,concept.citationsource,Concept Information > Citation source
fcart_9-0,concept.citationSourceDetail,concept.citationsourcedetail,Concept Information > Citation source detail
fcart_9-0,concept.additionalSource,concept.additionalsource,Concept Information > Additional source
fcart_9-0,concept.additionalSourceDetail,concept.additionalsourcedetail,Concept Information > Additional source detail
fcart_9-0,concept.additionalSourceID,concept.additionalsourceid,Concept Information > Additional source ID
fcart_9-0,concept.additionalSourceNote,concept.additionalsourcenote,Concept Information > Additional source note
fcart_9-0,concept.relatedConcept,concept.relatedconcept,Concept Information > Related concept
fcart_9-0,concept.conceptRelationType,concept.conceptrelationtype,Concept Information > Related concept relation type
fcart_9-0,concept.conceptRelationDateGroup,concept.conceptrelationdategroup,Concept Information > Related concept date
fcart_9-0,concept.conceptTermDateGroup,concept.concepttermdategroup,Concept Information > Concept Date
fcart_9-0,concept.conceptRemarks,concept.conceptremarks,Concept Information > Concept remark
fcart_9-0,conditioncheck.conditionCheckRefNumber,conditioncheck.conditioncheckrefnumber,Condition Check/Technical Assessment Information > Reference number
fcart_9-0,conditioncheck.conditionCheckAssessmentDate,conditioncheck.conditioncheckassessmentdate,Condition Check/Technical Assessment Information > Check/assessment date
fcart_9-0,conditioncheck.conditionCheckMethod,conditioncheck.conditioncheckmethod,Condition Check/Technical Assessment Information > Method
fcart_9-0,conditioncheck.conditionCheckReason,conditioncheck.conditioncheckreason,Condition Check/Technical Assessment Information > Reason
fcart_9-0,conditioncheck.conditionChecker,conditioncheck.conditionchecker,Condition Check/Technical Assessment Information > Checker/assessor
fcart_9-0,conditioncheck.conditionCheckNote,conditioncheck.conditionchecknote,Condition Check/Technical Assessment Information > Note
fcart_9-0,conditioncheck.objectAuditCategory,conditioncheck.objectauditcategory,Object Condition Information > Object audit category
fcart_9-0,conditioncheck.conservationTreatmentPriority,conditioncheck.conservationtreatmentpriority,Object Condition Information > Conservation treatment priority
fcart_9-0,conditioncheck.nextConditionCheckDate,conditioncheck.nextconditioncheckdate,Object Condition Information > Next check/assessment date
fcart_9-0,conditioncheck.completeness,conditioncheck.completeness,Object Condition Information > Completeness description
fcart_9-0,conditioncheck.completenessDate,conditioncheck.completenessdate,Object Condition Information > Completeness date
fcart_9-0,conditioncheck.completenessNote,conditioncheck.completenessnote,Object Condition Information > Completeness note
fcart_9-0,conditioncheck.hazard,conditioncheck.hazard,Object Condition Information > Hazard description
fcart_9-0,conditioncheck.hazardDate,conditioncheck.hazarddate,Object Condition Information > Hazard date
fcart_9-0,conditioncheck.hazardNote,conditioncheck.hazardnote,Object Condition Information > Hazard note
fcart_9-0,conditioncheck.techAssessment,conditioncheck.techassessment,Object Condition Information > Technical assessment description
fcart_9-0,conditioncheck.techAssessmentDate,conditioncheck.techassessmentdate,Object Condition Information > Technical assessment date
fcart_9-0,conditioncheck.condition,conditioncheck.condition,Object Condition Information > Condition description
fcart_9-0,conditioncheck.conditionDate,conditioncheck.conditiondate,Object Condition Information > Condition date
fcart_9-0,conditioncheck.conditionNote,conditioncheck.conditionnote,Object Condition Information > Condition note
fcart_9-0,conditioncheck.envConditionNote,conditioncheck.envconditionnote,Object Condition Information > Environmental condition note
fcart_9-0,conditioncheck.envConditionNoteDate,conditioncheck.envconditionnotedate,Object Condition Information > Environmental condition date
fcart_9-0,conditioncheck.displayRecommendations,conditioncheck.displayrecommendations,Object Recommendation/Requirement Information > Display recommendation
fcart_9-0,conditioncheck.handlingRecommendations,conditioncheck.handlingrecommendations,Object Recommendation/Requirement Information > Handling recommendation
fcart_9-0,conditioncheck.securityRecommendations,conditioncheck.securityrecommendations,Object Recommendation/Requirement Information > Security recommendation
fcart_9-0,conditioncheck.storageRequirements,conditioncheck.storagerequirements,Object Recommendation/Requirement Information > Storage recommendation
fcart_9-0,conditioncheck.envRecommendations,conditioncheck.envrecommendations,Object Recommendation/Requirement Information > Environmental recommendation
fcart_9-0,conditioncheck.packingRecommendations,conditioncheck.packingrecommendations,Object Recommendation/Requirement Information > Packing recommendation
fcart_9-0,conditioncheck.specialRequirements,conditioncheck.specialrequirements,Object Recommendation/Requirement Information > Special requirement
fcart_9-0,conditioncheck.legalRequirements,conditioncheck.legalrequirements,Object Recommendation/Requirement Information > Legal requirement
fcart_9-0,conditioncheck.legalReqsHeld,conditioncheck.legalreqsheld,Object Recommendation/Requirement Information > Legal/license requirement held description
fcart_9-0,conditioncheck.legalReqsHeldBeginDate,conditioncheck.legalreqsheldbegindate,Object Recommendation/Requirement Information > Legal/license requirement held begin date
fcart_9-0,conditioncheck.legalReqsHeldEndDate,conditioncheck.legalreqsheldenddate,Object Recommendation/Requirement Information > Legal/license requirement held end date
fcart_9-0,conditioncheck.legalReqsHeldNumber,conditioncheck.legalreqsheldnumber,Object Recommendation/Requirement Information > Legal/license requirement held number
fcart_9-0,conditioncheck.legalReqsHeldRenewDate,conditioncheck.legalreqsheldrenewdate,Object Recommendation/Requirement Information > Legal/license requirement held renewal date
fcart_9-0,conditioncheck.salvagePriorityCode,conditioncheck.salvageprioritycode,Object Recommendation/Requirement Information > Salvage priority code
fcart_9-0,conditioncheck.salvagePriorityCodeDate,conditioncheck.salvageprioritycodedate,Object Recommendation/Requirement Information > Salvage priority date
fcart_9-0,conditioncheck.technicalChange,conditioncheck.technicalchange,Technical Changes > Technical change
fcart_9-0,conditioncheck.technicalChangeReason,conditioncheck.technicalchangereason,Technical Changes > Technical change reason
fcart_9-0,conditioncheck.technicalChangeDate,conditioncheck.technicalchangedate,Technical Changes > Technical change date
fcart_9-0,conditioncheck.technicalChangeNote,conditioncheck.technicalchangenote,Technical Changes > Technical change note
fcart_9-0,conditioncheck.previousSupport,conditioncheck.previoussupport,Technical Changes > Technical change previous support
fcart_9-0,conditioncheck.newSupport,conditioncheck.newsupport,Technical Changes > Technical change new support
fcart_9-0,conservation.conservationNumber,conservation.conservationnumber,Conservation Treatment Information > Reference number
fcart_9-0,conservation.status,conservation.status,Conservation Treatment Information > Procedural status
fcart_9-0,conservation.statusDate,conservation.statusdate,Conservation Treatment Information > Procedural status date
fcart_9-0,conservation.treatmentPurpose,conservation.treatmentpurpose,Conservation Treatment Information > Treatment purpose
fcart_9-0,conservation.conservator,conservation.conservator,Conservation Treatment Information > Conservator
fcart_9-0,conservation.otherParty,conservation.otherparty,Conservation Treatment Information > Other treatment party name
fcart_9-0,conservation.otherPartyRole,conservation.otherpartyrole,Conservation Treatment Information > Other treatment party role
fcart_9-0,conservation.otherPartyNote,conservation.otherpartynote,Conservation Treatment Information > Other treatment party note
fcart_9-0,conservation.examinationStaff,conservation.examinationstaff,Conservation Treatment Information > Examination staff
fcart_9-0,conservation.examinationPhase,conservation.examinationphase,Conservation Treatment Information > Examination phase of treatment
fcart_9-0,conservation.examinationDate,conservation.examinationdate,Conservation Treatment Information > Examination date
fcart_9-0,conservation.examinationNote,conservation.examinationnote,Conservation Treatment Information > Examination note
fcart_9-0,conservation.fabricationNote,conservation.fabricationnote,Conservation Treatment Information > Fabrication note
fcart_9-0,conservation.proposedTreatment,conservation.proposedtreatment,Conservation Treatment Information > Proposed treatment
fcart_9-0,conservation.approvedBy,conservation.approvedby,Conservation Treatment Information > Approved by
fcart_9-0,conservation.approvedDate,conservation.approveddate,Conservation Treatment Information > Approval date
fcart_9-0,conservation.treatmentStartDate,conservation.treatmentstartdate,Conservation Treatment Information > Treatment start date
fcart_9-0,conservation.treatmentEndDate,conservation.treatmentenddate,Conservation Treatment Information > Treatment end date
fcart_9-0,conservation.treatmentSummary,conservation.treatmentsummary,Conservation Treatment Information > Treatment summary
fcart_9-0,conservation.proposedAnalysis,conservation.proposedanalysis,Object Analysis Information > Proposed analysis
fcart_9-0,conservation.researcher,conservation.researcher,Object Analysis Information > Analysis researcher
fcart_9-0,conservation.proposedAnalysisDate,conservation.proposedanalysisdate,Object Analysis Information > Analysis proposal date
fcart_9-0,conservation.destAnalysisApprovedDate,conservation.destanalysisapproveddate,Object Analysis Information > Destructive analysis approval date
fcart_9-0,conservation.destAnalysisApprovalNote,conservation.destanalysisapprovalnote,Object Analysis Information > Destructive analysis approval note
fcart_9-0,conservation.sampleBy,conservation.sampleby,Object Analysis Information > Destructive analysis sample taken by
fcart_9-0,conservation.sampleDate,conservation.sampledate,Object Analysis Information > Destructive analysis sample date
fcart_9-0,conservation.sampleDescription,conservation.sampledescription,Object Analysis Information > Destructive analysis sample description
fcart_9-0,conservation.sampleReturned,conservation.samplereturned,Object Analysis Information > Destructive analysis sample returned
fcart_9-0,conservation.sampleReturnedLocation,conservation.samplereturnedlocation,Object Analysis Information > Destructive analysis sample returned location
fcart_9-0,conservation.analysisMethod,conservation.analysismethod,Object Analysis Information > Analytical methodology
fcart_9-0,conservation.analysisResults,conservation.analysisresults,Object Analysis Information > Analytical result
fcart_9-0,deaccession.deaccessionNumber,deaccession.deaccessionnumber,Deaccession Information > Deaccession number
fcart_9-0,deaccession.deaccessionReason,deaccession.deaccessionreason,Deaccession Information > Deaccession reason
fcart_9-0,deaccession.deaccessionDate,deaccession.deaccessiondate,Deaccession Information > Deaccession date
fcart_9-0,deaccession.deaccessionRationale,deaccession.deaccessionrationale,Deaccession Information > Deaccession rationale
fcart_9-0,deaccession.deaccessionNote,deaccession.deaccessionnote,Deaccession Information > Deaccession note
fcart_9-0,deaccession.deaccessionApprovalGroup,deaccession.deaccessionapprovalgroup,Deaccession Information > Deaccession approval group > Deaccession approval group
fcart_9-0,deaccession.deaccessionApprovalIndividual,deaccession.deaccessionapprovalindividual,Deaccession Information > Deaccession approval group > Deaccession approval individual
fcart_9-0,deaccession.deaccessionApprovalStatus,deaccession.deaccessionapprovalstatus,Deaccession Information > Deaccession approval group > Deaccession approval status
fcart_9-0,deaccession.deaccessionApprovalDate,deaccession.deaccessionapprovaldate,Deaccession Information > Deaccession approval group > Deaccession approval date
fcart_9-0,deaccession.deaccessionApprovalNote,deaccession.deaccessionapprovalnote,Deaccession Information > Deaccession approval group > Deaccession approval note
fcart_9-0,deaccession.involvedParty,deaccession.involvedparty,Deaccession Information > Parties involved person
fcart_9-0,deaccession.involvedOnBehalfOf,deaccession.involvedonbehalfof,Deaccession Information > Parties involved on behalf of
fcart_9-0,deaccession.involvedRole,deaccession.involvedrole,Deaccession Information > Parties involved role
fcart_9-0,deaccession.exitDate,deaccession.exitdate,Proposed Exit Details > Exit date
fcart_9-0,deaccession.exitRecipient,deaccession.exitrecipient,Proposed Exit Details > Exit recipient
fcart_9-0,deaccession.exitMethod,deaccession.exitmethod,Proposed Exit Details > Exit method
fcart_9-0,exhibition.exhibitionNumber,exhibition.exhibitionnumber,Exhibition Information > Exhibition number
fcart_9-0,exhibition.type,exhibition.type,Exhibition Information > Type
fcart_9-0,exhibition.title,exhibition.title,Exhibition Information > Title
fcart_9-0,exhibition.sponsor,exhibition.sponsor,Exhibition Information > Sponsor
fcart_9-0,exhibition.organizer,exhibition.organizer,Exhibition Information > Organizer
fcart_9-0,exhibition.publishTo,exhibition.publishto,Exhibition Information > Publish to
fcart_9-0,exhibition.venue,exhibition.venue,Exhibition Information > Venue name
fcart_9-0,exhibition.venueOpeningDate,exhibition.venueopeningdate,Exhibition Information > Venue opening date
fcart_9-0,exhibition.venueClosingDate,exhibition.venueclosingdate,Exhibition Information > Venue closing date
fcart_9-0,exhibition.venueAttendance,exhibition.venueattendance,Exhibition Information > Venue attendance
fcart_9-0,exhibition.venueUrl,exhibition.venueurl,Exhibition Information > Venue web address
fcart_9-0,exhibition.workingGroupTitle,exhibition.workinggrouptitle,Exhibition Information > Working group title
fcart_9-0,exhibition.workingGroupNote,exhibition.workinggroupnote,Exhibition Information > Working group note
fcart_9-0,exhibition.exhibitionPerson,exhibition.exhibitionperson,Exhibition Information > Working group member name
fcart_9-0,exhibition.exhibitionPersonRole,exhibition.exhibitionpersonrole,Exhibition Information > Working group member role
fcart_9-0,exhibition.planningNote,exhibition.planningnote,Exhibition Information > Planning note
fcart_9-0,exhibition.curatorialNote,exhibition.curatorialnote,Exhibition Information > Curatorial note
fcart_9-0,exhibition.generalNote,exhibition.generalnote,Exhibition Information > General note
fcart_9-0,exhibition.boilerplateText,exhibition.boilerplatetext,Exhibition Information > Boilerplate text
fcart_9-0,exhibition.galleryRotationName,exhibition.galleryrotationname,Exhibition Information > Gallery rotation name
fcart_9-0,exhibition.galleryRotationStartDateGroup,exhibition.galleryrotationstartdategroup,Exhibition Information > Gallery rotation start date
fcart_9-0,exhibition.galleryRotationEndDateGroup,exhibition.galleryrotationenddategroup,Exhibition Information > Gallery rotation end date
fcart_9-0,exhibition.galleryRotationNote,exhibition.galleryrotationnote,Exhibition Information > Gallery rotation note
fcart_9-0,exhibition.exhibitionReference,exhibition.exhibitionreference,Exhibition Information > Bibliographic reference
fcart_9-0,exhibition.exhibitionReferenceType,exhibition.exhibitionreferencetype,Exhibition Information > Bibliographic reference type
fcart_9-0,exhibition.exhibitionReferenceNote,exhibition.exhibitionreferencenote,Exhibition Information > Bibliographic reference note
fcart_9-0,exhibition.exhibitionSectionName,exhibition.exhibitionsectionname,Exhibition Planning Information > Exhibition section name
fcart_9-0,exhibition.exhibitionSectionLocation,exhibition.exhibitionsectionlocation,Exhibition Planning Information > Exhibition section location
fcart_9-0,exhibition.exhibitionSectionObjects,exhibition.exhibitionsectionobjects,Exhibition Planning Information > Exhibition section objects
fcart_9-0,exhibition.exhibitionSectionNote,exhibition.exhibitionsectionnote,Exhibition Planning Information > Exhibition section note
fcart_9-0,exhibition.exhibitionStatus,exhibition.exhibitionstatus,Exhibition Planning Information > Exhibition status
fcart_9-0,exhibition.exhibitionStatusDate,exhibition.exhibitionstatusdate,Exhibition Planning Information > Exhibition status date
fcart_9-0,exhibition.exhibitionStatusNote,exhibition.exhibitionstatusnote,Exhibition Planning Information > Exhibition status note
fcart_9-0,exhibition.exhibitionObjectNumber,exhibition.exhibitionobjectnumber,Exhibited Object Information > Object number
fcart_9-0,exhibition.exhibitionObjectName,exhibition.exhibitionobjectname,Exhibited Object Information > Object name
fcart_9-0,exhibition.exhibitionObjectConsCheckDate,exhibition.exhibitionobjectconscheckdate,Exhibited Object Information > Object cons. check
fcart_9-0,exhibition.exhibitionObjectConsTreatment,exhibition.exhibitionobjectconstreatment,Exhibited Object Information > Object cons. treatment
fcart_9-0,exhibition.exhibitionObjectMount,exhibition.exhibitionobjectmount,Exhibited Object Information > Object mount
fcart_9-0,exhibition.exhibitionObjectSection,exhibition.exhibitionobjectsection,Exhibited Object Information > Object section
fcart_9-0,exhibition.exhibitionObjectCase,exhibition.exhibitionobjectcase,Exhibited Object Information > Object case
fcart_9-0,exhibition.exhibitionObjectSeqNum,exhibition.exhibitionobjectseqnum,Exhibited Object Information > Object seq. #
fcart_9-0,exhibition.exhibitionObjectRotation,exhibition.exhibitionobjectrotation,Exhibited Object Information > Object rotation
fcart_9-0,exhibition.exhibitionObjectNote,exhibition.exhibitionobjectnote,Exhibited Object Information > Object note
fcart_9-0,exit.exitNumber,exit.exitnumber,Object Exit Information > Exit number
fcart_9-0,exit.exitDate,exit.exitdate,Object Exit Information > Exit date
fcart_9-0,exit.reason,exit.reason,Object Exit Information > Exit reason
fcart_9-0,exit.method,exit.method,Object Exit Information > Exit method
fcart_9-0,exit.owner,exit.owner,Object Exit Information > Owner after exit
fcart_9-0,exit.agent,exit.agent,Object Exit Information > Exit agent name
fcart_9-0,exit.role,exit.role,Object Exit Information > Exit agent role
fcart_9-0,exit.exitCountNote,exit.exitcountnote,Object Exit Information > Exit count note
fcart_9-0,exit.note,exit.note,Object Exit Information > Note
fcart_9-0,exit.group,exit.group,Object Exit Information > Approval status group
fcart_9-0,exit.individual,exit.individual,Object Exit Information > Approval status individual
fcart_9-0,exit.status,exit.status,Object Exit Information > Approval status
fcart_9-0,exit.date,exit.date,Object Exit Information > Approval status date
fcart_9-0,exit.approvalStatusNote,exit.approvalstatusnote,Object Exit Information > Approval status note
fcart_9-0,exit.saleCurrency,exit.salecurrency,Sale Information > Sale/auction currency
fcart_9-0,exit.saleValue,exit.salevalue,Sale Information > Sale/auction value
fcart_9-0,exit.saleDate,exit.saledate,Sale Information > Sale/auction date
fcart_9-0,exit.saleNumber,exit.salenumber,Sale Information > Sale/auction number
fcart_9-0,exit.saleLot,exit.salelot,Sale Information > Sale/auction lot
fcart_9-0,exit.saleNote,exit.salenote,Sale Information > Sale/auction note
fcart_9-0,group.title,group.title,Group Information > Title
fcart_9-0,group.responsibleDepartment,group.responsibledepartment,Group Information > Responsible department
fcart_9-0,group.owner,group.owner,Group Information > Group owner
fcart_9-0,group.groupEarliestSingleDate,group.groupearliestsingledate,Group Information > Earliest/single date
fcart_9-0,group.groupLatestDate,group.grouplatestdate,Group Information > Latest date
fcart_9-0,group.scopeNote,group.scopenote,Group Information > Scope note
fcart_9-0,insurance.insuranceIndemnityReferenceNumber,insurance.insuranceindemnityreferencenumber,Insurance and Indemnity Information > Reference number
fcart_9-0,insurance.insuranceIndemnityType,insurance.insuranceindemnitytype,Insurance and Indemnity Information > Type
fcart_9-0,insurance.insurerIndemnifier,insurance.insurerindemnifier,Insurance and Indemnity Information > Insurer/indemnifier
fcart_9-0,insurance.insuranceIndemnityPolicyNumber,insurance.insuranceindemnitypolicynumber,Insurance and Indemnity Information > Policy number
fcart_9-0,insurance.insuranceIndemnityCurrency,insurance.insuranceindemnitycurrency,Insurance and Indemnity Information > Insurance/indemnity price > Insurance/indemnity price currency
fcart_9-0,insurance.insuranceIndemnityValue,insurance.insuranceindemnityvalue,Insurance and Indemnity Information > Insurance/indemnity price > Insurance/indemnity price value
fcart_9-0,insurance.minimumLiabilityCurrency,insurance.minimumliabilitycurrency,Insurance and Indemnity Information > Minimum liability price > Minimum liability price currency
fcart_9-0,insurance.minimumLiabilityValue,insurance.minimumliabilityvalue,Insurance and Indemnity Information > Minimum liability price > Minimum liability price value
fcart_9-0,insurance.insuranceIndemnityAuthorizer,insurance.insuranceindemnityauthorizer,Insurance and Indemnity Information > Authorization > Authorizer
fcart_9-0,insurance.insuranceIndemnityAuthorizationDate,insurance.insuranceindemnityauthorizationdate,Insurance and Indemnity Information > Authorization > Authorization date
fcart_9-0,insurance.insuranceIndemnityStatus,insurance.insuranceindemnitystatus,Insurance and Indemnity Information > Status type
fcart_9-0,insurance.insuranceIndemnityStatusDate,insurance.insuranceindemnitystatusdate,Insurance and Indemnity Information > Status date
fcart_9-0,insurance.insuranceIndemnityStatusNote,insurance.insuranceindemnitystatusnote,Insurance and Indemnity Information > Status note
fcart_9-0,insurance.insuranceIndemnityNote,insurance.insuranceindemnitynote,Insurance and Indemnity Information > Note
fcart_9-0,insurance.insuranceIndemnityQuoteProvider,insurance.insuranceindemnityquoteprovider,Insurance and Indemnity Information > Quote provider
fcart_9-0,insurance.insuranceIndemnityQuoteCurrency,insurance.insuranceindemnityquotecurrency,Insurance and Indemnity Information > Quote currency
fcart_9-0,insurance.insuranceIndemnityQuoteValue,insurance.insuranceindemnityquotevalue,Insurance and Indemnity Information > Quote value
fcart_9-0,insurance.insuranceIndemnityQuoteDate,insurance.insuranceindemnityquotedate,Insurance and Indemnity Information > Quote date
fcart_9-0,intake.entryNumber,intake.entrynumber,Object Entry Information > Entry number
fcart_9-0,intake.entryDate,intake.entrydate,Object Entry Information > Entry date
fcart_9-0,intake.entryReason,intake.entryreason,Object Entry Information > Entry reason
fcart_9-0,intake.entryMethod,intake.entrymethod,Object Entry Information > Entry method
fcart_9-0,intake.returnDate,intake.returndate,Object Entry Information > Return date
fcart_9-0,intake.currentOwner,intake.currentowner,Object Entry Information > Current owner
fcart_9-0,intake.depositor,intake.depositor,Object Entry Information > Depositor name
fcart_9-0,intake.depositorsRequirements,intake.depositorsrequirements,Object Entry Information > Depositor requirements
fcart_9-0,intake.approvalGroup,intake.approvalgroup,Object Entry Information > Approval group > Approval group
fcart_9-0,intake.approvalIndividual,intake.approvalindividual,Object Entry Information > Approval group > Approval individual
fcart_9-0,intake.approvalStatus,intake.approvalstatus,Object Entry Information > Approval group > Approval status
fcart_9-0,intake.approvalDate,intake.approvaldate,Object Entry Information > Approval group > Approval status date
fcart_9-0,intake.approvalNote,intake.approvalnote,Object Entry Information > Approval group > Approval note
fcart_9-0,intake.entryNote,intake.entrynote,Object Entry Information > Entry note
fcart_9-0,intake.packingNote,intake.packingnote,Object Entry Information > Packing note
fcart_9-0,intake.valuer,intake.valuer,Valuation Information > Valuer
fcart_9-0,intake.valuationReferenceNumber,intake.valuationreferencenumber,Valuation Information > Valuation reference number
fcart_9-0,intake.insurer,intake.insurer,Insurance Information > Insurer
fcart_9-0,intake.insurancePolicyNumber,intake.insurancepolicynumber,Insurance Information > Insurance policy number
fcart_9-0,intake.insuranceRenewalDate,intake.insurancerenewaldate,Insurance Information > Insurance renewal date
fcart_9-0,intake.insuranceReferenceNumber,intake.insurancereferencenumber,Insurance Information > Insurance reference number
fcart_9-0,intake.insuranceNote,intake.insurancenote,Insurance Information > Insurance note
fcart_9-0,intake.currentLocation,intake.currentlocation,Location Information > Current location
fcart_9-0,intake.currentLocationFitness,intake.currentlocationfitness,Location Information > Current location fitness
fcart_9-0,intake.currentLocationNote,intake.currentlocationnote,Location Information > Current location note
fcart_9-0,intake.locationDate,intake.locationdate,Location Information > Location date
fcart_9-0,intake.normalLocation,intake.normallocation,Location Information > Normal location
fcart_9-0,intake.conditionCheckMethod,intake.conditioncheckmethod,Condition Check Information > Condition check method
fcart_9-0,intake.conditionCheckReason,intake.conditioncheckreason,Condition Check Information > Condition check reason
fcart_9-0,intake.conditionCheckerOrAssessor,intake.conditioncheckerorassessor,Condition Check Information > Condition check assessor
fcart_9-0,intake.conditionCheckDate,intake.conditioncheckdate,Condition Check Information > Condition check date
fcart_9-0,intake.conditionCheckReferenceNumber,intake.conditioncheckreferencenumber,Condition Check Information > Condition check reference number
fcart_9-0,intake.conditionCheckNote,intake.conditionchecknote,Condition Check Information > Condition check note
fcart_9-0,iterationreport.iterationIdentificationNumber,iterationreport.iterationidentificationnumber,Iteration Information > Iteration identification number
fcart_9-0,iterationreport.iterationCreator,iterationreport.iterationcreator,Iteration Information > Iteration creator/supervisor name
fcart_9-0,iterationreport.iterationCreatorRole,iterationreport.iterationcreatorrole,Iteration Information > Iteration creator/supervisor role
fcart_9-0,iterationreport.action,iterationreport.action,Iteration Information > Iteration action type
fcart_9-0,iterationreport.actionStartDate,iterationreport.actionstartdate,Iteration Information > Iteration action earliest/start date
fcart_9-0,iterationreport.actionEndDate,iterationreport.actionenddate,Iteration Information > Iteration action end date
fcart_9-0,iterationreport.installer,iterationreport.installer,Iteration Information > Installer name
fcart_9-0,iterationreport.installerRole,iterationreport.installerrole,Iteration Information > Installer role/skillset
fcart_9-0,iterationreport.installerExtent,iterationreport.installerextent,Iteration Information > Installer time spent
fcart_9-0,iterationreport.installDeinstall,iterationreport.installdeinstall,Iteration Information > Artist present/represented install/deinstall
fcart_9-0,iterationreport.artistPresent,iterationreport.artistpresent,Iteration Information > Artist present/represented presence
fcart_9-0,iterationreport.artistOrRepresentative,iterationreport.artistorrepresentative,Iteration Information > Artist or representative
fcart_9-0,iterationreport.presentExtent,iterationreport.presentextent,Iteration Information > Artist present/represented extent
fcart_9-0,iterationreport.iterationSuccessful,iterationreport.iterationsuccessful,Iteration Information > Iteration Evaluation > Iteration evaluation successful
fcart_9-0,iterationreport.iterationEvaluator,iterationreport.iterationevaluator,Iteration Information > Iteration Evaluation > Iteration evaluation evaluator
fcart_9-0,iterationreport.iterationViewed,iterationreport.iterationviewed,Iteration Information > Iteration Evaluation > Iteration viewed by artist
fcart_9-0,iterationreport.iterationApproved,iterationreport.iterationapproved,Iteration Information > Iteration Evaluation > Iteration approved by artist
fcart_9-0,iterationreport.iterationEvaluationNotes,iterationreport.iterationevaluationnotes,Iteration Information > Iteration Evaluation > Iteration evaluation notes
fcart_9-0,iterationreport.descriptionType,iterationreport.descriptiontype,"Space Information > Space, as installed type"
fcart_9-0,iterationreport.approvalEntity,iterationreport.approvalentity,"Space Information > Space, as installed approval entity"
fcart_9-0,iterationreport.approvalDate,iterationreport.approvaldate,"Space Information > Space, as installed approval date"
fcart_9-0,iterationreport.spaceDescription,iterationreport.spacedescription,"Space Information > Space, as installed description"
fcart_9-0,iterationreport.exhibitionCopyIdentificationNumber,iterationreport.exhibitioncopyidentificationnumber,Iteration Details > Exhibition copy ID
fcart_9-0,iterationreport.exhibitionApprovalEntity,iterationreport.exhibitionapprovalentity,Iteration Details > Exhibition approval entity
fcart_9-0,iterationreport.exhibitionApprovalDate,iterationreport.exhibitionapprovaldate,Iteration Details > Exhibition approval date
fcart_9-0,iterationreport.installedEquipmentDescription,iterationreport.installedequipmentdescription,Iteration Details > Installed equipment description
fcart_9-0,iterationreport.installedEquipmentApprovalEntity,iterationreport.installedequipmentapprovalentity,Iteration Details > Installed equipment approval entity
fcart_9-0,iterationreport.installedEquipmentApprovalDate,iterationreport.installedequipmentapprovaldate,Iteration Details > Installed equipment approval date
fcart_9-0,iterationreport.technicalSetupType,iterationreport.technicalsetuptype,Iteration Details > Technical setup type
fcart_9-0,iterationreport.technicalSetupApprovalEntity,iterationreport.technicalsetupapprovalentity,Iteration Details > Technical setup approval entity
fcart_9-0,iterationreport.technicalSetupApprovalDate,iterationreport.technicalsetupapprovaldate,Iteration Details > Technical setup approval date
fcart_9-0,iterationreport.technicalSetupDescription,iterationreport.technicalsetupdescription,Iteration Details > Technical setup description
fcart_9-0,iterationreport.modificationApprovalEntity,iterationreport.modificationapprovalentity,Iteration Details > Iteration-specific modification approval entity
fcart_9-0,iterationreport.modificationApprovalDate,iterationreport.modificationapprovaldate,Iteration Details > Iteration-specific modification approval date
fcart_9-0,iterationreport.modificationDescription,iterationreport.modificationdescription,Iteration Details > Iteration-specific modification description
fcart_9-0,iterationreport.installationApprovalEntity,iterationreport.installationapprovalentity,Iteration Details > Further installation detail approval entity
fcart_9-0,iterationreport.installationApprovalDate,iterationreport.installationapprovaldate,Iteration Details > Further installation detail approval date
fcart_9-0,iterationreport.installationDescription,iterationreport.installationdescription,Iteration Details > Further installation detail description
fcart_9-0,iterationreport.maintenanceType,iterationreport.maintenancetype,Iteration Details > Maintenance type
fcart_9-0,iterationreport.maintenanceContact,iterationreport.maintenancecontact,Iteration Details > Maintenance contact
fcart_9-0,iterationreport.maintenanceDate,iterationreport.maintenancedate,Iteration Details > Maintenance date
fcart_9-0,iterationreport.maintenanceExtent,iterationreport.maintenanceextent,Iteration Details > Maintenance extent
fcart_9-0,iterationreport.securityRequirements,iterationreport.securityrequirements,Iteration Details > Security requirements
fcart_9-0,iterationreport.securityApprovalEntity,iterationreport.securityapprovalentity,Iteration Details > Security approval entity
fcart_9-0,iterationreport.securityApprovalDate,iterationreport.securityapprovaldate,Iteration Details > Security approval date
fcart_9-0,loanin.loanInNumber,loanin.loaninnumber,Loan In Information > Loan in number
fcart_9-0,loanin.loanPurpose,loanin.loanpurpose,Loan In Information > Loan purpose
fcart_9-0,loanin.loanGroup,loanin.loangroup,Loan In Information > Loan status group
fcart_9-0,loanin.loanIndividual,loanin.loanindividual,Loan In Information > Loan status individual
fcart_9-0,loanin.loanStatus,loanin.loanstatus,Loan In Information > Loan status
fcart_9-0,loanin.loanStatusDate,loanin.loanstatusdate,Loan In Information > Loan status date
fcart_9-0,loanin.loanStatusNote,loanin.loanstatusnote,Loan In Information > Loan status note
fcart_9-0,loanin.lender,loanin.lender,Loan In Information > Lender name
fcart_9-0,loanin.lendersContact,loanin.lenderscontact,Loan In Information > Lender contact
fcart_9-0,loanin.lendersAuthorizer,loanin.lendersauthorizer,Loan In Information > Lender authorizer
fcart_9-0,loanin.lendersAuthorizationDate,loanin.lendersauthorizationdate,Loan In Information > Lender authorization date
fcart_9-0,loanin.borrowersContact,loanin.borrowerscontact,Loan In Information > Borrower > Borrower contact
fcart_9-0,loanin.borrowersAuthorizer,loanin.borrowersauthorizer,Loan In Information > Borrower > Borrower authorizer
fcart_9-0,loanin.borrowersAuthorizationDate,loanin.borrowersauthorizationdate,Loan In Information > Borrower > Borrower authorization date
fcart_9-0,loanin.loanInConditions,loanin.loaninconditions,Loan In Information > Conditions of loan
fcart_9-0,loanin.loanInNote,loanin.loaninnote,Loan In Information > Note
fcart_9-0,loanin.loanInDate,loanin.loanindate,Loan In Information > Loan in date
fcart_9-0,loanin.loanReturnDate,loanin.loanreturndate,Loan In Information > Loan return date
fcart_9-0,loanin.loanRenewalApplicationDate,loanin.loanrenewalapplicationdate,Loan In Information > Loan renewal application date
fcart_9-0,loanin.creditLine,loanin.creditline,Loan In Information > Credit line
fcart_9-0,loanout.loanOutNumber,loanout.loanoutnumber,Loan Out Information > Loan out number
fcart_9-0,loanout.loanPurpose,loanout.loanpurpose,Loan Out Information > Loan purpose
fcart_9-0,loanout.lendersAuthorizer,loanout.lendersauthorizer,Loan Out Information > Lender > Lender authorizer
fcart_9-0,loanout.lendersContact,loanout.lenderscontact,Loan Out Information > Lender > Lender contact
fcart_9-0,loanout.lendersAuthorizationDate,loanout.lendersauthorizationdate,Loan Out Information > Lender > Lender authorization date
fcart_9-0,loanout.borrower,loanout.borrower,Loan Out Information > Borrower > Borrower name
fcart_9-0,loanout.borrowersContact,loanout.borrowerscontact,Loan Out Information > Borrower > Borrower contact
fcart_9-0,loanout.borrowersAuthorizer,loanout.borrowersauthorizer,Loan Out Information > Borrower > Borrower authorizer
fcart_9-0,loanout.borrowersAuthorizationDate,loanout.borrowersauthorizationdate,Loan Out Information > Borrower > Borrower authorization date
fcart_9-0,loanout.specialConditionsOfLoan,loanout.specialconditionsofloan,Loan Out Information > Conditions of loan
fcart_9-0,loanout.loanOutNote,loanout.loanoutnote,Loan Out Information > Note
fcart_9-0,loanout.loanGroup,loanout.loangroup,Loan Out Information > Loan status group
fcart_9-0,loanout.loanIndividual,loanout.loanindividual,Loan Out Information > Loan status individual
fcart_9-0,loanout.loanStatus,loanout.loanstatus,Loan Out Information > Loan status
fcart_9-0,loanout.loanStatusDate,loanout.loanstatusdate,Loan Out Information > Loan status date
fcart_9-0,loanout.loanStatusNote,loanout.loanstatusnote,Loan Out Information > Loan status note
fcart_9-0,loanout.loanOutDate,loanout.loanoutdate,Loan Out Information > Loan out date
fcart_9-0,loanout.loanReturnDate,loanout.loanreturndate,Loan Out Information > Loan return date
fcart_9-0,loanout.loanRenewalApplicationDate,loanout.loanrenewalapplicationdate,Loan Out Information > Loan renewal application date
fcart_9-0,loanout.creditLine,loanout.creditline,Loan Out Information > Credit line
fcart_9-0,location.termDisplayName,location.termdisplayname,Storage Location Information > Term display name
fcart_9-0,location.termName,location.termname,Storage Location Information > Term name
fcart_9-0,location.termQualifier,location.termqualifier,Storage Location Information > Term qualifier
fcart_9-0,location.termStatus,location.termstatus,Storage Location Information > Term status
fcart_9-0,location.termType,location.termtype,Storage Location Information > Term type
fcart_9-0,location.termFlag,location.termflag,Storage Location Information > Term flag
fcart_9-0,location.termLanguage,location.termlanguage,Storage Location Information > Term language
fcart_9-0,location.termPrefForLang,location.termprefforlang,Storage Location Information > Term preferred for lang
fcart_9-0,location.termSource,location.termsource,Storage Location Information > Source > Term source name
fcart_9-0,location.termSourceDetail,location.termsourcedetail,Storage Location Information > Source > Term source detail
fcart_9-0,location.termSourceID,location.termsourceid,Storage Location Information > Source > Term source ID
fcart_9-0,location.termSourceNote,location.termsourcenote,Storage Location Information > Source > Term source note
fcart_9-0,location.locationType,location.locationtype,Storage Location Information > Storage location type
fcart_9-0,location.securityNote,location.securitynote,Storage Location Information > Security note
fcart_9-0,location.address,location.address,Storage Location Information > Address
fcart_9-0,location.accessNote,location.accessnote,Storage Location Information > Access note
fcart_9-0,location.conditionNote,location.conditionnote,Storage Location Information > Condition note
fcart_9-0,location.conditionNoteDate,location.conditionnotedate,Storage Location Information > Condition note date
fcart_9-0,media.identificationNumber,media.identificationnumber,Media Handling Information > Identification number
fcart_9-0,media.title,media.title,Media Handling Information > Title
fcart_9-0,media.publishTo,media.publishto,Media Handling Information > Publish to
fcart_9-0,media.name,media.name,File Information > Name
fcart_9-0,media.mimeType,media.mimetype,File Information > Type
fcart_9-0,media.length,media.length,File Information > Size
fcart_9-0,media.externalUrl,media.externalurl,Media Handling Information > External URL
fcart_9-0,media.measuredPart,media.measuredpart,Media Handling Information > Measured part
fcart_9-0,media.dimensionSummary,media.dimensionsummary,Media Handling Information > Dimension summary
fcart_9-0,media.dimension,media.dimension,Media Handling Information > Measurement dimension
fcart_9-0,media.measuredBy,media.measuredby,Media Handling Information > Measured by
fcart_9-0,media.measurementMethod,media.measurementmethod,Media Handling Information > Measurement method
fcart_9-0,media.value,media.value,Media Handling Information > Measurement value
fcart_9-0,media.measurementUnit,media.measurementunit,Media Handling Information > Measurement unit
fcart_9-0,media.valueQualifier,media.valuequalifier,Media Handling Information > Measurement qualifier
fcart_9-0,media.valueDate,media.valuedate,Media Handling Information > Measurement date
fcart_9-0,media.measuredPartNote,media.measuredpartnote,Media Handling Information > Dimension note
fcart_9-0,media.checksumValue,media.checksumvalue,Media Handling Information > Checksum value
fcart_9-0,media.checksumType,media.checksumtype,Media Handling Information > Checksum type
fcart_9-0,media.checksumDate,media.checksumdate,Media Handling Information > Checksum date
fcart_9-0,media.contributor,media.contributor,Media Handling Information > Contributor
fcart_9-0,media.creator,media.creator,Media Handling Information > Creator
fcart_9-0,media.language,media.language,Media Handling Information > Language
fcart_9-0,media.publisher,media.publisher,Media Handling Information > Publisher
fcart_9-0,media.relation,media.relation,Media Handling Information > Relation
fcart_9-0,media.copyrightStatement,media.copyrightstatement,Media Handling Information > Copyright statement
fcart_9-0,media.type,media.type,Media Handling Information > Type
fcart_9-0,media.coverage,media.coverage,Media Handling Information > Coverage
fcart_9-0,media.dateGroup,media.dategroup,Media Handling Information > Date
fcart_9-0,media.source,media.source,Media Handling Information > Source
fcart_9-0,media.subject,media.subject,Media Handling Information > Subject
fcart_9-0,media.rightsHolder,media.rightsholder,Media Handling Information > Rights holder
fcart_9-0,media.description,media.description,Media Handling Information > Description
fcart_9-0,media.altText,media.alttext,Media Handling Information > Alt text
fcart_9-0,media.mediaFileURI,media.mediafileuri,""
fcart_9-0,movement.movementReferenceNumber,movement.movementreferencenumber,Object Location Information > Reference number
fcart_9-0,movement.normalLocation,movement.normallocation,Object Location Information > Normal location
fcart_9-0,movement.currentLocation,movement.currentlocation,Object Location Information > Current location > Current location
fcart_9-0,movement.currentLocationFitness,movement.currentlocationfitness,Object Location Information > Current location > Current location fitness
fcart_9-0,movement.currentLocationNote,movement.currentlocationnote,Object Location Information > Current location > Current location note
fcart_9-0,movement.locationDate,movement.locationdate,Object Location Information > Location date
fcart_9-0,movement.reasonForMove,movement.reasonformove,Movement Information > Reason for move
fcart_9-0,movement.movementMethod,movement.movementmethod,Movement Information > Movement method
fcart_9-0,movement.plannedRemovalDate,movement.plannedremovaldate,Movement Information > Planned removal date
fcart_9-0,movement.removalDate,movement.removaldate,Movement Information > Removal date
fcart_9-0,movement.movementContact,movement.movementcontact,Movement Information > Movement contact
fcart_9-0,movement.movementNote,movement.movementnote,Movement Information > Movement note
fcart_9-0,movement.inventoryActionRequired,movement.inventoryactionrequired,Inventory Information > Inventory action required
fcart_9-0,movement.frequencyForInventory,movement.frequencyforinventory,Inventory Information > Inventory frequency
fcart_9-0,movement.inventoryDate,movement.inventorydate,Inventory Information > Inventory date
fcart_9-0,movement.nextInventoryDate,movement.nextinventorydate,Inventory Information > Next inventory date
fcart_9-0,movement.inventoryContact,movement.inventorycontact,Inventory Information > Inventory contact
fcart_9-0,movement.inventoryNote,movement.inventorynote,Inventory Information > Inventory note
fcart_9-0,objectexit.exitNumber,objectexit.exitnumber,Object Exit Information > Exit number
fcart_9-0,objectexit.exitDateGroup,objectexit.exitdategroup,Object Exit Information > Exit date
fcart_9-0,objectexit.exitReason,objectexit.exitreason,Object Exit Information > Exit reason
fcart_9-0,objectexit.exitMethod,objectexit.exitmethod,Object Exit Information > Exit method
fcart_9-0,objectexit.exitQuantity,objectexit.exitquantity,Object Exit Information > Exit quantity
fcart_9-0,objectexit.currentOwner,objectexit.currentowner,Object Exit Information > Current owner
fcart_9-0,objectexit.depositor,objectexit.depositor,Object Exit Information > Depositor
fcart_9-0,objectexit.exitNote,objectexit.exitnote,Object Exit Information > Exit note
fcart_9-0,objectexit.packingNote,objectexit.packingnote,Object Exit Information > Packing note
fcart_9-0,objectexit.displosalNewObjectNumber,objectexit.displosalnewobjectnumber,Deaccession and Disposal Information > Disposal new object number
fcart_9-0,objectexit.deaccessionAuthorizer,objectexit.deaccessionauthorizer,Deaccession and Disposal Information > Deaccession authorizer
fcart_9-0,objectexit.authorizationDate,objectexit.authorizationdate,Deaccession and Disposal Information > Authorization date
fcart_9-0,objectexit.deaccessionApprovalGroup,objectexit.deaccessionapprovalgroup,Deaccession and Disposal Information > Deaccession approval group
fcart_9-0,objectexit.deaccessionApprovalIndividual,objectexit.deaccessionapprovalindividual,Deaccession and Disposal Information > Deaccession approval individual
fcart_9-0,objectexit.deaccessionApprovalStatus,objectexit.deaccessionapprovalstatus,Deaccession and Disposal Information > Deaccession approval status
fcart_9-0,objectexit.deaccessionApprovalDate,objectexit.deaccessionapprovaldate,Deaccession and Disposal Information > Deaccession approval status date
fcart_9-0,objectexit.deaccessionApprovalNote,objectexit.deaccessionapprovalnote,Deaccession and Disposal Information > Deaccession approval note
fcart_9-0,objectexit.deaccessionDate,objectexit.deaccessiondate,Deaccession and Disposal Information > Deaccession date
fcart_9-0,objectexit.disposalDate,objectexit.disposaldate,Deaccession and Disposal Information > Disposal date
fcart_9-0,objectexit.disposalMethod,objectexit.disposalmethod,Deaccession and Disposal Information > Disposal method
fcart_9-0,objectexit.displosalReason,objectexit.displosalreason,Deaccession and Disposal Information > Disposal reason
fcart_9-0,objectexit.disposalProposedRecipient,objectexit.disposalproposedrecipient,Deaccession and Disposal Information > Disposal proposed recipient
fcart_9-0,objectexit.disposalRecipient,objectexit.disposalrecipient,Deaccession and Disposal Information > Disposal recipient
fcart_9-0,objectexit.disposalCurrency,objectexit.disposalcurrency,Deaccession and Disposal Information > Disposal > Disposal currency
fcart_9-0,objectexit.displosalValue,objectexit.displosalvalue,Deaccession and Disposal Information > Disposal > Disposal value
fcart_9-0,objectexit.groupDisposalCurrency,objectexit.groupdisposalcurrency,Deaccession and Disposal Information > Group disposal > Group disposal currency
fcart_9-0,objectexit.groupDisplosalValue,objectexit.groupdisplosalvalue,Deaccession and Disposal Information > Group disposal > Group disposal value
fcart_9-0,objectexit.displosalProvisos,objectexit.displosalprovisos,Deaccession and Disposal Information > Disposal provisos
fcart_9-0,objectexit.displosalNote,objectexit.displosalnote,Deaccession and Disposal Information > Disposal note
fcart_9-0,organization.termDisplayName,organization.termdisplayname,Organization Information > Term display name
fcart_9-0,organization.termName,organization.termname,Organization Information > Term name
fcart_9-0,organization.termQualifier,organization.termqualifier,Organization Information > Term qualifier
fcart_9-0,organization.termStatus,organization.termstatus,Organization Information > Term status
fcart_9-0,organization.termType,organization.termtype,Organization Information > Term type
fcart_9-0,organization.termFlag,organization.termflag,Organization Information > Term flag
fcart_9-0,organization.termLanguage,organization.termlanguage,Organization Information > Term language
fcart_9-0,organization.termPrefForLang,organization.termprefforlang,Organization Information > Term preferred for lang
fcart_9-0,organization.mainBodyName,organization.mainbodyname,Organization Information > Name detail > Term main body name
fcart_9-0,organization.additionsToName,organization.additionstoname,Organization Information > Name detail > Term name addition
fcart_9-0,organization.termSource,organization.termsource,Organization Information > Source > Term source name
fcart_9-0,organization.termSourceDetail,organization.termsourcedetail,Organization Information > Source > Term source detail
fcart_9-0,organization.termSourceID,organization.termsourceid,Organization Information > Source > Term source ID
fcart_9-0,organization.termSourceNote,organization.termsourcenote,Organization Information > Source > Term source note
fcart_9-0,organization.organizationRecordType,organization.organizationrecordtype,Organization Information > Organization type
fcart_9-0,organization.foundingDateGroup,organization.foundingdategroup,Organization Information > Foundation date
fcart_9-0,organization.foundingPlace,organization.foundingplace,Organization Information > Foundation place
fcart_9-0,organization.dissolutionDateGroup,organization.dissolutiondategroup,Organization Information > Dissolution date
fcart_9-0,organization.nameNote,organization.namenote,Organization Information > Name note
fcart_9-0,organization.group,organization.group,Organization Information > Group
fcart_9-0,organization.function,organization.function,Organization Information > Function
fcart_9-0,organization.historyNote,organization.historynote,Organization Information > History
fcart_9-0,organization.contactName,organization.contactname,Organization Information > Contact name
fcart_9-0,organization.contactRole,organization.contactrole,Organization Information > Contact role
fcart_9-0,organization.contactDateGroup,organization.contactdategroup,Organization Information > Contact date
fcart_9-0,organization.contactEndDateGroup,organization.contactenddategroup,Organization Information > Contact end date
fcart_9-0,organization.contactStatus,organization.contactstatus,Organization Information > Contact status
fcart_9-0,organization.email,organization.email,Contact Information > Organization Information > Address
fcart_9-0,organization.emailType,organization.emailtype,Contact Information > Organization Information > Type
fcart_9-0,organization.telephoneNumber,organization.telephonenumber,Contact Information > Organization Information > Number
fcart_9-0,organization.telephoneNumberType,organization.telephonenumbertype,Contact Information > Organization Information > Type
fcart_9-0,organization.faxNumber,organization.faxnumber,Contact Information > Organization Information > Number
fcart_9-0,organization.faxNumberType,organization.faxnumbertype,Contact Information > Organization Information > Type
fcart_9-0,organization.webAddress,organization.webaddress,Contact Information > Organization Information > URL
fcart_9-0,organization.webAddressType,organization.webaddresstype,Contact Information > Organization Information > Type
fcart_9-0,organization.addressPlace1,organization.addressplace1,Contact Information > Organization Information > Line 1
fcart_9-0,organization.addressPlace2,organization.addressplace2,Contact Information > Organization Information > Line 2
fcart_9-0,organization.addressMunicipality,organization.addressmunicipality,Contact Information > Organization Information > Municipality
fcart_9-0,organization.addressStateOrProvince,organization.addressstateorprovince,Contact Information > Organization Information > State/province
fcart_9-0,organization.addressPostCode,organization.addresspostcode,Contact Information > Organization Information > Postal code
fcart_9-0,organization.addressCountry,organization.addresscountry,Contact Information > Organization Information > Country
fcart_9-0,organization.addressType,organization.addresstype,Contact Information > Organization Information > Type
fcart_9-0,person.termDisplayName,person.termdisplayname,Person Information > Term display name
fcart_9-0,person.termName,person.termname,Person Information > Term name
fcart_9-0,person.termQualifier,person.termqualifier,Person Information > Term qualifier
fcart_9-0,person.termStatus,person.termstatus,Person Information > Term status
fcart_9-0,person.termType,person.termtype,Person Information > Term type
fcart_9-0,person.termFlag,person.termflag,Person Information > Term flag
fcart_9-0,person.termLanguage,person.termlanguage,Person Information > Term language
fcart_9-0,person.termPrefForLang,person.termprefforlang,Person Information > Term preferred for lang
fcart_9-0,person.salutation,person.salutation,Person Information > Name detail > Term salutation
fcart_9-0,person.title,person.title,Person Information > Name detail > Term title
fcart_9-0,person.foreName,person.forename,Person Information > Name detail > Term forename
fcart_9-0,person.middleName,person.middlename,Person Information > Name detail > Term middle name
fcart_9-0,person.surName,person.surname,Person Information > Name detail > Term surname
fcart_9-0,person.nameAdditions,person.nameadditions,Person Information > Name detail > Term name addition
fcart_9-0,person.initials,person.initials,Person Information > Name detail > Term initials
fcart_9-0,person.termSource,person.termsource,Person Information > Source > Term source name
fcart_9-0,person.termSourceDetail,person.termsourcedetail,Person Information > Source > Term source detail
fcart_9-0,person.termSourceID,person.termsourceid,Person Information > Source > Term source ID
fcart_9-0,person.termSourceNote,person.termsourcenote,Person Information > Source > Term source note
fcart_9-0,person.gender,person.gender,Person Information > Gender
fcart_9-0,person.occupation,person.occupation,Person Information > Occupation
fcart_9-0,person.schoolOrStyle,person.schoolorstyle,Person Information > School/style
fcart_9-0,person.group,person.group,Person Information > Group
fcart_9-0,person.nationality,person.nationality,Person Information > Nationality
fcart_9-0,person.nameNote,person.namenote,Person Information > Name note
fcart_9-0,person.birthDateGroup,person.birthdategroup,Person Information > Birth date
fcart_9-0,person.birthPlace,person.birthplace,Person Information > Place of birth
fcart_9-0,person.deathDateGroup,person.deathdategroup,Person Information > Death date
fcart_9-0,person.deathPlace,person.deathplace,Person Information > Place of death
fcart_9-0,person.bioNote,person.bionote,Person Information > Biographical note
fcart_9-0,person.email,person.email,Contact Information > Person Information > Address
fcart_9-0,person.emailType,person.emailtype,Contact Information > Person Information > Type
fcart_9-0,person.telephoneNumber,person.telephonenumber,Contact Information > Person Information > Number
fcart_9-0,person.telephoneNumberType,person.telephonenumbertype,Contact Information > Person Information > Type
fcart_9-0,person.faxNumber,person.faxnumber,Contact Information > Person Information > Number
fcart_9-0,person.faxNumberType,person.faxnumbertype,Contact Information > Person Information > Type
fcart_9-0,person.webAddress,person.webaddress,Contact Information > Person Information > URL
fcart_9-0,person.webAddressType,person.webaddresstype,Contact Information > Person Information > Type
fcart_9-0,person.addressPlace1,person.addressplace1,Contact Information > Person Information > Line 1
fcart_9-0,person.addressPlace2,person.addressplace2,Contact Information > Person Information > Line 2
fcart_9-0,person.addressMunicipality,person.addressmunicipality,Contact Information > Person Information > Municipality
fcart_9-0,person.addressStateOrProvince,person.addressstateorprovince,Contact Information > Person Information > State/province
fcart_9-0,person.addressPostCode,person.addresspostcode,Contact Information > Person Information > Postal code
fcart_9-0,person.addressCountry,person.addresscountry,Contact Information > Person Information > Country
fcart_9-0,person.addressType,person.addresstype,Contact Information > Person Information > Type
fcart_9-0,person.declinedToAnswerPronoun,person.declinedtoanswerpronoun,Maker-Supplied Identity Information > Pronoun supplied declined to answer
fcart_9-0,person.suppliedPronoun,person.suppliedpronoun,Maker-Supplied Identity Information > Pronoun supplied
fcart_9-0,person.useRestrictionPronoun,person.userestrictionpronoun,Maker-Supplied Identity Information > Pronoun supplied use restriction
fcart_9-0,person.declinedToAnswerGender,person.declinedtoanswergender,Maker-Supplied Identity Information > Gender supplied declined to answer
fcart_9-0,person.suppliedGender,person.suppliedgender,Maker-Supplied Identity Information > Gender supplied
fcart_9-0,person.useRestrictionGender,person.userestrictiongender,Maker-Supplied Identity Information > Gender supplied use restriction
fcart_9-0,person.declinedToAnswerRace,person.declinedtoanswerrace,Maker-Supplied Identity Information > Race supplied declined to answer
fcart_9-0,person.suppliedRace,person.suppliedrace,Maker-Supplied Identity Information > Race supplied
fcart_9-0,person.useRestrictionRace,person.userestrictionrace,Maker-Supplied Identity Information > Race supplied use restriction
fcart_9-0,person.declinedToAnswerEthnicity,person.declinedtoanswerethnicity,Maker-Supplied Identity Information > Ethnicity supplied declined to answer
fcart_9-0,person.suppliedEthnicity,person.suppliedethnicity,Maker-Supplied Identity Information > Ethnicity supplied
fcart_9-0,person.useRestrictionEthnicity,person.userestrictionethnicity,Maker-Supplied Identity Information > Ethnicity supplied use restriction
fcart_9-0,person.declinedToAnswerSexuality,person.declinedtoanswersexuality,Maker-Supplied Identity Information > Sexuality supplied declined to answer
fcart_9-0,person.suppliedSexuality,person.suppliedsexuality,Maker-Supplied Identity Information > Sexuality supplied
fcart_9-0,person.useRestrictionSexuality,person.userestrictionsexuality,Maker-Supplied Identity Information > Sexuality supplied use restriction
fcart_9-0,person.declinedToAnswerBirthPlace,person.declinedtoanswerbirthplace,Maker-Supplied Identity Information > Birth place supplied declined to answer
fcart_9-0,person.suppliedBirthPlace,person.suppliedbirthplace,Maker-Supplied Identity Information > Birth place supplied
fcart_9-0,person.useRestrictionBirthPlace,person.userestrictionbirthplace,Maker-Supplied Identity Information > Birth place supplied use restriction
fcart_9-0,person.declinedToAnswerBirthDate,person.declinedtoanswerbirthdate,Maker-Supplied Identity Information > Birth date supplied declined to answer
fcart_9-0,person.suppliedStructuredBirthDateGroup,person.suppliedstructuredbirthdategroup,Maker-Supplied Identity Information > Birth date supplied
fcart_9-0,person.useRestrictionBirthDate,person.userestrictionbirthdate,Maker-Supplied Identity Information > Birth date supplied use restriction
fcart_9-0,person.informationAuthor,person.informationauthor,Maker-Supplied Identity Information > Other information author
fcart_9-0,person.informationDate,person.informationdate,Maker-Supplied Identity Information > Other information date
fcart_9-0,person.informationUseRestriction,person.informationuserestriction,Maker-Supplied Identity Information > Other information use restriction
fcart_9-0,person.otherInformation,person.otherinformation,Maker-Supplied Identity Information > Other information note
fcart_9-0,person.assocPerson,person.assocperson,Associated Authorities > Associated person
fcart_9-0,person.assocPersonType,person.assocpersontype,Associated Authorities > Associated person relationship/type
fcart_9-0,person.assocPersonStructuredDateGroup,person.assocpersonstructureddategroup,Associated Authorities > Associated person date
fcart_9-0,person.assocPersonCitation,person.assocpersoncitation,Associated Authorities > Associated person citation
fcart_9-0,person.assocPersonNote,person.assocpersonnote,Associated Authorities > Associated person note
fcart_9-0,person.assocPeople,person.assocpeople,Associated Authorities > Associated people
fcart_9-0,person.assocPeopleType,person.assocpeopletype,Associated Authorities > Associated people relationship/type
fcart_9-0,person.assocPeopleStructuredDateGroup,person.assocpeoplestructureddategroup,Associated Authorities > Associated people date
fcart_9-0,person.assocPeopleCitation,person.assocpeoplecitation,Associated Authorities > Associated people citation
fcart_9-0,person.assocPeopleNote,person.assocpeoplenote,Associated Authorities > Associated people note
fcart_9-0,person.assocOrganization,person.assocorganization,Associated Authorities > Associated organization
fcart_9-0,person.assocOrganizationType,person.assocorganizationtype,Associated Authorities > Associated organization relationship/type
fcart_9-0,person.assocOrganizationStructuredDateGroup,person.assocorganizationstructureddategroup,Associated Authorities > Associated organization date
fcart_9-0,person.assocOrganizationCitation,person.assocorganizationcitation,Associated Authorities > Associated organization citation
fcart_9-0,person.assocOrganizationNote,person.assocorganizationnote,Associated Authorities > Associated organization note
fcart_9-0,person.assocConcept,person.assocconcept,Associated Authorities > Associated concept
fcart_9-0,person.assocConceptType,person.assocconcepttype,Associated Authorities > Associated concept relationship/type
fcart_9-0,person.assocConceptStructuredDateGroup,person.assocconceptstructureddategroup,Associated Authorities > Associated concept date
fcart_9-0,person.assocConceptCitation,person.assocconceptcitation,Associated Authorities > Associated concept citation
fcart_9-0,person.assocConceptNote,person.assocconceptnote,Associated Authorities > Associated concept note
fcart_9-0,person.assocPlace,person.assocplace,Associated Authorities > Associated place
fcart_9-0,person.assocPlaceType,person.assocplacetype,Associated Authorities > Associated place relationship/type
fcart_9-0,person.assocPlaceStructuredDateGroup,person.assocplacestructureddategroup,Associated Authorities > Associated place date
fcart_9-0,person.assocPlaceCitation,person.assocplacecitation,Associated Authorities > Associated place citation
fcart_9-0,person.assocPlaceNote,person.assocplacenote,Associated Authorities > Associated place note
fcart_9-0,person.assocChronology,person.assocchronology,Associated Authorities > Associated event/era
fcart_9-0,person.assocChronologyType,person.assocchronologytype,Associated Authorities > Associated event/era relationship/type
fcart_9-0,person.assocChronologyStructuredDateGroup,person.assocchronologystructureddategroup,Associated Authorities > Associated event/era date
fcart_9-0,person.assocChronologyCitation,person.assocchronologycitation,Associated Authorities > Associated event/era citation
fcart_9-0,person.assocChronologyNote,person.assocchronologynote,Associated Authorities > Associated event/era note
fcart_9-0,place.termDisplayName,place.termdisplayname,Place Information > Term display name
fcart_9-0,place.termName,place.termname,Place Information > Term name
fcart_9-0,place.termQualifier,place.termqualifier,Place Information > Term qualifier
fcart_9-0,place.termStatus,place.termstatus,Place Information > Term status
fcart_9-0,place.termType,place.termtype,Place Information > Term type
fcart_9-0,place.termFlag,place.termflag,Place Information > Term flag
fcart_9-0,place.historicalStatus,place.historicalstatus,Place Information > Term historical status
fcart_9-0,place.termLanguage,place.termlanguage,Place Information > Term language
fcart_9-0,place.termPrefForLang,place.termprefforlang,Place Information > Term preferred for lang
fcart_9-0,place.nameAbbrev,place.nameabbrev,Place Information > Term abbreviation
fcart_9-0,place.nameNote,place.namenote,Place Information > Term note
fcart_9-0,place.nameDateGroup,place.namedategroup,Place Information > Term date
fcart_9-0,place.termSource,place.termsource,Place Information > Source > Term source name
fcart_9-0,place.termSourceDetail,place.termsourcedetail,Place Information > Source > Term source detail
fcart_9-0,place.termSourceID,place.termsourceid,Place Information > Source > Term source ID
fcart_9-0,place.termSourceNote,place.termsourcenote,Place Information > Source > Term source note
fcart_9-0,place.placeType,place.placetype,Place Information > Place type
fcart_9-0,place.placeSource,place.placesource,Place Information > Place source
fcart_9-0,place.owner,place.owner,Place Information > Owner
fcart_9-0,place.ownershipDateGroup,place.ownershipdategroup,Place Information > Ownership date
fcart_9-0,place.ownershipNote,place.ownershipnote,Place Information > Ownership note
fcart_9-0,place.placeNote,place.placenote,Place Information > Place note
fcart_9-0,place.addressPlace1,place.addressplace1,Place Information > Address line 1
fcart_9-0,place.addressPlace2,place.addressplace2,Place Information > Address line 2
fcart_9-0,place.addressMunicipality,place.addressmunicipality,Place Information > Address municipality
fcart_9-0,place.addressStateOrProvince,place.addressstateorprovince,Place Information > Address state/province
fcart_9-0,place.addressPostCode,place.addresspostcode,Place Information > Address postal code
fcart_9-0,place.addressCountry,place.addresscountry,Place Information > Address country
fcart_9-0,place.addressType,place.addresstype,Place Information > Address type
fcart_9-0,place.vCoordinates,place.vcoordinates,Locality Information > Verbatim coords
fcart_9-0,place.vLatitude,place.vlatitude,Locality Information > Verbatim latitude
fcart_9-0,place.vLongitude,place.vlongitude,Locality Information > Verbatim longitude
fcart_9-0,place.vCoordSys,place.vcoordsys,Locality Information > Coordinate system
fcart_9-0,place.vSpatialReferenceSystem,place.vspatialreferencesystem,Locality Information > Spatial ref system
fcart_9-0,place.vElevation,place.velevation,Locality Information > Elevation
fcart_9-0,place.vDepth,place.vdepth,Locality Information > Depth
fcart_9-0,place.vDistanceAboveSurface,place.vdistanceabovesurface,Locality Information > Distance above surface
fcart_9-0,place.vUnitofMeasure,place.vunitofmeasure,Locality Information > Unit of measure
fcart_9-0,place.minElevationInMeters,place.minelevationinmeters,Locality Information > Min elevation (m)
fcart_9-0,place.maxElevationInMeters,place.maxelevationinmeters,Locality Information > Max elevation (m)
fcart_9-0,place.minDepthInMeters,place.mindepthinmeters,Locality Information > Min depth (m)
fcart_9-0,place.maxDepthInMeters,place.maxdepthinmeters,Locality Information > Max depth (m)
fcart_9-0,place.minDistanceAboveSurfaceInMeters,place.mindistanceabovesurfaceinmeters,Locality Information > Min distance above surface (m)
fcart_9-0,place.maxDistanceAboveSurfaceInMeters,place.maxdistanceabovesurfaceinmeters,Locality Information > Max distance above surface (m)
fcart_9-0,place.vCoordSource,place.vcoordsource,Locality Information > Coordinate source
fcart_9-0,place.vCoordSourceRefId,place.vcoordsourcerefid,Locality Information > Coordinate source detail
fcart_9-0,place.decimalLatitude,place.decimallatitude,Georeference Information > Georeference decimal latitude
fcart_9-0,place.decimalLongitude,place.decimallongitude,Georeference Information > Georeference decimal longitude
fcart_9-0,place.geodeticDatum,place.geodeticdatum,Georeference Information > Georeference datum
fcart_9-0,place.coordUncertaintyInMeters,place.coorduncertaintyinmeters,Georeference Information > Georeference uncertainty (m)
fcart_9-0,place.coordPrecision,place.coordprecision,Georeference Information > Georeference precision
fcart_9-0,place.pointRadiusSpatialFit,place.pointradiusspatialfit,Georeference Information > Georeference point radius spatial fit
fcart_9-0,place.footprintWKT,place.footprintwkt,Georeference Information > Georeference footprint WKT
fcart_9-0,place.footprintSRS,place.footprintsrs,Georeference Information > Georeference footprint SRS
fcart_9-0,place.footprintSpatialFit,place.footprintspatialfit,Georeference Information > Georeference footprint spatial fit
fcart_9-0,place.geoReferencedBy,place.georeferencedby,Georeference Information > Georeferenced by
fcart_9-0,place.geoRefDateGroup,place.georefdategroup,Georeference Information > Georeference date
fcart_9-0,place.geoRefProtocol,place.georefprotocol,Georeference Information > Georeference protocol
fcart_9-0,place.geoRefSource,place.georefsource,Georeference Information > Georeference source
fcart_9-0,place.geoRefVerificationStatus,place.georefverificationstatus,Georeference Information > Georeference verification
fcart_9-0,place.geoRefRemarks,place.georefremarks,Georeference Information > Georeference remarks
fcart_9-0,place.geoRefPlaceName,place.georefplacename,Georeference Information > Georeference place name
fcart_9-0,place.assocPerson,place.assocperson,Associated Authorities > Associated person
fcart_9-0,place.assocPersonType,place.assocpersontype,Associated Authorities > Associated person relationship/type
fcart_9-0,place.assocPersonStructuredDateGroup,place.assocpersonstructureddategroup,Associated Authorities > Associated person date
fcart_9-0,place.assocPersonCitation,place.assocpersoncitation,Associated Authorities > Associated person citation
fcart_9-0,place.assocPersonNote,place.assocpersonnote,Associated Authorities > Associated person note
fcart_9-0,place.assocPeople,place.assocpeople,Associated Authorities > Associated people
fcart_9-0,place.assocPeopleType,place.assocpeopletype,Associated Authorities > Associated people relationship/type
fcart_9-0,place.assocPeopleStructuredDateGroup,place.assocpeoplestructureddategroup,Associated Authorities > Associated people date
fcart_9-0,place.assocPeopleCitation,place.assocpeoplecitation,Associated Authorities > Associated people citation
fcart_9-0,place.assocPeopleNote,place.assocpeoplenote,Associated Authorities > Associated people note
fcart_9-0,place.assocOrganization,place.assocorganization,Associated Authorities > Associated organization
fcart_9-0,place.assocOrganizationType,place.assocorganizationtype,Associated Authorities > Associated organization relationship/type
fcart_9-0,place.assocOrganizationStructuredDateGroup,place.assocorganizationstructureddategroup,Associated Authorities > Associated organization date
fcart_9-0,place.assocOrganizationCitation,place.assocorganizationcitation,Associated Authorities > Associated organization citation
fcart_9-0,place.assocOrganizationNote,place.assocorganizationnote,Associated Authorities > Associated organization note
fcart_9-0,place.assocConcept,place.assocconcept,Associated Authorities > Associated concept
fcart_9-0,place.assocConceptType,place.assocconcepttype,Associated Authorities > Associated concept relationship/type
fcart_9-0,place.assocConceptStructuredDateGroup,place.assocconceptstructureddategroup,Associated Authorities > Associated concept date
fcart_9-0,place.assocConceptCitation,place.assocconceptcitation,Associated Authorities > Associated concept citation
fcart_9-0,place.assocConceptNote,place.assocconceptnote,Associated Authorities > Associated concept note
fcart_9-0,place.assocPlace,place.assocplace,Associated Authorities > Associated place
fcart_9-0,place.assocPlaceType,place.assocplacetype,Associated Authorities > Associated place relationship/type
fcart_9-0,place.assocPlaceStructuredDateGroup,place.assocplacestructureddategroup,Associated Authorities > Associated place date
fcart_9-0,place.assocPlaceCitation,place.assocplacecitation,Associated Authorities > Associated place citation
fcart_9-0,place.assocPlaceNote,place.assocplacenote,Associated Authorities > Associated place note
fcart_9-0,place.assocChronology,place.assocchronology,Associated Authorities > Associated event/era
fcart_9-0,place.assocChronologyType,place.assocchronologytype,Associated Authorities > Associated event/era relationship/type
fcart_9-0,place.assocChronologyStructuredDateGroup,place.assocchronologystructureddategroup,Associated Authorities > Associated event/era date
fcart_9-0,place.assocChronologyCitation,place.assocchronologycitation,Associated Authorities > Associated event/era citation
fcart_9-0,place.assocChronologyNote,place.assocchronologynote,Associated Authorities > Associated event/era note
fcart_9-0,transport.transportReferenceNumber,transport.transportreferencenumber,Transport Information > Transport reference number
fcart_9-0,transport.transportMethod,transport.transportmethod,Transport Information > Transport method
fcart_9-0,transport.numberOfCrates,transport.numberofcrates,Transport Information > Number of crates/objects
fcart_9-0,transport.transporter,transport.transporter,Transport Information > Transporter > Transporter name
fcart_9-0,transport.transporterContact,transport.transportercontact,Transport Information > Transporter > Transporter contact
fcart_9-0,transport.transporterContactNumber,transport.transportercontactnumber,Transport Information > Transporter > Transporter contact number
fcart_9-0,transport.transportAuthorizer,transport.transportauthorizer,Transport Information > Authorization > Transport authorizer
fcart_9-0,transport.transportAuthorizationDate,transport.transportauthorizationdate,Transport Information > Authorization > Authorization date
fcart_9-0,transport.transportTrackingNumber,transport.transporttrackingnumber,Transport Information > Tracking number
fcart_9-0,transport.transportTrackingNumberNote,transport.transporttrackingnumbernote,Transport Information > Tracking number note
fcart_9-0,transport.departurePoint,transport.departurepoint,Transport Information > Departure > Departure point
fcart_9-0,transport.transportDepartureDate,transport.transportdeparturedate,Transport Information > Departure > Departure date
fcart_9-0,transport.transportDepartureTime,transport.transportdeparturetime,Transport Information > Departure > Departure time
fcart_9-0,transport.destination,transport.destination,Transport Information > Arrival > Arrival point
fcart_9-0,transport.transportArrivalDate,transport.transportarrivaldate,Transport Information > Arrival > Arrival date
fcart_9-0,transport.transportArrivalTime,transport.transportarrivaltime,Transport Information > Arrival > Arrival time
fcart_9-0,transport.courier,transport.courier,Transport Information > Courier name
fcart_9-0,transport.courierContactNumber,transport.couriercontactnumber,Transport Information > Courier contact number
fcart_9-0,transport.transportRemarks,transport.transportremarks,Transport Information > Note
fcart_9-0,transport.transportCostType,transport.transportcosttype,Cost Information > Transport cost type
fcart_9-0,transport.transportCostResponsibleParty,transport.transportcostresponsibleparty,Cost Information > Transport cost responsible party
fcart_9-0,transport.insuranceCostResponsibleParty,transport.insurancecostresponsibleparty,Cost Information > Insurance/indemnity cost responsible party
fcart_9-0,transport.finalShippingCostCurrency,transport.finalshippingcostcurrency,Cost Information > Final shipping cost > Final shipping cost currency
fcart_9-0,transport.finalShippingCostValue,transport.finalshippingcostvalue,Cost Information > Final shipping cost > Final shipping cost value
fcart_9-0,transport.customsBroker,transport.customsbroker,Cost Information > Customs broker > Customs broker name
fcart_9-0,transport.customsBrokerContact,transport.customsbrokercontact,Cost Information > Customs broker > Customs broker contact
fcart_9-0,transport.customsDeclaredValueCurrency,transport.customsdeclaredvaluecurrency,Cost Information > Declared value for customs > Declared value for customs currency
fcart_9-0,transport.customsDeclaredValueAmount,transport.customsdeclaredvalueamount,Cost Information > Declared value for customs > Declared value for customs amount
fcart_9-0,transport.customsFeeCurrency,transport.customsfeecurrency,Cost Information > Customs fee > Customs fee currency
fcart_9-0,transport.customsFeeValue,transport.customsfeevalue,Cost Information > Customs fee > Customs fee value
fcart_9-0,transport.customsFeeNote,transport.customsfeenote,Cost Information > Customs fee > Customs fee note
fcart_9-0,transport.additionalCostsType,transport.additionalcoststype,Cost Information > Additional cost type
fcart_9-0,transport.additionalCostsCurrency,transport.additionalcostscurrency,Cost Information > Additional cost currency
fcart_9-0,transport.additionalCostsValue,transport.additionalcostsvalue,Cost Information > Additional cost value
fcart_9-0,transport.shippingQuoteProvider,transport.shippingquoteprovider,Cost Information > Shipping quote provider
fcart_9-0,transport.shippingQuoteCurrency,transport.shippingquotecurrency,Cost Information > Shipping quote currency
fcart_9-0,transport.shippingQuoteValue,transport.shippingquotevalue,Cost Information > Shipping quote value
fcart_9-0,transport.shippingQuoteDate,transport.shippingquotedate,Cost Information > Shipping quote date
fcart_9-0,uoc.referenceNumber,uoc.referencenumber,Use of Collections Information > Reference number
fcart_9-0,uoc.method,uoc.method,Use of Collections Information > Method
fcart_9-0,uoc.collectionType,uoc.collectiontype,Use of Collections Information > Collection type
fcart_9-0,uoc.projectId,uoc.projectid,Use of Collections Information > Project ID
fcart_9-0,uoc.subcollection,uoc.subcollection,Use of Collections Information > Subcollection
fcart_9-0,uoc.materialType,uoc.materialtype,Use of Collections Information > Material type
fcart_9-0,uoc.user,uoc.user,Use of Collections Information > User name
fcart_9-0,uoc.userUocRole,uoc.useruocrole,Use of Collections Information > User role
fcart_9-0,uoc.userInstitution,uoc.userinstitution,Use of Collections Information > User institution
fcart_9-0,uoc.userInstitutionRole,uoc.userinstitutionrole,Use of Collections Information > User institution role
fcart_9-0,uoc.title,uoc.title,Use of Collections Information > Title
fcart_9-0,uoc.dateRequested,uoc.daterequested,Use of Collections Information > Date requested
fcart_9-0,uoc.dateCompleted,uoc.datecompleted,Use of Collections Information > Date completed
fcart_9-0,uoc.occasion,uoc.occasion,Use of Collections Information > Occasion
fcart_9-0,uoc.projectDescription,uoc.projectdescription,Use of Collections Information > Project description
fcart_9-0,uoc.authorizedBy,uoc.authorizedby,Use of Collections Information > Authorized by
fcart_9-0,uoc.authorizationDate,uoc.authorizationdate,Use of Collections Information > Authorization date
fcart_9-0,uoc.authorizationStatus,uoc.authorizationstatus,Use of Collections Information > Authorization status
fcart_9-0,uoc.authorizationNote,uoc.authorizationnote,Use of Collections Information > Authorization note
fcart_9-0,uoc.useDate,uoc.usedate,Use of Collections Information > Start/ongoing date
fcart_9-0,uoc.useDateTimeNote,uoc.usedatetimenote,Use of Collections Information > Start/ongoing date time note
fcart_9-0,uoc.useDateNumberOfVisitors,uoc.usedatenumberofvisitors,Use of Collections Information > Start/ongoing date no. of visitors
fcart_9-0,uoc.useDateHoursSpent,uoc.usedatehoursspent,Use of Collections Information > Start/ongoing date hours spent
fcart_9-0,uoc.useDateVisitorNote,uoc.usedatevisitornote,Use of Collections Information > Start/ongoing date visitor note
fcart_9-0,uoc.endDate,uoc.enddate,Use of Collections Information > End date
fcart_9-0,uoc.staffName,uoc.staffname,Use of Collections Information > Staff name
fcart_9-0,uoc.staffRole,uoc.staffrole,Use of Collections Information > Staff role
fcart_9-0,uoc.staffHours,uoc.staffhours,Use of Collections Information > Staff hours spent
fcart_9-0,uoc.staffNote,uoc.staffnote,Use of Collections Information > Staff note
fcart_9-0,uoc.location,uoc.location,Use of Collections Information > Location
fcart_9-0,uoc.feeCurrency,uoc.feecurrency,Use of Collections Information > Fee currency
fcart_9-0,uoc.feeValue,uoc.feevalue,Use of Collections Information > Fee value
fcart_9-0,uoc.feePaid,uoc.feepaid,Use of Collections Information > Fee paid
fcart_9-0,uoc.feeNote,uoc.feenote,Use of Collections Information > Fee note
fcart_9-0,uoc.note,uoc.note,Use of Collections Information > Note
fcart_9-0,uoc.provisos,uoc.provisos,Use of Collections Information > Provisos
fcart_9-0,uoc.obligationsFulfilled,uoc.obligationsfulfilled,Use of Collections Information > Obligations fulfilled
fcart_9-0,uoc.result,uoc.result,Use of Collections Information > Result
fcart_9-0,valuation.valuationcontrolRefNumber,valuation.valuationcontrolrefnumber,Object Valuation Information > Reference number
fcart_9-0,valuation.valueCurrency,valuation.valuecurrency,Object Valuation Information > Amount currency
fcart_9-0,valuation.valueAmount,valuation.valueamount,Object Valuation Information > Amount value
fcart_9-0,valuation.valueDate,valuation.valuedate,Object Valuation Information > Date
fcart_9-0,valuation.valueRenewalDate,valuation.valuerenewaldate,Object Valuation Information > Renewal date
fcart_9-0,valuation.valueSource,valuation.valuesource,Object Valuation Information > Source
fcart_9-0,valuation.valueType,valuation.valuetype,Object Valuation Information > Type
fcart_9-0,valuation.valueNote,valuation.valuenote,Object Valuation Information > Note
fcart_9-0,work.termDisplayName,work.termdisplayname,Work Information > Term display name
fcart_9-0,work.termName,work.termname,Work Information > Term name
fcart_9-0,work.termQualifier,work.termqualifier,Work Information > Term qualifier
fcart_9-0,work.termStatus,work.termstatus,Work Information > Term status
fcart_9-0,work.termType,work.termtype,Work Information > Term type
fcart_9-0,work.termFlag,work.termflag,Work Information > Term flag
fcart_9-0,work.termLanguage,work.termlanguage,Work Information > Term language
fcart_9-0,work.termPrefForLang,work.termprefforlang,Work Information > Term preferred for lang
fcart_9-0,work.termSource,work.termsource,Work Information > Source > Term source name
fcart_9-0,work.termSourceDetail,work.termsourcedetail,Work Information > Source > Term source detail
fcart_9-0,work.termSourceID,work.termsourceid,Work Information > Source > Term source ID
fcart_9-0,work.termSourceNote,work.termsourcenote,Work Information > Source > Term source note
fcart_9-0,work.workType,work.worktype,Work Information > Work type
fcart_9-0,work.workDateGroup,work.workdategroup,Work Information > Work date
fcart_9-0,work.workHistoryNote,work.workhistorynote,Work Information > History note
fcart_9-0,work.creator,work.creator,Work Information > Creator name
fcart_9-0,work.creatorType,work.creatortype,Work Information > Creator type
fcart_9-0,work.publisher,work.publisher,Work Information > Publisher name
fcart_9-0,work.publisherType,work.publishertype,Work Information > Publisher type
fcart_9-0,work.addressPlace1,work.addressplace1,Work Information > Address line 1
fcart_9-0,work.addressPlace2,work.addressplace2,Work Information > Address line 2
fcart_9-0,work.addressMunicipality,work.addressmunicipality,Work Information > Address municipality
fcart_9-0,work.addressStateOrProvince,work.addressstateorprovince,Work Information > Address state/province
fcart_9-0,work.addressPostCode,work.addresspostcode,Work Information > Address postal code
fcart_9-0,work.addressCountry,work.addresscountry,Work Information > Address country
fcart_9-0,work.addressType,work.addresstype,Work Information > Address type
